patch_id,scene_group,grid_col,grid_row,is_positive,n_landslide_pixels,degenerate,role
1,S1,0,0,1,405,0,S1_train
2,S1,1,0,1,937,0,S1_train
3,S1,2,0,0,0,0,S1_train
4,S1,3,0,1,211,0,S1_train
5,S1,4,0,1,265,0,S1_train
6,S1,5,0,1,284,0,S1_train
7,S1,6,0,0,0,0,S1_train
8,S1,7,0,0,0,0,S1_train
9,S1,8,0,1,28,0,S1_train
10,S1,9,0,0,0,0,S1_train
11,S1,10,0,0,0,0,S1_train
12,S1,11,0,0,0,0,S1_train
13,S1,12,0,0,0,0,S1_train
14,S1,13,0,0,0,0,S1_train
15,S1,14,0,0,0,0,S1_train
16,S1,15,0,1,186,0,S1_train
17,S1,16,0,1,44,0,S1_train
18,S1,17,0,0,0,0,S1_train
19,S1,18,0,0,0,0,S1_train
20,S1,19,0,0,0,0,S1_train
21,S1,20,0,0,0,0,S1_train
22,S1,21,0,0,0,0,S1_train
23,S1,22,0,1,1161,0,S1_train
24,S1,23,0,1,253,0,S1_guard
25,S1,24,0,1,79,0,S1_val
26,S1,25,0,1,581,0,S1_val
27,S1,26,0,1,127,0,S1_val
28,S1,27,0,1,951,0,S1_val
29,S1,28,0,1,1068,0,S1_val
30,S1,29,0,1,412,0,S1_val
31,S1,30,0,1,6,0,S1_val
32,S1,31,0,1,18,0,S1_guard
33,S1,32,0,1,85,0,S1_test
34,S1,33,0,1,327,0,S1_test
35,S1,34,0,1,2137,0,S1_test
36,S1,35,0,1,474,0,S1_test
37,S1,36,0,1,228,0,S1_test
38,S1,37,0,1,297,0,S1_test
39,S1,38,0,1,131,0,S1_test
40,S1,39,0,1,151,0,S1_test
41,S1,40,0,1,1074,0,S1_test
42,S1,0,1,1,686,0,S1_train
43,S1,1,1,1,50,0,S1_train
44,S1,2,1,1,38,0,S1_train
45,S1,3,1,0,0,0,S1_train
46,S1,4,1,0,0,0,S1_train
47,S1,5,1,0,0,0,S1_train
48,S1,6,1,0,0,0,S1_train
49,S1,7,1,1,21,0,S1_train
50,S1,8,1,1,29,0,S1_train
51,S1,9,1,1,2009,0,S1_train
52,S1,10,1,0,0,0,S1_train
53,S1,11,1,1,234,0,S1_train
54,S1,12,1,1,50,0,S1_train
55,S1,13,1,0,0,0,S1_train
56,S1,14,1,0,0,0,S1_train
57,S1,15,1,0,0,0,S1_train
58,S1,16,1,1,426,0,S1_train
59,S1,17,1,1,364,0,S1_train
60,S1,18,1,1,41,0,S1_train
61,S1,19,1,0,0,0,S1_train
62,S1,20,1,1,1480,0,S1_train
63,S1,21,1,1,686,0,S1_train
64,S1,22,1,1,270,0,S1_train
65,S1,23,1,1,289,0,S1_guard
66,S1,24,1,1,4,0,S1_val
67,S1,25,1,1,275,0,S1_val
68,S1,26,1,1,81,0,S1_val
69,S1,27,1,1,46,0,S1_val
70,S1,28,1,1,931,0,S1_val
71,S1,29,1,1,426,0,S1_val
72,S1,30,1,1,34,0,S1_val
73,S1,31,1,0,0,0,S1_guard
74,S1,32,1,1,1549,0,S1_test
75,S1,33,1,1,147,0,S1_test
76,S1,34,1,1,1291,0,S1_test
77,S1,35,1,1,96,0,S1_test
78,S1,36,1,1,1163,0,S1_test
79,S1,37,1,0,0,0,S1_test
80,S1,38,1,0,0,0,S1_test
81,S1,39,1,0,0,0,S1_test
82,S1,40,1,1,246,0,S1_test
83,S1,0,2,0,0,0,S1_train
84,S1,1,2,1,133,0,S1_train
85,S1,2,2,1,37,0,S1_train
86,S1,3,2,1,50,0,S1_train
87,S1,4,2,0,0,0,S1_train
88,S1,5,2,1,233,0,S1_train
89,S1,6,2,1,105,0,S1_train
90,S1,7,2,0,0,0,S1_train
91,S1,8,2,1,374,0,S1_train
92,S1,9,2,1,284,0,S1_train
93,S1,10,2,1,231,0,S1_train
94,S1,11,2,1,2,0,S1_train
95,S1,12,2,0,0,0,S1_train
96,S1,13,2,0,0,0,S1_train
97,S1,14,2,0,0,0,S1_train
98,S1,15,2,0,0,0,S1_train
99,S1,16,2,1,935,0,S1_train
100,S1,17,2,1,479,0,S1_train
101,S1,18,2,1,354,0,S1_train
102,S1,19,2,1,311,0,S1_train
103,S1,20,2,1,724,0,S1_train
104,S1,21,2,1,665,0,S1_train
105,S1,22,2,1,918,0,S1_train
106,S1,23,2,1,369,0,S1_guard
107,S1,24,2,0,0,0,S1_val
108,S1,25,2,1,348,0,S1_val
109,S1,26,2,0,0,0,S1_val
110,S1,27,2,0,0,0,S1_val
111,S1,28,2,1,63,0,S1_val
112,S1,29,2,1,925,0,S1_val
113,S1,30,2,1,447,0,S1_val
114,S1,31,2,1,10,0,S1_guard
115,S1,32,2,0,0,0,S1_test
116,S1,33,2,1,93,0,S1_test
117,S1,34,2,1,47,0,S1_test
118,S1,35,2,1,288,0,S1_test
119,S1,36,2,1,297,0,S1_test
120,S1,37,2,1,41,0,S1_test
121,S1,38,2,1,171,0,S1_test
122,S1,39,2,1,11,0,S1_test
123,S1,40,2,0,0,0,S1_test
124,S1,0,3,1,13,0,S1_train
125,S1,1,3,0,0,0,S1_train
126,S1,2,3,0,0,0,S1_train
127,S1,3,3,1,7,0,S1_train
128,S1,4,3,1,187,0,S1_train
129,S1,5,3,0,0,0,S1_train
130,S1,6,3,0,0,0,S1_train
131,S1,7,3,0,0,0,S1_train
132,S1,8,3,1,114,0,S1_train
133,S1,9,3,0,0,0,S1_train
134,S1,10,3,1,176,0,S1_train
135,S1,11,3,1,331,0,S1_train
136,S1,12,3,1,56,0,S1_train
137,S1,13,3,1,398,0,S1_train
138,S1,14,3,0,0,0,S1_train
139,S1,15,3,1,718,0,S1_train
140,S1,16,3,1,1178,0,S1_train
141,S1,17,3,1,824,0,S1_train
142,S1,18,3,1,1036,0,S1_train
143,S1,19,3,1,2187,0,S1_train
144,S1,20,3,1,66,0,S1_train
145,S1,21,3,1,157,0,S1_train
146,S1,22,3,1,98,0,S1_train
147,S1,23,3,1,245,0,S1_guard
148,S1,24,3,1,38,0,S1_val
149,S1,25,3,1,172,0,S1_val
150,S1,26,3,1,1688,0,S1_val
151,S1,27,3,1,52,0,S1_val
152,S1,28,3,1,107,0,S1_val
153,S1,29,3,1,105,0,S1_val
154,S1,30,3,1,178,0,S1_val
155,S1,31,3,1,49,0,S1_guard
156,S1,32,3,0,0,0,S1_test
157,S1,33,3,1,543,0,S1_test
158,S1,34,3,1,349,0,S1_test
159,S1,35,3,0,0,0,S1_test
160,S1,36,3,1,206,0,S1_test
161,S1,37,3,1,209,0,S1_test
162,S1,38,3,1,385,0,S1_test
163,S1,39,3,1,85,0,S1_test
164,S1,40,3,1,58,0,S1_test
165,S1,0,4,1,206,0,S1_train
166,S1,1,4,1,6,0,S1_train
167,S1,2,4,0,0,0,S1_train
168,S1,3,4,1,90,0,S1_train
169,S1,4,4,1,240,0,S1_train
170,S1,5,4,1,366,0,S1_train
171,S1,6,4,0,0,0,S1_train
172,S1,7,4,0,0,0,S1_train
173,S1,8,4,1,15,0,S1_train
174,S1,9,4,0,0,0,S1_train
175,S1,10,4,1,2130,0,S1_train
176,S1,11,4,1,514,0,S1_train
177,S1,12,4,1,922,0,S1_train
178,S1,13,4,1,1639,0,S1_train
179,S1,14,4,1,5,0,S1_train
180,S1,15,4,1,1165,0,S1_train
181,S1,16,4,1,493,0,S1_train
182,S1,17,4,1,362,0,S1_train
183,S1,18,4,1,767,0,S1_train
184,S1,19,4,1,1986,0,S1_train
185,S1,20,4,1,541,0,S1_train
186,S1,21,4,1,637,0,S1_train
187,S1,22,4,1,442,0,S1_train
188,S1,23,4,1,105,0,S1_guard
189,S1,24,4,1,507,0,S1_val
190,S1,25,4,1,26,0,S1_val
191,S1,26,4,1,5235,0,S1_val
192,S1,27,4,1,920,0,S1_val
193,S1,28,4,1,442,0,S1_val
194,S1,29,4,1,15,0,S1_val
195,S1,30,4,1,580,0,S1_val
196,S1,31,4,1,455,0,S1_guard
197,S1,32,4,1,86,0,S1_test
198,S1,33,4,1,107,0,S1_test
199,S1,34,4,1,849,0,S1_test
200,S1,35,4,0,0,0,S1_test
201,S1,36,4,1,87,0,S1_test
202,S1,37,4,1,2955,0,S1_test
203,S1,38,4,1,914,0,S1_test
204,S1,39,4,1,393,0,S1_test
205,S1,40,4,1,68,0,S1_test
206,S1,0,5,0,0,0,S1_train
207,S1,1,5,0,0,0,S1_train
208,S1,2,5,1,45,0,S1_train
209,S1,3,5,1,179,0,S1_train
210,S1,4,5,0,0,0,S1_train
211,S1,5,5,1,3,0,S1_train
212,S1,6,5,0,0,0,S1_train
213,S1,7,5,0,0,0,S1_train
214,S1,8,5,0,0,0,S1_train
215,S1,9,5,1,16,0,S1_train
216,S1,10,5,0,0,0,S1_train
217,S1,11,5,1,32,0,S1_train
218,S1,12,5,0,0,0,S1_train
219,S1,13,5,1,173,0,S1_train
220,S1,14,5,1,253,0,S1_train
221,S1,15,5,1,166,0,S1_train
222,S1,16,5,1,647,0,S1_train
223,S1,17,5,1,442,0,S1_train
224,S1,18,5,1,1216,0,S1_train
225,S1,19,5,1,1313,0,S1_train
226,S1,20,5,1,960,0,S1_train
227,S1,21,5,1,931,0,S1_train
228,S1,22,5,1,513,0,S1_train
229,S1,23,5,1,61,0,S1_guard
230,S1,24,5,1,61,0,S1_val
231,S1,25,5,0,0,0,S1_val
232,S1,26,5,1,782,0,S1_val
233,S1,27,5,1,1025,0,S1_val
234,S1,28,5,1,245,0,S1_val
235,S1,29,5,1,35,0,S1_val
236,S1,30,5,0,0,0,S1_val
237,S1,31,5,1,2016,0,S1_guard
238,S1,32,5,1,755,0,S1_test
239,S1,33,5,1,361,0,S1_test
240,S1,34,5,1,75,0,S1_test
241,S1,35,5,1,2520,0,S1_test
242,S1,36,5,1,85,0,S1_test
243,S1,37,5,1,298,0,S1_test
244,S1,38,5,1,988,0,S1_test
245,S1,39,5,1,74,0,S1_test
246,S1,40,5,0,0,0,S1_test
247,S1,0,6,0,0,0,S1_train
248,S1,1,6,0,0,0,S1_train
249,S1,2,6,0,0,0,S1_train
250,S1,3,6,1,14,0,S1_train
251,S1,4,6,0,0,0,S1_train
252,S1,5,6,1,2,0,S1_train
253,S1,6,6,1,264,0,S1_train
254,S1,7,6,0,0,0,S1_train
255,S1,8,6,0,0,0,S1_train
256,S1,9,6,0,0,0,S1_train
257,S1,10,6,0,0,0,S1_train
258,S1,11,6,0,0,0,S1_train
259,S1,12,6,1,229,0,S1_train
260,S1,13,6,0,0,0,S1_train
261,S1,14,6,1,1219,0,S1_train
262,S1,15,6,1,1998,0,S1_train
263,S1,16,6,1,2818,0,S1_train
264,S1,17,6,1,284,0,S1_train
265,S1,18,6,1,256,0,S1_train
266,S1,19,6,1,292,0,S1_train
267,S1,20,6,1,1274,0,S1_train
268,S1,21,6,1,384,0,S1_train
269,S1,22,6,1,1273,0,S1_train
270,S1,23,6,1,483,0,S1_guard
271,S1,24,6,0,0,0,S1_val
272,S1,25,6,1,26,0,S1_val
273,S1,26,6,1,368,0,S1_val
274,S1,27,6,1,167,0,S1_val
275,S1,28,6,1,247,0,S1_val
276,S1,29,6,0,0,0,S1_val
277,S1,30,6,1,20,0,S1_val
278,S1,31,6,1,1342,0,S1_guard
279,S1,32,6,0,0,0,S1_test
280,S1,33,6,0,0,0,S1_test
281,S1,34,6,0,0,0,S1_test
282,S1,35,6,1,51,0,S1_test
283,S1,36,6,1,1011,0,S1_test
284,S1,37,6,1,1073,0,S1_test
285,S1,38,6,1,2159,0,S1_test
286,S1,39,6,1,778,0,S1_test
287,S1,40,6,1,610,0,S1_test
288,S1,0,7,0,0,0,S1_train
289,S1,1,7,1,95,0,S1_train
290,S1,2,7,0,0,0,S1_train
291,S1,3,7,1,306,0,S1_train
292,S1,4,7,1,199,0,S1_train
293,S1,5,7,0,0,0,S1_train
294,S1,6,7,0,0,0,S1_train
295,S1,7,7,0,0,0,S1_train
296,S1,8,7,0,0,0,S1_train
297,S1,9,7,0,0,0,S1_train
298,S1,10,7,0,0,0,S1_train
299,S1,11,7,1,46,0,S1_train
300,S1,12,7,1,969,0,S1_train
301,S1,13,7,1,41,0,S1_train
302,S1,14,7,1,172,0,S1_train
303,S1,15,7,1,3811,0,S1_train
304,S1,16,7,1,2840,0,S1_train
305,S1,17,7,1,317,0,S1_train
306,S1,18,7,1,178,0,S1_train
307,S1,19,7,1,220,0,S1_train
308,S1,20,7,1,457,0,S1_train
309,S1,21,7,1,36,0,S1_train
310,S1,22,7,1,167,0,S1_train
311,S1,23,7,1,1038,0,S1_guard
312,S1,24,7,1,165,0,S1_val
313,S1,25,7,1,421,0,S1_val
314,S1,26,7,1,782,0,S1_val
315,S1,27,7,1,23,0,S1_val
316,S1,28,7,0,0,0,S1_val
317,S1,29,7,1,66,0,S1_val
318,S1,30,7,0,0,0,S1_val
319,S1,31,7,0,0,0,S1_guard
320,S1,32,7,1,46,0,S1_test
321,S1,33,7,1,341,0,S1_test
322,S1,34,7,1,32,0,S1_test
323,S1,35,7,0,0,0,S1_test
324,S1,36,7,1,116,0,S1_test
325,S1,37,7,1,384,0,S1_test
326,S1,38,7,1,1841,0,S1_test
327,S1,39,7,1,1834,0,S1_test
328,S1,40,7,1,1457,0,S1_test
329,S1,0,8,0,0,0,S1_train
330,S1,1,8,1,152,0,S1_train
331,S1,2,8,0,0,0,S1_train
332,S1,3,8,0,0,0,S1_train
333,S1,4,8,1,210,0,S1_train
334,S1,5,8,1,258,0,S1_train
335,S1,6,8,1,78,0,S1_train
336,S1,7,8,0,0,0,S1_train
337,S1,8,8,0,0,0,S1_train
338,S1,9,8,0,0,0,S1_train
339,S1,10,8,1,108,0,S1_train
340,S1,11,8,1,1792,0,S1_train
341,S1,12,8,1,3,0,S1_train
342,S1,13,8,1,1302,0,S1_train
343,S1,14,8,1,2245,0,S1_train
344,S1,15,8,1,1984,0,S1_train
345,S1,16,8,1,1805,0,S1_train
346,S1,17,8,1,1480,0,S1_train
347,S1,18,8,1,561,0,S1_train
348,S1,19,8,1,470,0,S1_train
349,S1,20,8,1,518,0,S1_train
350,S1,21,8,0,0,0,S1_train
351,S1,22,8,1,2883,0,S1_train
352,S1,23,8,1,1166,0,S1_guard
353,S1,24,8,1,608,0,S1_val
354,S1,25,8,1,177,0,S1_val
355,S1,26,8,1,276,0,S1_val
356,S1,27,8,1,141,0,S1_val
357,S1,28,8,0,0,0,S1_val
358,S1,29,8,1,278,0,S1_val
359,S1,30,8,1,683,0,S1_val
360,S1,31,8,1,218,0,S1_guard
361,S1,32,8,1,70,0,S1_test
362,S1,33,8,1,13,0,S1_test
363,S1,34,8,1,941,0,S1_test
364,S1,35,8,1,82,0,S1_test
365,S1,36,8,1,25,0,S1_test
366,S1,37,8,1,671,0,S1_test
367,S1,38,8,1,1117,0,S1_test
368,S1,39,8,1,932,0,S1_test
369,S1,40,8,1,378,0,S1_test
370,S1,0,9,0,0,0,S1_train
371,S1,1,9,0,0,0,S1_train
372,S1,2,9,0,0,0,S1_train
373,S1,3,9,1,65,0,S1_train
374,S1,4,9,0,0,0,S1_train
375,S1,5,9,1,124,0,S1_train
376,S1,6,9,1,648,0,S1_train
377,S1,7,9,1,47,0,S1_train
378,S1,8,9,0,0,0,S1_train
379,S1,9,9,0,0,0,S1_train
380,S1,10,9,1,188,0,S1_train
381,S1,11,9,1,1067,0,S1_train
382,S1,12,9,1,1858,0,S1_train
383,S1,13,9,1,2223,0,S1_train
384,S1,14,9,1,1487,0,S1_train
385,S1,15,9,1,1723,0,S1_train
386,S1,16,9,1,2383,0,S1_train
387,S1,17,9,1,415,0,S1_train
388,S1,18,9,1,91,0,S1_train
389,S1,19,9,0,0,0,S1_train
390,S1,20,9,1,347,0,S1_train
391,S1,21,9,1,1241,0,S1_train
392,S1,22,9,1,569,0,S1_train
393,S1,23,9,1,265,0,S1_guard
394,S1,24,9,1,42,0,S1_val
395,S1,25,9,1,265,0,S1_val
396,S1,26,9,1,82,0,S1_val
397,S1,27,9,1,94,0,S1_val
398,S1,28,9,1,226,0,S1_val
399,S1,29,9,1,867,0,S1_val
400,S1,30,9,1,81,0,S1_val
401,S1,31,9,1,38,0,S1_guard
402,S1,32,9,0,0,0,S1_test
403,S1,33,9,0,0,0,S1_test
404,S1,34,9,0,0,0,S1_test
405,S1,35,9,1,67,0,S1_test
406,S1,36,9,1,59,0,S1_test
407,S1,37,9,0,0,0,S1_test
408,S1,38,9,0,0,0,S1_test
409,S1,39,9,1,234,0,S1_test
410,S1,40,9,1,355,0,S1_test
411,S1,0,10,0,0,0,S1_train
412,S1,1,10,0,0,0,S1_train
413,S1,2,10,0,0,0,S1_train
414,S1,3,10,0,0,0,S1_train
415,S1,4,10,0,0,0,S1_train
416,S1,5,10,1,47,0,S1_train
417,S1,6,10,0,0,0,S1_train
418,S1,7,10,0,0,0,S1_train
419,S1,8,10,0,0,0,S1_train
420,S1,9,10,1,176,0,S1_train
421,S1,10,10,1,791,0,S1_train
422,S1,11,10,1,648,0,S1_train
423,S1,12,10,1,1611,0,S1_train
424,S1,13,10,1,2424,0,S1_train
425,S1,14,10,1,202,0,S1_train
426,S1,15,10,1,621,0,S1_train
427,S1,16,10,1,1948,0,S1_train
428,S1,17,10,1,52,0,S1_train
429,S1,18,10,1,101,0,S1_train
430,S1,19,10,1,81,0,S1_train
431,S1,20,10,0,0,0,S1_train
432,S1,21,10,1,500,0,S1_train
433,S1,22,10,1,1040,0,S1_train
434,S1,23,10,1,3,0,S1_guard
435,S1,24,10,1,56,0,S1_val
436,S1,25,10,1,1048,0,S1_val
437,S1,26,10,1,369,0,S1_val
438,S1,27,10,1,188,0,S1_val
439,S1,28,10,1,495,0,S1_val
440,S1,29,10,1,361,0,S1_val
441,S1,30,10,1,128,0,S1_val
442,S1,31,10,1,503,0,S1_guard
443,S1,32,10,0,0,0,S1_test
444,S1,33,10,1,53,0,S1_test
445,S1,34,10,1,1328,0,S1_test
446,S1,35,10,1,278,0,S1_test
447,S1,36,10,1,226,0,S1_test
448,S1,37,10,0,0,0,S1_test
449,S1,38,10,0,0,0,S1_test
450,S1,39,10,1,241,0,S1_test
451,S1,40,10,1,1034,0,S1_test
452,S1,0,11,0,0,0,S1_train
453,S1,1,11,0,0,0,S1_train
454,S1,2,11,1,68,0,S1_train
455,S1,3,11,0,0,0,S1_train
456,S1,4,11,0,0,0,S1_train
457,S1,5,11,0,0,0,S1_train
458,S1,6,11,1,182,0,S1_train
459,S1,7,11,1,244,0,S1_train
460,S1,8,11,0,0,0,S1_train
461,S1,9,11,1,511,0,S1_train
462,S1,10,11,1,1199,0,S1_train
463,S1,11,11,1,1001,0,S1_train
464,S1,12,11,1,484,0,S1_train
465,S1,13,11,1,575,0,S1_train
466,S1,14,11,1,1204,0,S1_train
467,S1,15,11,1,134,0,S1_train
468,S1,16,11,1,360,0,S1_train
469,S1,17,11,1,669,0,S1_train
470,S1,18,11,0,0,0,S1_train
471,S1,19,11,1,87,0,S1_train
472,S1,20,11,1,266,0,S1_train
473,S1,21,11,1,2207,0,S1_train
474,S1,22,11,1,3819,0,S1_train
475,S1,23,11,1,2179,0,S1_guard
476,S1,24,11,1,24,0,S1_val
477,S1,25,11,1,2153,0,S1_val
478,S1,26,11,1,745,0,S1_val
479,S1,27,11,1,332,0,S1_val
480,S1,28,11,1,165,0,S1_val
481,S1,29,11,1,121,0,S1_val
482,S1,30,11,1,47,0,S1_val
483,S1,31,11,1,1929,0,S1_guard
484,S1,32,11,0,0,0,S1_test
485,S1,33,11,1,48,0,S1_test
486,S1,34,11,1,103,0,S1_test
487,S1,35,11,0,0,0,S1_test
488,S1,36,11,0,0,0,S1_test
489,S1,37,11,0,0,0,S1_test
490,S1,38,11,0,0,0,S1_test
491,S1,39,11,0,0,0,S1_test
492,S1,40,11,1,87,0,S1_test
493,S1,0,12,0,0,0,S1_train
494,S1,1,12,1,71,0,S1_train
495,S1,2,12,1,107,0,S1_train
496,S1,3,12,1,49,0,S1_train
497,S1,4,12,1,96,0,S1_train
498,S1,5,12,0,0,0,S1_train
499,S1,6,12,0,0,0,S1_train
500,S1,7,12,1,160,0,S1_train
501,S1,8,12,1,1354,0,S1_train
502,S1,9,12,1,491,0,S1_train
503,S1,10,12,1,13,0,S1_train
504,S1,11,12,1,70,0,S1_train
505,S1,12,12,1,354,0,S1_train
506,S1,13,12,1,150,0,S1_train
507,S1,14,12,1,146,0,S1_train
508,S1,15,12,1,454,0,S1_train
509,S1,16,12,1,1247,0,S1_train
510,S1,17,12,1,349,0,S1_train
511,S1,18,12,1,102,0,S1_train
512,S1,19,12,1,4837,0,S1_train
513,S1,20,12,1,1121,0,S1_train
514,S1,21,12,1,1814,0,S1_train
515,S1,22,12,1,6832,0,S1_train
516,S1,23,12,1,1791,0,S1_guard
517,S1,24,12,1,1031,0,S1_val
518,S1,25,12,1,3831,0,S1_val
519,S1,26,12,1,6286,0,S1_val
520,S1,27,12,1,1937,0,S1_val
521,S1,28,12,1,622,0,S1_val
522,S1,29,12,1,552,0,S1_val
523,S1,30,12,1,8,0,S1_val
524,S1,31,12,0,0,0,S1_guard
525,S1,32,12,1,39,0,S1_test
526,S1,33,12,0,0,0,S1_test
527,S1,34,12,1,197,0,S1_test
528,S1,35,12,1,31,0,S1_test
529,S1,36,12,1,23,0,S1_test
530,S1,37,12,0,0,0,S1_test
531,S1,38,12,1,319,0,S1_test
532,S1,39,12,0,0,0,S1_test
533,S1,40,12,1,104,0,S1_test
534,S1,0,13,1,119,0,S1_train
535,S1,1,13,1,11,0,S1_train
536,S1,2,13,1,39,0,S1_train
537,S1,3,13,1,58,0,S1_train
538,S1,4,13,1,85,0,S1_train
539,S1,5,13,0,0,0,S1_train
540,S1,6,13,0,0,0,S1_train
541,S1,7,13,1,285,0,S1_train
542,S1,8,13,1,1105,0,S1_train
543,S1,9,13,1,1241,0,S1_train
544,S1,10,13,0,0,0,S1_train
545,S1,11,13,0,0,0,S1_train
546,S1,12,13,0,0,0,S1_train
547,S1,13,13,1,1204,0,S1_train
548,S1,14,13,1,1423,0,S1_train
549,S1,15,13,1,373,0,S1_train
550,S1,16,13,1,3073,0,S1_train
551,S1,17,13,0,0,0,S1_train
552,S1,18,13,1,239,0,S1_train
553,S1,19,13,1,3066,0,S1_train
554,S1,20,13,1,2213,0,S1_train
555,S1,21,13,1,2349,0,S1_train
556,S1,22,13,1,1404,0,S1_train
557,S1,23,13,1,918,0,S1_guard
558,S1,24,13,1,1539,0,S1_val
559,S1,25,13,1,993,0,S1_val
560,S1,26,13,1,1232,0,S1_val
561,S1,27,13,1,1422,0,S1_val
562,S1,28,13,1,906,0,S1_val
563,S1,29,13,1,729,0,S1_val
564,S1,30,13,1,285,0,S1_val
565,S1,31,13,0,0,0,S1_guard
566,S1,32,13,1,51,0,S1_test
567,S1,33,13,1,68,0,S1_test
568,S1,34,13,0,0,0,S1_test
569,S1,35,13,0,0,0,S1_test
570,S1,36,13,1,12,0,S1_test
571,S1,37,13,0,0,0,S1_test
572,S1,38,13,0,0,0,S1_test
573,S1,39,13,0,0,0,S1_test
574,S1,40,13,0,0,0,S1_test
575,S1,0,14,0,0,0,S1_train
576,S1,1,14,1,168,0,S1_train
577,S1,2,14,1,13,0,S1_train
578,S1,3,14,0,0,0,S1_train
579,S1,4,14,0,0,0,S1_train
580,S1,5,14,0,0,0,S1_train
581,S1,6,14,0,0,0,S1_train
582,S1,7,14,1,1108,0,S1_train
583,S1,8,14,1,133,0,S1_train
584,S1,9,14,1,317,0,S1_train
585,S1,10,14,1,2288,0,S1_train
586,S1,11,14,1,986,0,S1_train
587,S1,12,14,1,236,0,S1_train
588,S1,13,14,1,706,0,S1_train
589,S1,14,14,1,1236,0,S1_train
590,S1,15,14,1,1545,0,S1_train
591,S1,16,14,1,2657,0,S1_train
592,S1,17,14,1,1489,0,S1_train
593,S1,18,14,1,2093,0,S1_train
594,S1,19,14,1,1674,0,S1_train
595,S1,20,14,1,1325,0,S1_train
596,S1,21,14,1,1210,0,S1_train
597,S1,22,14,1,1642,0,S1_train
598,S1,23,14,1,1824,0,S1_guard
599,S1,24,14,1,637,0,S1_val
600,S1,25,14,1,272,0,S1_val
601,S1,26,14,1,446,0,S1_val
602,S1,27,14,1,78,0,S1_val
603,S1,28,14,1,1123,0,S1_val
604,S1,29,14,1,96,0,S1_val
605,S1,30,14,1,259,0,S1_val
606,S1,31,14,1,179,0,S1_guard
607,S1,32,14,1,396,0,S1_test
608,S1,33,14,1,685,0,S1_test
609,S1,34,14,1,1126,0,S1_test
610,S1,35,14,0,0,0,S1_test
611,S1,36,14,0,0,0,S1_test
612,S1,37,14,0,0,0,S1_test
613,S1,38,14,0,0,0,S1_test
614,S1,39,14,0,0,0,S1_test
615,S1,40,14,0,0,0,S1_test
616,S1,0,15,0,0,0,S1_train
617,S1,1,15,0,0,0,S1_train
618,S1,2,15,0,0,0,S1_train
619,S1,3,15,0,0,0,S1_train
620,S1,4,15,0,0,0,S1_train
621,S1,5,15,0,0,0,S1_train
622,S1,6,15,1,370,0,S1_train
623,S1,7,15,1,500,0,S1_train
624,S1,8,15,1,393,0,S1_train
625,S1,9,15,1,3267,0,S1_train
626,S1,10,15,1,1351,0,S1_train
627,S1,11,15,0,0,0,S1_train
628,S1,12,15,0,0,0,S1_train
629,S1,13,15,1,790,0,S1_train
630,S1,14,15,1,724,0,S1_train
631,S1,15,15,1,853,0,S1_train
632,S1,16,15,1,327,0,S1_train
633,S1,17,15,1,88,0,S1_train
634,S1,18,15,1,534,0,S1_train
635,S1,19,15,1,125,0,S1_train
636,S1,20,15,1,612,0,S1_train
637,S1,21,15,0,0,0,S1_train
638,S1,22,15,1,421,0,S1_train
639,S1,23,15,1,800,0,S1_guard
640,S1,24,15,1,108,0,S1_val
641,S1,25,15,1,369,0,S1_val
642,S1,26,15,1,60,0,S1_val
643,S1,27,15,1,61,0,S1_val
644,S1,28,15,1,90,0,S1_val
645,S1,29,15,1,359,0,S1_val
646,S1,30,15,1,967,0,S1_val
647,S1,31,15,1,115,0,S1_guard
648,S1,32,15,0,0,0,S1_test
649,S1,33,15,1,525,0,S1_test
650,S1,34,15,1,322,0,S1_test
651,S1,35,15,1,811,0,S1_test
652,S1,36,15,1,24,0,S1_test
653,S1,37,15,1,116,0,S1_test
654,S1,38,15,0,0,0,S1_test
655,S1,39,15,1,85,0,S1_test
656,S1,40,15,1,4,0,S1_test
657,S1,0,16,1,72,0,S1_train
658,S1,1,16,1,32,0,S1_train
659,S1,2,16,0,0,0,S1_train
660,S1,3,16,0,0,0,S1_train
661,S1,4,16,0,0,0,S1_train
662,S1,5,16,0,0,0,S1_train
663,S1,6,16,0,0,0,S1_train
664,S1,7,16,1,24,0,S1_train
665,S1,8,16,1,49,0,S1_train
666,S1,9,16,1,14,0,S1_train
667,S1,10,16,1,86,0,S1_train
668,S1,11,16,1,589,0,S1_train
669,S1,12,16,1,596,0,S1_train
670,S1,13,16,1,100,0,S1_train
671,S1,14,16,1,181,0,S1_train
672,S1,15,16,0,0,0,S1_train
673,S1,16,16,1,63,0,S1_train
674,S1,17,16,0,0,0,S1_train
675,S1,18,16,1,78,0,S1_train
676,S1,19,16,1,12,0,S1_train
677,S1,20,16,0,0,0,S1_train
678,S1,21,16,0,0,0,S1_train
679,S1,22,16,1,838,0,S1_train
680,S1,23,16,1,842,0,S1_guard
681,S1,24,16,1,1278,0,S1_val
682,S1,25,16,1,228,0,S1_val
683,S1,26,16,1,1712,0,S1_val
684,S1,27,16,1,7788,0,S1_val
685,S1,28,16,1,574,0,S1_val
686,S1,29,16,1,84,0,S1_val
687,S1,30,16,1,27,0,S1_val
688,S1,31,16,1,6,0,S1_guard
689,S1,32,16,1,168,0,S1_test
690,S1,33,16,1,95,0,S1_test
691,S1,34,16,0,0,0,S1_test
692,S1,35,16,0,0,0,S1_test
693,S1,36,16,0,0,0,S1_test
694,S1,37,16,1,2,0,S1_test
695,S1,38,16,1,58,0,S1_test
696,S1,39,16,1,5,0,S1_test
697,S1,40,16,1,287,0,S1_test
698,S1,0,17,0,0,0,S1_train
699,S1,1,17,0,0,0,S1_train
700,S1,2,17,1,225,0,S1_train
701,S1,3,17,0,0,0,S1_train
702,S1,4,17,0,0,0,S1_train
703,S1,5,17,0,0,0,S1_train
704,S1,6,17,0,0,0,S1_train
705,S1,7,17,0,0,0,S1_train
706,S1,8,17,1,123,0,S1_train
707,S1,9,17,0,0,0,S1_train
708,S1,10,17,0,0,0,S1_train
709,S1,11,17,0,0,0,S1_train
710,S1,12,17,0,0,0,S1_train
711,S1,13,17,1,63,0,S1_train
712,S1,14,17,1,806,0,S1_train
713,S1,15,17,1,53,0,S1_train
714,S1,16,17,1,234,0,S1_train
715,S1,17,17,1,11,0,S1_train
716,S1,18,17,0,0,0,S1_train
717,S1,19,17,1,24,0,S1_train
718,S1,20,17,0,0,0,S1_train
719,S1,21,17,1,780,0,S1_train
720,S1,22,17,1,677,0,S1_train
721,S1,23,17,1,469,0,S1_guard
722,S1,24,17,1,100,0,S1_val
723,S1,25,17,1,4396,0,S1_val
724,S1,26,17,1,4055,0,S1_val
725,S1,27,17,1,786,0,S1_val
726,S1,28,17,1,380,0,S1_val
727,S1,29,17,1,91,0,S1_val
728,S1,30,17,0,0,0,S1_val
729,S1,31,17,1,1473,0,S1_guard
730,S1,32,17,1,748,0,S1_test
731,S1,33,17,0,0,0,S1_test
732,S1,34,17,0,0,0,S1_test
733,S1,35,17,1,205,0,S1_test
734,S1,36,17,0,0,0,S1_test
735,S1,37,17,0,0,0,S1_test
736,S1,38,17,1,25,0,S1_test
737,S1,39,17,1,178,0,S1_test
738,S1,40,17,1,108,0,S1_test
739,S1,0,18,1,136,0,S1_train
740,S1,1,18,1,69,0,S1_train
741,S1,2,18,1,462,0,S1_train
742,S1,3,18,1,75,0,S1_train
743,S1,4,18,1,37,0,S1_train
744,S1,5,18,0,0,0,S1_train
745,S1,6,18,0,0,0,S1_train
746,S1,7,18,0,0,0,S1_train
747,S1,8,18,1,290,0,S1_train
748,S1,9,18,1,55,0,S1_train
749,S1,10,18,1,403,0,S1_train
750,S1,11,18,0,0,0,S1_train
751,S1,12,18,0,0,0,S1_train
752,S1,13,18,1,1172,0,S1_train
753,S1,14,18,1,251,0,S1_train
754,S1,15,18,1,71,0,S1_train
755,S1,16,18,0,0,0,S1_train
756,S1,17,18,1,520,0,S1_train
757,S1,18,18,1,806,0,S1_train
758,S1,19,18,1,248,0,S1_train
759,S1,20,18,0,0,0,S1_train
760,S1,21,18,1,1499,0,S1_train
761,S1,22,18,1,720,0,S1_train
762,S1,23,18,1,567,0,S1_guard
763,S1,24,18,1,2781,0,S1_val
764,S1,25,18,1,4721,0,S1_val
765,S1,26,18,1,2155,0,S1_val
766,S1,27,18,1,718,0,S1_val
767,S1,28,18,1,463,0,S1_val
768,S1,29,18,1,184,0,S1_val
769,S1,30,18,1,114,0,S1_val
770,S1,31,18,1,148,0,S1_guard
771,S1,32,18,1,137,0,S1_test
772,S1,33,18,0,0,0,S1_test
773,S1,34,18,1,302,0,S1_test
774,S1,35,18,1,222,0,S1_test
775,S1,36,18,0,0,0,S1_test
776,S1,37,18,0,0,0,S1_test
777,S1,38,18,1,20,0,S1_test
778,S1,39,18,1,58,0,S1_test
779,S1,40,18,0,0,0,S1_test
780,S1,0,19,1,76,0,S1_train
781,S1,1,19,0,0,0,S1_train
782,S1,2,19,1,201,0,S1_train
783,S1,3,19,0,0,0,S1_train
784,S1,4,19,0,0,0,S1_train
785,S1,5,19,0,0,0,S1_train
786,S1,6,19,1,138,0,S1_train
787,S1,7,19,0,0,0,S1_train
788,S1,8,19,0,0,0,S1_train
789,S1,9,19,1,246,0,S1_train
790,S1,10,19,1,703,0,S1_train
791,S1,11,19,1,68,0,S1_train
792,S1,12,19,0,0,0,S1_train
793,S1,13,19,1,123,0,S1_train
794,S1,14,19,1,401,0,S1_train
795,S1,15,19,1,53,0,S1_train
796,S1,16,19,1,626,0,S1_train
797,S1,17,19,1,42,0,S1_train
798,S1,18,19,0,0,0,S1_train
799,S1,19,19,0,0,0,S1_train
800,S1,20,19,1,107,0,S1_train
801,S1,21,19,1,1389,0,S1_train
802,S1,22,19,1,782,0,S1_train
803,S1,23,19,1,662,0,S1_guard
804,S1,24,19,1,1361,0,S1_val
805,S1,25,19,1,253,0,S1_val
806,S1,26,19,1,1298,0,S1_val
807,S1,27,19,1,71,0,S1_val
808,S1,28,19,1,488,0,S1_val
809,S1,29,19,1,783,0,S1_val
810,S1,30,19,1,52,0,S1_val
811,S1,31,19,1,158,0,S1_guard
812,S1,32,19,1,44,0,S1_test
813,S1,33,19,0,0,0,S1_test
814,S1,34,19,0,0,0,S1_test
815,S1,35,19,0,0,0,S1_test
816,S1,36,19,0,0,0,S1_test
817,S1,37,19,1,25,0,S1_test
818,S1,38,19,1,87,0,S1_test
819,S1,39,19,0,0,0,S1_test
820,S1,40,19,0,0,0,S1_test
821,S1,0,20,0,0,0,S1_train
822,S1,1,20,1,226,0,S1_train
823,S1,2,20,1,49,0,S1_train
824,S1,3,20,1,22,0,S1_train
825,S1,4,20,1,152,0,S1_train
826,S1,5,20,0,0,0,S1_train
827,S1,6,20,1,17,0,S1_train
828,S1,7,20,0,0,0,S1_train
829,S1,8,20,1,42,0,S1_train
830,S1,9,20,1,3289,0,S1_train
831,S1,10,20,1,1733,0,S1_train
832,S1,11,20,1,753,0,S1_train
833,S1,12,20,1,871,0,S1_train
834,S1,13,20,1,649,0,S1_train
835,S1,14,20,1,82,0,S1_train
836,S1,15,20,1,886,0,S1_train
837,S1,16,20,1,293,0,S1_train
838,S1,17,20,1,295,0,S1_train
839,S1,18,20,1,95,0,S1_train
840,S1,19,20,1,188,0,S1_train
841,S1,20,20,1,117,0,S1_train
842,S1,21,20,1,1386,0,S1_train
843,S1,22,20,1,300,0,S1_train
844,S1,23,20,1,790,0,S1_guard
845,S1,24,20,1,929,0,S1_val
846,S1,25,20,1,456,0,S1_val
847,S1,26,20,1,90,0,S1_val
848,S1,27,20,1,555,0,S1_val
849,S1,28,20,1,362,0,S1_val
850,S1,29,20,1,39,0,S1_val
851,S1,30,20,0,0,0,S1_val
852,S1,31,20,1,292,0,S1_guard
853,S1,32,20,1,344,0,S1_test
854,S1,33,20,1,49,0,S1_test
855,S1,34,20,1,58,0,S1_test
856,S1,35,20,0,0,0,S1_test
857,S1,36,20,0,0,0,S1_test
858,S1,37,20,1,111,0,S1_test
859,S1,38,20,0,0,0,S1_test
860,S1,39,20,0,0,0,S1_test
861,S1,40,20,0,0,0,S1_test
862,S1,0,21,1,73,0,S1_train
863,S1,1,21,1,91,0,S1_train
864,S1,2,21,1,159,0,S1_train
865,S1,3,21,1,17,0,S1_train
866,S1,4,21,0,0,0,S1_train
867,S1,5,21,1,391,0,S1_train
868,S1,6,21,1,156,0,S1_train
869,S1,7,21,1,109,0,S1_train
870,S1,8,21,0,0,0,S1_train
871,S1,9,21,1,2301,0,S1_train
872,S1,10,21,1,7422,0,S1_train
873,S1,11,21,1,7168,0,S1_train
874,S1,12,21,1,647,0,S1_train
875,S1,13,21,1,383,0,S1_train
876,S1,14,21,1,157,0,S1_train
877,S1,15,21,1,120,0,S1_train
878,S1,16,21,1,105,0,S1_train
879,S1,17,21,1,857,0,S1_train
880,S1,18,21,1,698,0,S1_train
881,S1,19,21,1,387,0,S1_train
882,S1,20,21,1,462,0,S1_train
883,S1,21,21,1,4148,0,S1_train
884,S1,22,21,1,814,0,S1_train
885,S1,23,21,1,1871,0,S1_guard
886,S1,24,21,1,3211,0,S1_val
887,S1,25,21,1,285,0,S1_val
888,S1,26,21,1,107,0,S1_val
889,S1,27,21,1,99,0,S1_val
890,S1,28,21,1,1234,0,S1_val
891,S1,29,21,1,369,0,S1_val
892,S1,30,21,0,0,0,S1_val
893,S1,31,21,1,225,0,S1_guard
894,S1,32,21,1,93,0,S1_test
895,S1,33,21,0,0,0,S1_test
896,S1,34,21,1,32,0,S1_test
897,S1,35,21,0,0,0,S1_test
898,S1,36,21,1,18,0,S1_test
899,S1,37,21,1,36,0,S1_test
900,S1,38,21,1,31,0,S1_test
901,S1,39,21,0,0,0,S1_test
902,S1,40,21,0,0,0,S1_test
903,S1,0,22,1,52,0,S1_train
904,S1,1,22,1,186,0,S1_train
905,S1,2,22,1,99,0,S1_train
906,S1,3,22,1,638,0,S1_train
907,S1,4,22,1,116,0,S1_train
908,S1,5,22,1,95,0,S1_train
909,S1,6,22,1,114,0,S1_train
910,S1,7,22,1,544,0,S1_train
911,S1,8,22,1,64,0,S1_train
912,S1,9,22,1,122,0,S1_train
913,S1,10,22,1,695,0,S1_train
914,S1,11,22,1,1000,0,S1_train
915,S1,12,22,1,1147,0,S1_train
916,S1,13,22,1,32,0,S1_train
917,S1,14,22,1,167,0,S1_train
918,S1,15,22,1,305,0,S1_train
919,S1,16,22,1,588,0,S1_train
920,S1,17,22,1,37,0,S1_train
921,S1,18,22,1,1593,0,S1_train
922,S1,19,22,1,454,0,S1_train
923,S1,20,22,1,568,0,S1_train
924,S1,21,22,1,534,0,S1_train
925,S1,22,22,1,616,0,S1_train
926,S1,23,22,1,1722,0,S1_guard
927,S1,24,22,1,700,0,S1_val
928,S1,25,22,1,531,0,S1_val
929,S1,26,22,1,278,0,S1_val
930,S1,27,22,1,285,0,S1_val
931,S1,28,22,1,79,0,S1_val
932,S1,29,22,1,896,0,S1_val
933,S1,30,22,0,0,0,S1_val
934,S1,31,22,1,2102,0,S1_guard
935,S1,32,22,0,0,0,S1_test
936,S1,33,22,1,29,0,S1_test
937,S1,34,22,0,0,0,S1_test
938,S1,35,22,0,0,0,S1_test
939,S1,36,22,0,0,0,S1_test
940,S1,37,22,1,116,0,S1_test
941,S1,38,22,1,27,0,S1_test
942,S1,39,22,0,0,0,S1_test
943,S1,40,22,0,0,0,S1_test
944,S1,0,23,1,455,0,S1_train
945,S1,1,23,1,74,0,S1_train
946,S1,2,23,1,188,0,S1_train
947,S1,3,23,1,365,0,S1_train
948,S1,4,23,1,396,0,S1_train
949,S1,5,23,0,0,0,S1_train
950,S1,6,23,0,0,0,S1_train
951,S1,7,23,1,231,0,S1_train
952,S1,8,23,1,363,0,S1_train
953,S1,9,23,1,23,0,S1_train
954,S1,10,23,1,397,0,S1_train
955,S1,11,23,1,156,0,S1_train
956,S1,12,23,1,55,0,S1_train
957,S1,13,23,1,285,0,S1_train
958,S1,14,23,1,847,0,S1_train
959,S1,15,23,1,454,0,S1_train
960,S1,16,23,1,455,0,S1_train
961,S1,17,23,1,89,0,S1_train
962,S1,18,23,1,135,0,S1_train
963,S1,19,23,1,524,0,S1_train
964,S1,20,23,1,509,0,S1_train
965,S1,21,23,1,113,0,S1_train
966,S1,22,23,1,433,0,S1_train
967,S1,23,23,1,275,0,S1_guard
968,S1,24,23,1,510,0,S1_val
969,S1,25,23,1,393,0,S1_val
970,S1,26,23,1,121,0,S1_val
971,S1,27,23,1,525,0,S1_val
972,S1,28,23,1,564,0,S1_val
973,S1,29,23,1,781,0,S1_val
974,S1,30,23,1,190,0,S1_val
975,S1,31,23,1,517,0,S1_guard
976,S1,32,23,1,36,0,S1_test
977,S1,33,23,1,29,0,S1_test
978,S1,34,23,1,92,0,S1_test
979,S1,35,23,0,0,0,S1_test
980,S1,36,23,0,0,0,S1_test
981,S1,37,23,1,145,0,S1_test
982,S1,38,23,0,0,0,S1_test
983,S1,39,23,0,0,0,S1_test
984,S1,40,23,0,0,0,S1_test
985,S1,0,24,1,633,0,S1_train
986,S1,1,24,1,223,0,S1_train
987,S1,2,24,1,161,0,S1_train
988,S1,3,24,1,1,0,S1_train
989,S1,4,24,1,248,0,S1_train
990,S1,5,24,1,80,0,S1_train
991,S1,6,24,1,20,0,S1_train
992,S1,7,24,1,20,0,S1_train
993,S1,8,24,1,438,0,S1_train
994,S1,9,24,1,501,0,S1_train
995,S1,10,24,1,28,0,S1_train
996,S1,11,24,1,524,0,S1_train
997,S1,12,24,0,0,0,S1_train
998,S1,13,24,0,0,0,S1_train
999,S1,14,24,1,769,0,S1_train
1000,S1,15,24,1,35,0,S1_train
1001,S1,16,24,1,1979,0,S1_train
1002,S1,17,24,1,810,0,S1_train
1003,S1,18,24,1,716,0,S1_train
1004,S1,19,24,1,1302,0,S1_train
1005,S1,20,24,1,606,0,S1_train
1006,S1,21,24,1,775,0,S1_train
1007,S1,22,24,1,1537,0,S1_train
1008,S1,23,24,1,1607,0,S1_guard
1009,S1,24,24,1,1457,0,S1_val
1010,S1,25,24,1,518,0,S1_val
1011,S1,26,24,1,712,0,S1_val
1012,S1,27,24,1,107,0,S1_val
1013,S1,28,24,1,349,0,S1_val
1014,S1,29,24,1,83,0,S1_val
1015,S1,30,24,1,465,0,S1_val
1016,S1,31,24,1,841,0,S1_guard
1017,S1,32,24,1,83,0,S1_test
1018,S1,33,24,1,81,0,S1_test
1019,S1,34,24,0,0,0,S1_test
1020,S1,35,24,1,90,0,S1_test
1021,S1,36,24,0,0,0,S1_test
1022,S1,37,24,1,27,0,S1_test
1023,S1,38,24,0,0,0,S1_test
1024,S1,39,24,0,0,0,S1_test
1025,S1,40,24,0,0,0,S1_test
1026,S1,0,25,1,979,0,S1_train
1027,S1,1,25,1,495,0,S1_train
1028,S1,2,25,1,1539,0,S1_train
1029,S1,3,25,1,291,0,S1_train
1030,S1,4,25,0,0,0,S1_train
1031,S1,5,25,1,149,0,S1_train
1032,S1,6,25,1,213,0,S1_train
1033,S1,7,25,1,115,0,S1_train
1034,S1,8,25,1,733,0,S1_train
1035,S1,9,25,1,295,0,S1_train
1036,S1,10,25,1,119,0,S1_train
1037,S1,11,25,1,14,0,S1_train
1038,S1,12,25,1,68,0,S1_train
1039,S1,13,25,1,130,0,S1_train
1040,S1,14,25,0,0,0,S1_train
1041,S1,15,25,0,0,0,S1_train
1042,S1,16,25,0,0,0,S1_train
1043,S1,17,25,1,2104,0,S1_train
1044,S1,18,25,1,914,0,S1_train
1045,S1,19,25,1,1298,0,S1_train
1046,S1,20,25,1,285,0,S1_train
1047,S1,21,25,1,573,0,S1_train
1048,S1,22,25,1,43,0,S1_train
1049,S1,23,25,1,1103,0,S1_guard
1050,S1,24,25,1,290,0,S1_val
1051,S1,25,25,1,274,0,S1_val
1052,S1,26,25,1,185,0,S1_val
1053,S1,27,25,1,380,0,S1_val
1054,S1,28,25,1,250,0,S1_val
1055,S1,29,25,1,185,0,S1_val
1056,S1,30,25,1,195,0,S1_val
1057,S1,31,25,0,0,0,S1_guard
1058,S1,32,25,0,0,0,S1_test
1059,S1,33,25,1,1006,0,S1_test
1060,S1,34,25,1,85,0,S1_test
1061,S1,35,25,1,468,0,S1_test
1062,S1,36,25,1,13,0,S1_test
1063,S1,37,25,1,115,0,S1_test
1064,S1,38,25,1,56,0,S1_test
1065,S1,39,25,1,40,0,S1_test
1066,S1,40,25,0,0,0,S1_test
1067,S1,0,26,1,306,0,S1_train
1068,S1,1,26,1,205,0,S1_train
1069,S1,2,26,1,507,0,S1_train
1070,S1,3,26,1,846,0,S1_train
1071,S1,4,26,1,369,0,S1_train
1072,S1,5,26,1,821,0,S1_train
1073,S1,6,26,1,836,0,S1_train
1074,S1,7,26,1,368,0,S1_train
1075,S1,8,26,1,57,0,S1_train
1076,S1,9,26,1,122,0,S1_train
1077,S1,10,26,1,32,0,S1_train
1078,S1,11,26,0,0,0,S1_train
1079,S1,12,26,1,37,0,S1_train
1080,S1,13,26,1,74,0,S1_train
1081,S1,14,26,1,209,0,S1_train
1082,S1,15,26,1,629,0,S1_train
1083,S1,16,26,0,0,0,S1_train
1084,S1,17,26,1,293,0,S1_train
1085,S1,18,26,1,324,0,S1_train
1086,S1,19,26,1,322,0,S1_train
1087,S1,20,26,1,1161,0,S1_train
1088,S1,21,26,1,1373,0,S1_train
1089,S1,22,26,1,980,0,S1_train
1090,S1,23,26,1,677,0,S1_guard
1091,S1,24,26,1,146,0,S1_val
1092,S1,25,26,1,94,0,S1_val
1093,S1,26,26,0,0,0,S1_val
1094,S1,27,26,1,2323,0,S1_val
1095,S1,28,26,1,1640,0,S1_val
1096,S1,29,26,1,8,0,S1_val
1097,S1,30,26,0,0,0,S1_val
1098,S1,31,26,0,0,0,S1_guard
1099,S1,32,26,0,0,0,S1_test
1100,S1,33,26,0,0,0,S1_test
1101,S1,34,26,0,0,0,S1_test
1102,S1,35,26,1,448,0,S1_test
1103,S1,36,26,0,0,0,S1_test
1104,S1,37,26,0,0,0,S1_test
1105,S1,38,26,1,28,0,S1_test
1106,S1,39,26,0,0,0,S1_test
1107,S1,40,26,0,0,0,S1_test
1108,S1,0,27,1,80,0,S1_train
1109,S1,1,27,0,0,0,S1_train
1110,S1,2,27,1,188,0,S1_train
1111,S1,3,27,1,137,0,S1_train
1112,S1,4,27,1,1511,0,S1_train
1113,S1,5,27,1,628,0,S1_train
1114,S1,6,27,1,423,0,S1_train
1115,S1,7,27,1,326,0,S1_train
1116,S1,8,27,1,1136,0,S1_train
1117,S1,9,27,1,590,0,S1_train
1118,S1,10,27,0,0,0,S1_train
1119,S1,11,27,1,827,0,S1_train
1120,S1,12,27,1,256,0,S1_train
1121,S1,13,27,1,563,0,S1_train
1122,S1,14,27,1,86,0,S1_train
1123,S1,15,27,1,894,0,S1_train
1124,S1,16,27,1,937,0,S1_train
1125,S1,17,27,1,46,0,S1_train
1126,S1,18,27,1,263,0,S1_train
1127,S1,19,27,1,1997,0,S1_train
1128,S1,20,27,1,92,0,S1_train
1129,S1,21,27,1,137,0,S1_train
1130,S1,22,27,1,472,0,S1_train
1131,S1,23,27,1,837,0,S1_guard
1132,S1,24,27,1,45,0,S1_val
1133,S1,25,27,1,667,0,S1_val
1134,S1,26,27,0,0,0,S1_val
1135,S1,27,27,0,0,0,S1_val
1136,S1,28,27,1,5,0,S1_val
1137,S1,29,27,1,20,0,S1_val
1138,S1,30,27,0,0,0,S1_val
1139,S1,31,27,0,0,0,S1_guard
1140,S1,32,27,1,93,0,S1_test
1141,S1,33,27,1,207,0,S1_test
1142,S1,34,27,1,204,0,S1_test
1143,S1,35,27,1,28,0,S1_test
1144,S1,36,27,0,0,0,S1_test
1145,S1,37,27,0,0,0,S1_test
1146,S1,38,27,0,0,0,S1_test
1147,S1,39,27,0,0,0,S1_test
1148,S1,40,27,0,0,0,S1_test
1149,S1,0,28,0,0,0,S1_train
1150,S1,1,28,0,0,0,S1_train
1151,S1,2,28,0,0,0,S1_train
1152,S1,3,28,1,539,0,S1_train
1153,S1,4,28,1,281,0,S1_train
1154,S1,5,28,1,722,0,S1_train
1155,S1,6,28,1,493,0,S1_train
1156,S1,7,28,1,7,0,S1_train
1157,S1,8,28,1,233,0,S1_train
1158,S1,9,28,1,320,0,S1_train
1159,S1,10,28,0,0,0,S1_train
1160,S1,11,28,1,385,0,S1_train
1161,S1,12,28,1,119,0,S1_train
1162,S1,13,28,1,583,0,S1_train
1163,S1,14,28,1,739,0,S1_train
1164,S1,15,28,1,1901,0,S1_train
1165,S1,16,28,1,34,0,S1_train
1166,S1,17,28,1,195,0,S1_train
1167,S1,18,28,1,451,0,S1_train
1168,S1,19,28,1,279,0,S1_train
1169,S1,20,28,1,10,0,S1_train
1170,S1,21,28,1,568,0,S1_train
1171,S1,22,28,1,439,0,S1_train
1172,S1,23,28,1,410,0,S1_guard
1173,S1,24,28,1,140,0,S1_val
1174,S1,25,28,1,277,0,S1_val
1175,S1,26,28,1,14,0,S1_val
1176,S1,27,28,0,0,0,S1_val
1177,S1,28,28,0,0,0,S1_val
1178,S1,29,28,1,60,0,S1_val
1179,S1,30,28,1,182,0,S1_val
1180,S1,31,28,1,136,0,S1_guard
1181,S1,32,28,0,0,0,S1_test
1182,S1,33,28,1,361,0,S1_test
1183,S1,34,28,1,69,0,S1_test
1184,S1,35,28,0,0,0,S1_test
1185,S1,36,28,1,49,0,S1_test
1186,S1,37,28,0,0,0,S1_test
1187,S1,38,28,0,0,0,S1_test
1188,S1,39,28,0,0,0,S1_test
1189,S1,40,28,0,0,0,S1_test
1190,S1,0,29,0,0,0,S1_train
1191,S1,1,29,0,0,0,S1_train
1192,S1,2,29,1,63,0,S1_train
1193,S1,3,29,1,480,0,S1_train
1194,S1,4,29,1,128,0,S1_train
1195,S1,5,29,1,2376,0,S1_train
1196,S1,6,29,1,355,0,S1_train
1197,S1,7,29,1,101,0,S1_train
1198,S1,8,29,1,408,0,S1_train
1199,S1,9,29,1,735,0,S1_train
1200,S1,10,29,1,638,0,S1_train
1201,S1,11,29,1,351,0,S1_train
1202,S1,12,29,0,0,0,S1_train
1203,S1,13,29,0,0,0,S1_train
1204,S1,14,29,0,0,0,S1_train
1205,S1,15,29,1,30,0,S1_train
1206,S1,16,29,1,557,0,S1_train
1207,S1,17,29,1,808,0,S1_train
1208,S1,18,29,1,1000,0,S1_train
1209,S1,19,29,1,1243,0,S1_train
1210,S1,20,29,1,1410,0,S1_train
1211,S1,21,29,1,954,0,S1_train
1212,S1,22,29,1,195,0,S1_train
1213,S1,23,29,1,120,0,S1_guard
1214,S1,24,29,1,769,0,S1_val
1215,S1,25,29,1,492,0,S1_val
1216,S1,26,29,1,213,0,S1_val
1217,S1,27,29,1,1024,0,S1_val
1218,S1,28,29,1,389,0,S1_val
1219,S1,29,29,1,384,0,S1_val
1220,S1,30,29,1,70,0,S1_val
1221,S1,31,29,0,0,0,S1_guard
1222,S1,32,29,0,0,0,S1_test
1223,S1,33,29,0,0,0,S1_test
1224,S1,34,29,0,0,0,S1_test
1225,S1,35,29,0,0,0,S1_test
1226,S1,36,29,0,0,0,S1_test
1227,S1,37,29,1,66,0,S1_test
1228,S1,38,29,0,0,0,S1_test
1229,S1,39,29,0,0,0,S1_test
1230,S1,40,29,0,0,0,S1_test
1231,S1,0,30,1,54,0,S1_train
1232,S1,1,30,1,2114,0,S1_train
1233,S1,2,30,1,760,0,S1_train
1234,S1,3,30,0,0,0,S1_train
1235,S1,4,30,0,0,0,S1_train
1236,S1,5,30,1,247,0,S1_train
1237,S1,6,30,1,392,0,S1_train
1238,S1,7,30,1,17,0,S1_train
1239,S1,8,30,1,147,0,S1_train
1240,S1,9,30,1,347,0,S1_train
1241,S1,10,30,1,48,0,S1_train
1242,S1,11,30,1,25,0,S1_train
1243,S1,12,30,0,0,0,S1_train
1244,S1,13,30,0,0,0,S1_train
1245,S1,14,30,0,0,0,S1_train
1246,S1,15,30,1,10,0,S1_train
1247,S1,16,30,1,367,0,S1_train
1248,S1,17,30,0,0,0,S1_train
1249,S1,18,30,1,1414,0,S1_train
1250,S1,19,30,1,1729,0,S1_train
1251,S1,20,30,1,1462,0,S1_train
1252,S1,21,30,1,592,0,S1_train
1253,S1,22,30,1,444,0,S1_train
1254,S1,23,30,1,50,0,S1_guard
1255,S1,24,30,1,87,0,S1_val
1256,S1,25,30,1,142,0,S1_val
1257,S1,26,30,1,755,0,S1_val
1258,S1,27,30,1,1906,0,S1_val
1259,S1,28,30,1,276,0,S1_val
1260,S1,29,30,1,191,0,S1_val
1261,S1,30,30,0,0,0,S1_val
1262,S1,31,30,1,35,0,S1_guard
1263,S1,32,30,1,145,0,S1_test
1264,S1,33,30,1,142,0,S1_test
1265,S1,34,30,0,0,0,S1_test
1266,S1,35,30,0,0,0,S1_test
1267,S1,36,30,1,28,0,S1_test
1268,S1,37,30,1,12,0,S1_test
1269,S1,38,30,0,0,0,S1_test
1270,S1,39,30,1,20,0,S1_test
1271,S1,40,30,0,0,0,S1_test
1272,S1,0,31,0,0,0,S1_train
1273,S1,1,31,1,101,0,S1_train
1274,S1,2,31,1,92,0,S1_train
1275,S1,3,31,1,18,0,S1_train
1276,S1,4,31,0,0,0,S1_train
1277,S1,5,31,1,194,0,S1_train
1278,S1,6,31,1,315,0,S1_train
1279,S1,7,31,1,248,0,S1_train
1280,S1,8,31,1,634,0,S1_train
1281,S1,9,31,1,724,0,S1_train
1282,S1,10,31,1,328,0,S1_train
1283,S1,11,31,1,1337,0,S1_train
1284,S1,12,31,1,382,0,S1_train
1285,S1,13,31,1,1330,0,S1_train
1286,S1,14,31,0,0,0,S1_train
1287,S1,15,31,0,0,0,S1_train
1288,S1,16,31,1,170,0,S1_train
1289,S1,17,31,1,173,0,S1_train
1290,S1,18,31,1,896,0,S1_train
1291,S1,19,31,1,126,0,S1_train
1292,S1,20,31,1,237,0,S1_train
1293,S1,21,31,1,460,0,S1_train
1294,S1,22,31,1,573,0,S1_train
1295,S1,23,31,1,692,0,S1_guard
1296,S1,24,31,1,52,0,S1_val
1297,S1,25,31,1,98,0,S1_val
1298,S1,26,31,1,128,0,S1_val
1299,S1,27,31,1,586,0,S1_val
1300,S1,28,31,0,0,0,S1_val
1301,S1,29,31,0,0,0,S1_val
1302,S1,30,31,1,199,0,S1_val
1303,S1,31,31,1,346,0,S1_guard
1304,S1,32,31,1,184,0,S1_test
1305,S1,33,31,0,0,0,S1_test
1306,S1,34,31,0,0,0,S1_test
1307,S1,35,31,0,0,0,S1_test
1308,S1,36,31,0,0,0,S1_test
1309,S1,37,31,1,45,0,S1_test
1310,S1,38,31,0,0,0,S1_test
1311,S1,39,31,0,0,0,S1_test
1312,S1,40,31,0,0,0,S1_test
1313,S1,0,32,0,0,0,S1_train
1314,S1,1,32,1,135,0,S1_train
1315,S1,2,32,1,69,0,S1_train
1316,S1,3,32,1,27,0,S1_train
1317,S1,4,32,1,33,0,S1_train
1318,S1,5,32,1,102,0,S1_train
1319,S1,6,32,1,74,0,S1_train
1320,S1,7,32,1,100,0,S1_train
1321,S1,8,32,1,478,0,S1_train
1322,S1,9,32,1,100,0,S1_train
1323,S1,10,32,1,145,0,S1_train
1324,S1,11,32,1,102,0,S1_train
1325,S1,12,32,1,432,0,S1_train
1326,S1,13,32,1,216,0,S1_train
1327,S1,14,32,1,510,0,S1_train
1328,S1,15,32,1,1042,0,S1_train
1329,S1,16,32,1,1942,0,S1_train
1330,S1,17,32,1,1300,0,S1_train
1331,S1,18,32,1,1769,0,S1_train
1332,S1,19,32,1,1254,0,S1_train
1333,S1,20,32,1,1016,0,S1_train
1334,S1,21,32,1,4227,0,S1_train
1335,S1,22,32,1,1017,0,S1_train
1336,S1,23,32,1,31,0,S1_guard
1337,S1,24,32,1,208,0,S1_val
1338,S1,25,32,1,258,0,S1_val
1339,S1,26,32,0,0,0,S1_val
1340,S1,27,32,1,41,0,S1_val
1341,S1,28,32,0,0,0,S1_val
1342,S1,29,32,1,7,0,S1_val
1343,S1,30,32,1,36,0,S1_val
1344,S1,31,32,1,375,0,S1_guard
1345,S1,32,32,0,0,0,S1_test
1346,S1,33,32,0,0,0,S1_test
1347,S1,34,32,0,0,0,S1_test
1348,S1,35,32,0,0,0,S1_test
1349,S1,36,32,0,0,0,S1_test
1350,S1,37,32,1,33,0,S1_test
1351,S1,38,32,1,9,0,S1_test
1352,S1,39,32,1,55,0,S1_test
1353,S1,40,32,0,0,0,S1_test
1354,S1,0,33,0,0,0,S1_train
1355,S1,1,33,0,0,0,S1_train
1356,S1,2,33,0,0,0,S1_train
1357,S1,3,33,1,51,0,S1_train
1358,S1,4,33,1,457,0,S1_train
1359,S1,5,33,1,390,0,S1_train
1360,S1,6,33,1,111,0,S1_train
1361,S1,7,33,0,0,0,S1_train
1362,S1,8,33,0,0,0,S1_train
1363,S1,9,33,1,979,0,S1_train
1364,S1,10,33,1,248,0,S1_train
1365,S1,11,33,1,285,0,S1_train
1366,S1,12,33,1,742,0,S1_train
1367,S1,13,33,1,599,0,S1_train
1368,S1,14,33,1,890,0,S1_train
1369,S1,15,33,1,1119,0,S1_train
1370,S1,16,33,1,706,0,S1_train
1371,S1,17,33,1,700,0,S1_train
1372,S1,18,33,1,492,0,S1_train
1373,S1,19,33,1,1339,0,S1_train
1374,S1,20,33,1,1300,0,S1_train
1375,S1,21,33,1,416,0,S1_train
1376,S1,22,33,1,688,0,S1_train
1377,S1,23,33,1,2,0,S1_guard
1378,S1,24,33,1,681,0,S1_val
1379,S1,25,33,0,0,0,S1_val
1380,S1,26,33,0,0,0,S1_val
1381,S1,27,33,1,98,0,S1_val
1382,S1,28,33,1,21,0,S1_val
1383,S1,29,33,0,0,0,S1_val
1384,S1,30,33,1,16,0,S1_val
1385,S1,31,33,1,109,0,S1_guard
1386,S1,32,33,0,0,0,S1_test
1387,S1,33,33,0,0,0,S1_test
1388,S1,34,33,0,0,0,S1_test
1389,S1,35,33,0,0,0,S1_test
1390,S1,36,33,0,0,0,S1_test
1391,S1,37,33,0,0,0,S1_test
1392,S1,38,33,1,255,0,S1_test
1393,S1,39,33,1,57,0,S1_test
1394,S1,40,33,0,0,0,S1_test
1395,S1,0,34,1,41,0,S1_train
1396,S1,1,34,1,158,0,S1_train
1397,S1,2,34,1,543,0,S1_train
1398,S1,3,34,1,372,0,S1_train
1399,S1,4,34,1,376,0,S1_train
1400,S1,5,34,1,276,0,S1_train
1401,S1,6,34,0,0,0,S1_train
1402,S1,7,34,1,520,0,S1_train
1403,S1,8,34,0,0,0,S1_train
1404,S1,9,34,1,214,0,S1_train
1405,S1,10,34,1,497,0,S1_train
1406,S1,11,34,1,260,0,S1_train
1407,S1,12,34,1,973,0,S1_train
1408,S1,13,34,1,1709,0,S1_train
1409,S1,14,34,1,1158,0,S1_train
1410,S1,15,34,1,767,0,S1_train
1411,S1,16,34,1,1680,0,S1_train
1412,S1,17,34,1,134,0,S1_train
1413,S1,18,34,1,1026,0,S1_train
1414,S1,19,34,1,1495,0,S1_train
1415,S1,20,34,1,941,0,S1_train
1416,S1,21,34,1,133,0,S1_train
1417,S1,22,34,1,144,0,S1_train
1418,S1,23,34,0,0,0,S1_guard
1419,S1,24,34,1,53,0,S1_val
1420,S1,25,34,0,0,0,S1_val
1421,S1,26,34,0,0,0,S1_val
1422,S1,27,34,1,21,0,S1_val
1423,S1,28,34,1,26,0,S1_val
1424,S1,29,34,0,0,0,S1_val
1425,S1,30,34,1,617,0,S1_val
1426,S1,31,34,1,234,0,S1_guard
1427,S1,32,34,0,0,0,S1_test
1428,S1,33,34,0,0,0,S1_test
1429,S1,34,34,0,0,0,S1_test
1430,S1,35,34,1,24,0,S1_test
1431,S1,36,34,0,0,0,S1_test
1432,S1,37,34,0,0,0,S1_test
1433,S1,38,34,0,0,0,S1_test
1434,S1,39,34,0,0,0,S1_test
1435,S1,40,34,0,0,0,S1_test
1436,S1,0,35,1,95,0,S1_train
1437,S1,1,35,1,127,0,S1_train
1438,S1,2,35,1,355,0,S1_train
1439,S1,3,35,0,0,0,S1_train
1440,S1,4,35,1,14,0,S1_train
1441,S1,5,35,1,40,0,S1_train
1442,S1,6,35,1,73,0,S1_train
1443,S1,7,35,1,130,0,S1_train
1444,S1,8,35,1,130,0,S1_train
1445,S1,9,35,1,9,0,S1_train
1446,S1,10,35,1,517,0,S1_train
1447,S1,11,35,1,333,0,S1_train
1448,S1,12,35,1,789,0,S1_train
1449,S1,13,35,1,43,0,S1_train
1450,S1,14,35,1,270,0,S1_train
1451,S1,15,35,1,1143,0,S1_train
1452,S1,16,35,1,1795,0,S1_train
1453,S1,17,35,1,2317,0,S1_train
1454,S1,18,35,1,718,0,S1_train
1455,S1,19,35,1,233,0,S1_train
1456,S1,20,35,1,1831,0,S1_train
1457,S1,21,35,1,608,0,S1_train
1458,S1,22,35,1,479,0,S1_train
1459,S1,23,35,1,233,0,S1_guard
1460,S1,24,35,1,14,0,S1_val
1461,S1,25,35,1,51,0,S1_val
1462,S1,26,35,1,29,0,S1_val
1463,S1,27,35,1,207,0,S1_val
1464,S1,28,35,1,38,0,S1_val
1465,S1,29,35,1,97,0,S1_val
1466,S1,30,35,1,223,0,S1_val
1467,S1,31,35,1,93,0,S1_guard
1468,S1,32,35,1,16,0,S1_test
1469,S1,33,35,1,918,0,S1_test
1470,S1,34,35,1,541,0,S1_test
1471,S1,35,35,0,0,0,S1_test
1472,S1,36,35,0,0,0,S1_test
1473,S1,37,35,0,0,0,S1_test
1474,S1,38,35,0,0,0,S1_test
1475,S1,39,35,0,0,0,S1_test
1476,S1,40,35,0,0,0,S1_test
1477,S1,0,36,0,0,0,S1_train
1478,S1,1,36,1,34,0,S1_train
1479,S1,2,36,0,0,0,S1_train
1480,S1,3,36,1,355,0,S1_train
1481,S1,4,36,1,134,0,S1_train
1482,S1,5,36,1,14,0,S1_train
1483,S1,6,36,1,173,0,S1_train
1484,S1,7,36,1,126,0,S1_train
1485,S1,8,36,1,838,0,S1_train
1486,S1,9,36,1,636,0,S1_train
1487,S1,10,36,1,1691,0,S1_train
1488,S1,11,36,1,375,0,S1_train
1489,S1,12,36,1,261,0,S1_train
1490,S1,13,36,1,1154,0,S1_train
1491,S1,14,36,1,377,0,S1_train
1492,S1,15,36,1,243,0,S1_train
1493,S1,16,36,1,256,0,S1_train
1494,S1,17,36,1,100,0,S1_train
1495,S1,18,36,1,4612,0,S1_train
1496,S1,19,36,1,2535,0,S1_train
1497,S1,20,36,1,3382,0,S1_train
1498,S1,21,36,1,2795,0,S1_train
1499,S1,22,36,1,301,0,S1_train
1500,S1,23,36,1,906,0,S1_guard
1501,S1,24,36,1,433,0,S1_val
1502,S1,25,36,0,0,0,S1_val
1503,S1,26,36,0,0,0,S1_val
1504,S1,27,36,1,47,0,S1_val
1505,S1,28,36,1,213,0,S1_val
1506,S1,29,36,1,573,0,S1_val
1507,S1,30,36,1,369,0,S1_val
1508,S1,31,36,1,299,0,S1_guard
1509,S1,32,36,1,164,0,S1_test
1510,S1,33,36,1,289,0,S1_test
1511,S1,34,36,1,39,0,S1_test
1512,S1,35,36,0,0,0,S1_test
1513,S1,36,36,1,79,0,S1_test
1514,S1,37,36,1,986,0,S1_test
1515,S1,38,36,0,0,0,S1_test
1516,S1,39,36,0,0,0,S1_test
1517,S1,40,36,0,0,0,S1_test
1518,S1,0,37,0,0,0,S1_train
1519,S1,1,37,0,0,0,S1_train
1520,S1,2,37,1,10,0,S1_train
1521,S1,3,37,1,20,0,S1_train
1522,S1,4,37,1,201,0,S1_train
1523,S1,5,37,1,525,0,S1_train
1524,S1,6,37,1,707,0,S1_train
1525,S1,7,37,1,134,0,S1_train
1526,S1,8,37,1,1006,0,S1_train
1527,S1,9,37,1,298,0,S1_train
1528,S1,10,37,1,879,0,S1_train
1529,S1,11,37,1,1397,0,S1_train
1530,S1,12,37,1,53,0,S1_train
1531,S1,13,37,1,90,0,S1_train
1532,S1,14,37,1,320,0,S1_train
1533,S1,15,37,1,937,0,S1_train
1534,S1,16,37,1,843,0,S1_train
1535,S1,17,37,1,993,0,S1_train
1536,S1,18,37,1,2903,0,S1_train
1537,S1,19,37,1,1748,0,S1_train
1538,S1,20,37,1,4408,0,S1_train
1539,S1,21,37,1,975,0,S1_train
1540,S1,22,37,1,462,0,S1_train
1541,S1,23,37,1,1401,0,S1_guard
1542,S1,24,37,1,1883,0,S1_val
1543,S1,25,37,1,128,0,S1_val
1544,S1,26,37,1,91,0,S1_val
1545,S1,27,37,0,0,0,S1_val
1546,S1,28,37,0,0,0,S1_val
1547,S1,29,37,1,434,0,S1_val
1548,S1,30,37,1,195,0,S1_val
1549,S1,31,37,1,85,0,S1_guard
1550,S1,32,37,1,140,0,S1_test
1551,S1,33,37,0,0,0,S1_test
1552,S1,34,37,1,81,0,S1_test
1553,S1,35,37,0,0,0,S1_test
1554,S1,36,37,0,0,0,S1_test
1555,S1,37,37,0,0,0,S1_test
1556,S1,38,37,0,0,0,S1_test
1557,S1,39,37,0,0,0,S1_test
1558,S1,40,37,0,0,0,S1_test
1559,S1,0,38,0,0,0,S1_train
1560,S1,1,38,0,0,0,S1_train
1561,S1,2,38,1,6,0,S1_train
1562,S1,3,38,1,196,0,S1_train
1563,S1,4,38,0,0,0,S1_train
1564,S1,5,38,1,55,0,S1_train
1565,S1,6,38,1,88,0,S1_train
1566,S1,7,38,1,148,0,S1_train
1567,S1,8,38,1,578,0,S1_train
1568,S1,9,38,1,1442,0,S1_train
1569,S1,10,38,1,1624,0,S1_train
1570,S1,11,38,1,5,0,S1_train
1571,S1,12,38,1,2216,0,S1_train
1572,S1,13,38,1,1414,0,S1_train
1573,S1,14,38,1,1305,0,S1_train
1574,S1,15,38,1,590,0,S1_train
1575,S1,16,38,1,867,0,S1_train
1576,S1,17,38,1,2487,0,S1_train
1577,S1,18,38,1,1454,0,S1_train
1578,S1,19,38,1,2012,0,S1_train
1579,S1,20,38,1,1144,0,S1_train
1580,S1,21,38,1,490,0,S1_train
1581,S1,22,38,1,419,0,S1_train
1582,S1,23,38,1,576,0,S1_guard
1583,S1,24,38,1,1255,0,S1_val
1584,S1,25,38,1,115,0,S1_val
1585,S1,26,38,0,0,0,S1_val
1586,S1,27,38,1,206,0,S1_val
1587,S1,28,38,1,91,0,S1_val
1588,S1,29,38,1,332,0,S1_val
1589,S1,30,38,1,326,0,S1_val
1590,S1,31,38,1,50,0,S1_guard
1591,S1,32,38,1,195,0,S1_test
1592,S1,33,38,1,254,0,S1_test
1593,S1,34,38,0,0,0,S1_test
1594,S1,35,38,0,0,0,S1_test
1595,S1,36,38,0,0,0,S1_test
1596,S1,37,38,0,0,0,S1_test
1597,S1,38,38,0,0,0,S1_test
1598,S1,39,38,0,0,0,S1_test
1599,S1,40,38,0,0,0,S1_test
1600,S1,0,39,0,0,0,S1_train
1601,S1,1,39,0,0,0,S1_train
1602,S1,2,39,0,0,0,S1_train
1603,S1,3,39,1,258,0,S1_train
1604,S1,4,39,0,0,0,S1_train
1605,S1,5,39,1,99,0,S1_train
1606,S1,6,39,1,272,0,S1_train
1607,S1,7,39,1,1146,0,S1_train
1608,S1,8,39,1,449,0,S1_train
1609,S1,9,39,1,874,0,S1_train
1610,S1,10,39,1,815,0,S1_train
1611,S1,11,39,1,517,0,S1_train
1612,S1,12,39,1,962,0,S1_train
1613,S1,13,39,1,495,0,S1_train
1614,S1,14,39,1,209,0,S1_train
1615,S1,15,39,1,119,0,S1_train
1616,S1,16,39,1,449,0,S1_train
1617,S1,17,39,1,1810,0,S1_train
1618,S1,18,39,1,1693,0,S1_train
1619,S1,19,39,1,1170,0,S1_train
1620,S1,20,39,1,742,0,S1_train
1621,S1,21,39,1,1703,0,S1_train
1622,S1,22,39,1,981,0,S1_train
1623,S1,23,39,1,670,0,S1_guard
1624,S1,24,39,1,195,0,S1_val
1625,S1,25,39,1,94,0,S1_val
1626,S1,26,39,0,0,0,S1_val
1627,S1,27,39,1,181,0,S1_val
1628,S1,28,39,1,2,0,S1_val
1629,S1,29,39,1,66,0,S1_val
1630,S1,30,39,1,3811,0,S1_val
1631,S1,31,39,1,640,0,S1_guard
1632,S1,32,39,1,448,0,S1_test
1633,S1,33,39,1,49,0,S1_test
1634,S1,34,39,1,121,0,S1_test
1635,S1,35,39,1,101,0,S1_test
1636,S1,36,39,0,0,0,S1_test
1637,S1,37,39,1,16,0,S1_test
1638,S1,38,39,0,0,0,S1_test
1639,S1,39,39,0,0,0,S1_test
1640,S1,40,39,0,0,0,S1_test
1641,S1,0,40,1,162,0,S1_train
1642,S1,1,40,0,0,0,S1_train
1643,S1,2,40,0,0,0,S1_train
1644,S1,3,40,1,577,0,S1_train
1645,S1,4,40,0,0,0,S1_train
1646,S1,5,40,1,166,0,S1_train
1647,S1,6,40,1,247,0,S1_train
1648,S1,7,40,1,1230,0,S1_train
1649,S1,8,40,1,166,0,S1_train
1650,S1,9,40,1,314,0,S1_train
1651,S1,10,40,1,1417,0,S1_train
1652,S1,11,40,1,3047,0,S1_train
1653,S1,12,40,1,1042,0,S1_train
1654,S1,13,40,1,122,0,S1_train
1655,S1,14,40,1,728,0,S1_train
1656,S1,15,40,1,335,0,S1_train
1657,S1,16,40,1,3141,0,S1_train
1658,S1,17,40,1,1747,0,S1_train
1659,S1,18,40,1,1979,0,S1_train
1660,S1,19,40,1,2918,0,S1_train
1661,S1,20,40,1,708,0,S1_train
1662,S1,21,40,1,1480,0,S1_train
1663,S1,22,40,1,525,0,S1_train
1664,S1,23,40,1,602,0,S1_guard
1665,S1,24,40,1,593,0,S1_val
1666,S1,25,40,0,0,0,S1_val
1667,S1,26,40,0,0,0,S1_val
1668,S1,27,40,0,0,0,S1_val
1669,S1,28,40,0,0,0,S1_val
1670,S1,29,40,0,0,0,S1_val
1671,S1,30,40,1,43,0,S1_val
1672,S1,31,40,1,2519,0,S1_guard
1673,S1,32,40,1,845,0,S1_test
1674,S1,33,40,1,1491,0,S1_test
1675,S1,34,40,1,109,0,S1_test
1676,S1,35,40,1,540,0,S1_test
1677,S1,36,40,0,0,0,S1_test
1678,S1,37,40,0,0,0,S1_test
1679,S1,38,40,0,0,0,S1_test
1680,S1,39,40,0,0,0,S1_test
1681,S1,40,40,0,0,0,S1_test
1682,S1,0,41,0,0,0,S1_train
1683,S1,1,41,1,22,0,S1_train
1684,S1,2,41,1,573,0,S1_train
1685,S1,3,41,1,51,0,S1_train
1686,S1,4,41,1,24,0,S1_train
1687,S1,5,41,1,410,0,S1_train
1688,S1,6,41,1,936,0,S1_train
1689,S1,7,41,1,280,0,S1_train
1690,S1,8,41,1,495,0,S1_train
1691,S1,9,41,1,1506,0,S1_train
1692,S1,10,41,1,811,0,S1_train
1693,S1,11,41,1,1599,0,S1_train
1694,S1,12,41,1,337,0,S1_train
1695,S1,13,41,1,250,0,S1_train
1696,S1,14,41,1,513,0,S1_train
1697,S1,15,41,1,234,0,S1_train
1698,S1,16,41,1,5656,0,S1_train
1699,S1,17,41,1,1152,0,S1_train
1700,S1,18,41,1,2133,0,S1_train
1701,S1,19,41,1,1035,0,S1_train
1702,S1,20,41,1,2555,0,S1_train
1703,S1,21,41,1,1587,0,S1_train
1704,S1,22,41,1,292,0,S1_train
1705,S1,23,41,1,457,0,S1_guard
1706,S1,24,41,1,477,0,S1_val
1707,S1,25,41,0,0,0,S1_val
1708,S1,26,41,0,0,0,S1_val
1709,S1,27,41,0,0,0,S1_val
1710,S1,28,41,1,20,0,S1_val
1711,S1,29,41,0,0,0,S1_val
1712,S1,30,41,1,13,0,S1_val
1713,S1,31,41,0,0,0,S1_guard
1714,S1,32,41,1,164,0,S1_test
1715,S1,33,41,0,0,0,S1_test
1716,S1,34,41,0,0,0,S1_test
1717,S1,35,41,1,33,0,S1_test
1718,S1,36,41,0,0,0,S1_test
1719,S1,37,41,1,43,0,S1_test
1720,S1,38,41,0,0,0,S1_test
1721,S1,39,41,0,0,0,S1_test
1722,S1,40,41,0,0,0,S1_test
1723,S1,0,42,0,0,0,S1_train
1724,S1,1,42,1,71,0,S1_train
1725,S1,2,42,1,258,0,S1_train
1726,S1,3,42,1,49,0,S1_train
1727,S1,4,42,0,0,0,S1_train
1728,S1,5,42,1,286,0,S1_train
1729,S1,6,42,1,64,0,S1_train
1730,S1,7,42,1,400,0,S1_train
1731,S1,8,42,1,301,0,S1_train
1732,S1,9,42,1,979,0,S1_train
1733,S1,10,42,1,749,0,S1_train
1734,S1,11,42,1,698,0,S1_train
1735,S1,12,42,1,699,0,S1_train
1736,S1,13,42,1,693,0,S1_train
1737,S1,14,42,1,529,0,S1_train
1738,S1,15,42,1,1446,0,S1_train
1739,S1,16,42,1,3906,0,S1_train
1740,S1,17,42,1,2993,0,S1_train
1741,S1,18,42,1,3440,0,S1_train
1742,S1,19,42,1,2843,0,S1_train
1743,S1,20,42,1,2190,0,S1_train
1744,S1,21,42,1,900,0,S1_train
1745,S1,22,42,1,1194,0,S1_train
1746,S1,23,42,1,467,0,S1_guard
1747,S1,24,42,1,339,0,S1_val
1748,S1,25,42,0,0,0,S1_val
1749,S1,26,42,0,0,0,S1_val
1750,S1,27,42,0,0,0,S1_val
1751,S1,28,42,1,81,0,S1_val
1752,S1,29,42,1,13,0,S1_val
1753,S1,30,42,1,96,0,S1_val
1754,S1,31,42,0,0,0,S1_guard
1755,S1,32,42,1,707,0,S1_test
1756,S1,33,42,1,166,0,S1_test
1757,S1,34,42,0,0,0,S1_test
1758,S1,35,42,0,0,0,S1_test
1759,S1,36,42,1,47,0,S1_test
1760,S1,37,42,0,0,0,S1_test
1761,S1,38,42,0,0,0,S1_test
1762,S1,39,42,0,0,0,S1_test
1763,S1,40,42,0,0,0,S1_test
1764,S1,0,43,0,0,0,S1_train
1765,S1,1,43,0,0,0,S1_train
1766,S1,2,43,0,0,0,S1_train
1767,S1,3,43,0,0,0,S1_train
1768,S1,4,43,1,676,0,S1_train
1769,S1,5,43,1,606,0,S1_train
1770,S1,6,43,1,577,0,S1_train
1771,S1,7,43,1,318,0,S1_train
1772,S1,8,43,1,118,0,S1_train
1773,S1,9,43,1,810,0,S1_train
1774,S1,10,43,1,1697,0,S1_train
1775,S1,11,43,1,3099,0,S1_train
1776,S1,12,43,1,1925,0,S1_train
1777,S1,13,43,1,2775,0,S1_train
1778,S1,14,43,1,153,0,S1_train
1779,S1,15,43,1,1803,0,S1_train
1780,S1,16,43,1,2590,0,S1_train
1781,S1,17,43,1,1775,0,S1_train
1782,S1,18,43,1,905,0,S1_train
1783,S1,19,43,1,1641,0,S1_train
1784,S1,20,43,1,1072,0,S1_train
1785,S1,21,43,1,706,0,S1_train
1786,S1,22,43,1,898,0,S1_train
1787,S1,23,43,1,617,0,S1_guard
1788,S1,24,43,1,51,0,S1_val
1789,S1,25,43,0,0,0,S1_val
1790,S1,26,43,0,0,0,S1_val
1791,S1,27,43,0,0,0,S1_val
1792,S1,28,43,1,244,0,S1_val
1793,S1,29,43,1,792,0,S1_val
1794,S1,30,43,1,220,0,S1_val
1795,S1,31,43,1,39,0,S1_guard
1796,S1,32,43,0,0,0,S1_test
1797,S1,33,43,1,398,0,S1_test
1798,S1,34,43,0,0,0,S1_test
1799,S1,35,43,1,23,0,S1_test
1800,S1,36,43,0,0,0,S1_test
1801,S1,37,43,0,0,0,S1_test
1802,S1,38,43,0,0,0,S1_test
1803,S1,39,43,0,0,0,S1_test
1804,S1,40,43,0,0,0,S1_test
1805,S1,0,44,0,0,0,S1_train
1806,S1,1,44,0,0,0,S1_train
1807,S1,2,44,1,107,0,S1_train
1808,S1,3,44,0,0,0,S1_train
1809,S1,4,44,1,292,0,S1_train
1810,S1,5,44,1,862,0,S1_train
1811,S1,6,44,1,135,0,S1_train
1812,S1,7,44,1,464,0,S1_train
1813,S1,8,44,1,1168,0,S1_train
1814,S1,9,44,1,50,0,S1_train
1815,S1,10,44,0,0,0,S1_train
1816,S1,11,44,1,346,0,S1_train
1817,S1,12,44,1,3901,0,S1_train
1818,S1,13,44,1,1670,0,S1_train
1819,S1,14,44,1,669,0,S1_train
1820,S1,15,44,1,141,0,S1_train
1821,S1,16,44,1,3023,0,S1_train
1822,S1,17,44,1,2834,0,S1_train
1823,S1,18,44,1,2950,0,S1_train
1824,S1,19,44,1,281,0,S1_train
1825,S1,20,44,1,1636,0,S1_train
1826,S1,21,44,1,337,0,S1_train
1827,S1,22,44,1,194,0,S1_train
1828,S1,23,44,1,580,0,S1_guard
1829,S1,24,44,1,11,0,S1_val
1830,S1,25,44,0,0,0,S1_val
1831,S1,26,44,1,17,0,S1_val
1832,S1,27,44,1,83,0,S1_val
1833,S1,28,44,1,289,0,S1_val
1834,S1,29,44,1,428,0,S1_val
1835,S1,30,44,0,0,0,S1_val
1836,S1,31,44,1,61,0,S1_guard
1837,S1,32,44,0,0,0,S1_test
1838,S1,33,44,1,22,0,S1_test
1839,S1,34,44,1,23,0,S1_test
1840,S1,35,44,0,0,0,S1_test
1841,S1,36,44,0,0,0,S1_test
1842,S1,37,44,0,0,0,S1_test
1843,S1,38,44,0,0,0,S1_test
1844,S1,39,44,0,0,0,S1_test
1845,S1,40,44,0,0,0,S1_test
1846,S1,0,45,0,0,0,S1_train
1847,S1,1,45,0,0,0,S1_train
1848,S1,2,45,0,0,0,S1_train
1849,S1,3,45,0,0,0,S1_train
1850,S1,4,45,1,48,0,S1_train
1851,S1,5,45,1,168,0,S1_train
1852,S1,6,45,0,0,0,S1_train
1853,S1,7,45,1,241,0,S1_train
1854,S1,8,45,1,806,0,S1_train
1855,S1,9,45,1,85,0,S1_train
1856,S1,10,45,1,866,0,S1_train
1857,S1,11,45,1,107,0,S1_train
1858,S1,12,45,1,1716,0,S1_train
1859,S1,13,45,1,880,0,S1_train
1860,S1,14,45,1,1554,0,S1_train
1861,S1,15,45,1,1629,0,S1_train
1862,S1,16,45,1,4047,0,S1_train
1863,S1,17,45,1,2042,0,S1_train
1864,S1,18,45,1,1029,0,S1_train
1865,S1,19,45,1,1269,0,S1_train
1866,S1,20,45,1,1013,0,S1_train
1867,S1,21,45,1,10,0,S1_train
1868,S1,22,45,1,93,0,S1_train
1869,S1,23,45,1,1303,0,S1_guard
1870,S1,24,45,0,0,0,S1_val
1871,S1,25,45,0,0,0,S1_val
1872,S1,26,45,1,589,0,S1_val
1873,S1,27,45,0,0,0,S1_val
1874,S1,28,45,1,10,0,S1_val
1875,S1,29,45,1,99,0,S1_val
1876,S1,30,45,1,112,0,S1_val
1877,S1,31,45,0,0,0,S1_guard
1878,S1,32,45,0,0,0,S1_test
1879,S1,33,45,1,124,0,S1_test
1880,S1,34,45,1,146,0,S1_test
1881,S1,35,45,1,8,0,S1_test
1882,S1,36,45,0,0,0,S1_test
1883,S1,37,45,0,0,0,S1_test
1884,S1,38,45,0,0,0,S1_test
1885,S1,39,45,0,0,0,S1_test
1886,S1,40,45,0,0,0,S1_test
1887,S1,0,46,0,0,0,S1_train
1888,S1,1,46,0,0,0,S1_train
1889,S1,2,46,1,122,0,S1_train
1890,S1,3,46,0,0,0,S1_train
1891,S1,4,46,1,79,0,S1_train
1892,S1,5,46,1,41,0,S1_train
1893,S1,6,46,1,24,0,S1_train
1894,S1,7,46,1,16,0,S1_train
1895,S1,8,46,1,384,0,S1_train
1896,S1,9,46,1,873,0,S1_train
1897,S1,10,46,1,2525,0,S1_train
1898,S1,11,46,1,767,0,S1_train
1899,S1,12,46,1,1015,0,S1_train
1900,S1,13,46,1,2782,0,S1_train
1901,S1,14,46,1,1419,0,S1_train
1902,S1,15,46,1,634,0,S1_train
1903,S1,16,46,1,696,0,S1_train
1904,S1,17,46,1,567,0,S1_train
1905,S1,18,46,1,541,0,S1_train
1906,S1,19,46,1,939,0,S1_train
1907,S1,20,46,1,520,0,S1_train
1908,S1,21,46,1,104,0,S1_train
1909,S1,22,46,1,83,0,S1_train
1910,S1,23,46,1,1217,0,S1_guard
1911,S1,24,46,0,0,0,S1_val
1912,S1,25,46,1,154,0,S1_val
1913,S1,26,46,1,309,0,S1_val
1914,S1,27,46,1,6,0,S1_val
1915,S1,28,46,1,54,0,S1_val
1916,S1,29,46,1,715,0,S1_val
1917,S1,30,46,1,64,0,S1_val
1918,S1,31,46,1,53,0,S1_guard
1919,S1,32,46,1,9,0,S1_test
1920,S1,33,46,1,176,0,S1_test
1921,S1,34,46,0,0,0,S1_test
1922,S1,35,46,0,0,0,S1_test
1923,S1,36,46,0,0,0,S1_test
1924,S1,37,46,0,0,0,S1_test
1925,S1,38,46,0,0,0,S1_test
1926,S1,39,46,0,0,0,S1_test
1927,S1,40,46,0,0,0,S1_test
1928,S1,0,47,0,0,0,S1_train
1929,S1,1,47,0,0,0,S1_train
1930,S1,2,47,1,10,0,S1_train
1931,S1,3,47,0,0,0,S1_train
1932,S1,4,47,0,0,0,S1_train
1933,S1,5,47,1,50,0,S1_train
1934,S1,6,47,1,17,0,S1_train
1935,S1,7,47,0,0,0,S1_train
1936,S1,8,47,1,141,0,S1_train
1937,S1,9,47,0,0,0,S1_train
1938,S1,10,47,1,231,0,S1_train
1939,S1,11,47,1,479,0,S1_train
1940,S1,12,47,1,872,0,S1_train
1941,S1,13,47,1,1382,0,S1_train
1942,S1,14,47,1,1078,0,S1_train
1943,S1,15,47,1,292,0,S1_train
1944,S1,16,47,1,806,0,S1_train
1945,S1,17,47,1,48,0,S1_train
1946,S1,18,47,1,506,0,S1_train
1947,S1,19,47,1,846,0,S1_train
1948,S1,20,47,1,543,0,S1_train
1949,S1,21,47,1,478,0,S1_train
1950,S1,22,47,1,17,0,S1_train
1951,S1,23,47,1,54,0,S1_guard
1952,S1,24,47,1,369,0,S1_val
1953,S1,25,47,1,918,0,S1_val
1954,S1,26,47,1,388,0,S1_val
1955,S1,27,47,1,84,0,S1_val
1956,S1,28,47,1,11,0,S1_val
1957,S1,29,47,1,2338,0,S1_val
1958,S1,30,47,1,2327,0,S1_val
1959,S1,31,47,0,0,0,S1_guard
1960,S1,32,47,1,76,0,S1_test
1961,S1,33,47,0,0,0,S1_test
1962,S1,34,47,0,0,0,S1_test
1963,S1,35,47,0,0,0,S1_test
1964,S1,36,47,0,0,0,S1_test
1965,S1,37,47,0,0,0,S1_test
1966,S1,38,47,0,0,0,S1_test
1967,S1,39,47,0,0,0,S1_test
1968,S1,40,47,0,0,0,S1_test
1969,S1,0,48,0,0,0,S1_train
1970,S1,1,48,0,0,0,S1_train
1971,S1,2,48,0,0,0,S1_train
1972,S1,3,48,1,54,0,S1_train
1973,S1,4,48,0,0,0,S1_train
1974,S1,5,48,1,211,0,S1_train
1975,S1,6,48,1,415,0,S1_train
1976,S1,7,48,1,1136,0,S1_train
1977,S1,8,48,1,975,0,S1_train
1978,S1,9,48,1,172,0,S1_train
1979,S1,10,48,1,537,0,S1_train
1980,S1,11,48,1,489,0,S1_train
1981,S1,12,48,1,582,0,S1_train
1982,S1,13,48,1,849,0,S1_train
1983,S1,14,48,1,354,0,S1_train
1984,S1,15,48,1,1573,0,S1_train
1985,S1,16,48,1,1710,0,S1_train
1986,S1,17,48,1,111,0,S1_train
1987,S1,18,48,1,412,0,S1_train
1988,S1,19,48,1,932,0,S1_train
1989,S1,20,48,1,411,0,S1_train
1990,S1,21,48,1,805,0,S1_train
1991,S1,22,48,1,802,0,S1_train
1992,S1,23,48,1,632,0,S1_guard
1993,S1,24,48,1,722,0,S1_val
1994,S1,25,48,1,486,0,S1_val
1995,S1,26,48,1,947,0,S1_val
1996,S1,27,48,1,784,0,S1_val
1997,S1,28,48,1,83,0,S1_val
1998,S1,29,48,1,981,0,S1_val
1999,S1,30,48,1,249,0,S1_val
2000,S1,31,48,1,678,0,S1_guard
2001,S1,32,48,1,66,0,S1_test
2002,S1,33,48,0,0,0,S1_test
2003,S1,34,48,0,0,0,S1_test
2004,S1,35,48,0,0,0,S1_test
2005,S1,36,48,0,0,0,S1_test
2006,S1,37,48,0,0,0,S1_test
2007,S1,38,48,0,0,0,S1_test
2008,S1,39,48,0,0,0,S1_test
2009,S1,40,48,0,0,0,S1_test
2010,S1,0,49,0,0,0,S1_train
2011,S1,1,49,0,0,0,S1_train
2012,S1,2,49,0,0,0,S1_train
2013,S1,3,49,0,0,0,S1_train
2014,S1,4,49,0,0,0,S1_train
2015,S1,5,49,1,77,0,S1_train
2016,S1,6,49,1,212,0,S1_train
2017,S1,7,49,1,1926,0,S1_train
2018,S1,8,49,1,39,0,S1_train
2019,S1,9,49,1,298,0,S1_train
2020,S1,10,49,1,1516,0,S1_train
2021,S1,11,49,1,1886,0,S1_train
2022,S1,12,49,1,69,0,S1_train
2023,S1,13,49,1,510,0,S1_train
2024,S1,14,49,1,3054,0,S1_train
2025,S1,15,49,1,2080,0,S1_train
2026,S1,16,49,1,858,0,S1_train
2027,S1,17,49,1,463,0,S1_train
2028,S1,18,49,1,583,0,S1_train
2029,S1,19,49,1,957,0,S1_train
2030,S1,20,49,1,906,0,S1_train
2031,S1,21,49,1,625,0,S1_train
2032,S1,22,49,1,1796,0,S1_train
2033,S1,23,49,1,2009,0,S1_guard
2034,S1,24,49,1,79,0,S1_val
2035,S1,25,49,1,348,0,S1_val
2036,S1,26,49,1,1002,0,S1_val
2037,S1,27,49,1,482,0,S1_val
2038,S1,28,49,0,0,0,S1_val
2039,S1,29,49,1,20,0,S1_val
2040,S1,30,49,0,0,0,S1_val
2041,S1,31,49,0,0,0,S1_guard
2042,S1,32,49,0,0,0,S1_test
2043,S1,33,49,0,0,0,S1_test
2044,S1,34,49,0,0,0,S1_test
2045,S1,35,49,0,0,0,S1_test
2046,S1,36,49,0,0,0,S1_test
2047,S1,37,49,0,0,0,S1_test
2048,S1,38,49,0,0,0,S1_test
2049,S1,39,49,0,0,0,S1_test
2050,S1,40,49,0,0,0,S1_test
2051,S1,0,50,0,0,0,S1_train
2052,S1,1,50,0,0,0,S1_train
2053,S1,2,50,0,0,0,S1_train
2054,S1,3,50,0,0,0,S1_train
2055,S1,4,50,1,546,0,S1_train
2056,S1,5,50,1,400,0,S1_train
2057,S1,6,50,1,332,0,S1_train
2058,S1,7,50,1,870,0,S1_train
2059,S1,8,50,1,122,0,S1_train
2060,S1,9,50,1,572,0,S1_train
2061,S1,10,50,1,735,0,S1_train
2062,S1,11,50,1,159,0,S1_train
2063,S1,12,50,1,1477,0,S1_train
2064,S1,13,50,1,1019,0,S1_train
2065,S1,14,50,1,2252,0,S1_train
2066,S1,15,50,1,1270,0,S1_train
2067,S1,16,50,1,1470,0,S1_train
2068,S1,17,50,1,641,0,S1_train
2069,S1,18,50,1,205,0,S1_train
2070,S1,19,50,1,154,0,S1_train
2071,S1,20,50,1,498,0,S1_train
2072,S1,21,50,1,272,0,S1_train
2073,S1,22,50,1,67,0,S1_train
2074,S1,23,50,1,388,0,S1_guard
2075,S1,24,50,1,300,0,S1_val
2076,S1,25,50,0,0,0,S1_val
2077,S1,26,50,0,0,0,S1_val
2078,S1,27,50,0,0,0,S1_val
2079,S1,28,50,1,73,0,S1_val
2080,S1,29,50,0,0,0,S1_val
2081,S1,30,50,0,0,0,S1_val
2082,S1,31,50,0,0,0,S1_guard
2083,S1,32,50,0,0,0,S1_test
2084,S1,33,50,0,0,0,S1_test
2085,S1,34,50,0,0,0,S1_test
2086,S1,35,50,0,0,0,S1_test
2087,S1,36,50,0,0,0,S1_test
2088,S1,37,50,0,0,0,S1_test
2089,S1,38,50,0,0,0,S1_test
2090,S1,39,50,0,0,0,S1_test
2091,S1,40,50,0,0,0,S1_test
2092,S1,0,51,0,0,0,S1_train
2093,S1,1,51,0,0,0,S1_train
2094,S1,2,51,0,0,0,S1_train
2095,S1,3,51,0,0,0,S1_train
2096,S1,4,51,1,1523,0,S1_train
2097,S1,5,51,1,434,0,S1_train
2098,S1,6,51,1,309,0,S1_train
2099,S1,7,51,0,0,0,S1_train
2100,S1,8,51,0,0,0,S1_train
2101,S1,9,51,1,1125,0,S1_train
2102,S1,10,51,1,2289,0,S1_train
2103,S1,11,51,1,902,0,S1_train
2104,S1,12,51,1,2238,0,S1_train
2105,S1,13,51,1,1777,0,S1_train
2106,S1,14,51,1,2147,0,S1_train
2107,S1,15,51,1,2213,0,S1_train
2108,S1,16,51,1,675,0,S1_train
2109,S1,17,51,1,1382,0,S1_train
2110,S1,18,51,1,18,0,S1_train
2111,S1,19,51,1,67,0,S1_train
2112,S1,20,51,1,371,0,S1_train
2113,S1,21,51,0,0,0,S1_train
2114,S1,22,51,1,10,0,S1_train
2115,S1,23,51,1,105,0,S1_guard
2116,S1,24,51,0,0,0,S1_val
2117,S1,25,51,0,0,0,S1_val
2118,S1,26,51,1,62,0,S1_val
2119,S1,27,51,1,26,0,S1_val
2120,S1,28,51,1,58,0,S1_val
2121,S1,29,51,1,71,0,S1_val
2122,S1,30,51,0,0,0,S1_val
2123,S1,31,51,1,342,0,S1_guard
2124,S1,32,51,1,130,0,S1_test
2125,S1,33,51,1,264,0,S1_test
2126,S1,34,51,0,0,0,S1_test
2127,S1,35,51,0,0,0,S1_test
2128,S1,36,51,0,0,0,S1_test
2129,S1,37,51,0,0,0,S1_test
2130,S1,38,51,0,0,0,S1_test
2131,S1,39,51,0,0,0,S1_test
2132,S1,40,51,0,0,0,S1_test
2133,S1,0,52,0,0,0,S1_train
2134,S1,1,52,0,0,0,S1_train
2135,S1,2,52,1,28,0,S1_train
2136,S1,3,52,1,138,0,S1_train
2137,S1,4,52,1,5,0,S1_train
2138,S1,5,52,1,64,0,S1_train
2139,S1,6,52,1,85,0,S1_train
2140,S1,7,52,1,57,0,S1_train
2141,S1,8,52,0,0,0,S1_train
2142,S1,9,52,1,1154,0,S1_train
2143,S1,10,52,1,781,0,S1_train
2144,S1,11,52,1,1332,0,S1_train
2145,S1,12,52,1,2701,0,S1_train
2146,S1,13,52,1,3924,0,S1_train
2147,S1,14,52,1,2784,0,S1_train
2148,S1,15,52,1,3581,0,S1_train
2149,S1,16,52,1,1256,0,S1_train
2150,S1,17,52,1,583,0,S1_train
2151,S1,18,52,1,255,0,S1_train
2152,S1,19,52,1,185,0,S1_train
2153,S1,20,52,0,0,0,S1_train
2154,S1,21,52,0,0,0,S1_train
2155,S1,22,52,1,59,0,S1_train
2156,S1,23,52,0,0,0,S1_guard
2157,S1,24,52,1,614,0,S1_val
2158,S1,25,52,1,162,0,S1_val
2159,S1,26,52,0,0,0,S1_val
2160,S1,27,52,1,32,0,S1_val
2161,S1,28,52,1,96,0,S1_val
2162,S1,29,52,1,115,0,S1_val
2163,S1,30,52,0,0,0,S1_val
2164,S1,31,52,1,95,0,S1_guard
2165,S1,32,52,0,0,0,S1_test
2166,S1,33,52,0,0,0,S1_test
2167,S1,34,52,0,0,0,S1_test
2168,S1,35,52,0,0,0,S1_test
2169,S1,36,52,0,0,0,S1_test
2170,S1,37,52,0,0,0,S1_test
2171,S1,38,52,0,0,0,S1_test
2172,S1,39,52,0,0,0,S1_test
2173,S1,40,52,0,0,0,S1_test
2174,S1,0,53,0,0,0,S1_train
2175,S1,1,53,0,0,0,S1_train
2176,S1,2,53,1,44,0,S1_train
2177,S1,3,53,1,170,0,S1_train
2178,S1,4,53,1,79,0,S1_train
2179,S1,5,53,1,132,0,S1_train
2180,S1,6,53,0,0,0,S1_train
2181,S1,7,53,0,0,0,S1_train
2182,S1,8,53,1,655,0,S1_train
2183,S1,9,53,1,189,0,S1_train
2184,S1,10,53,1,328,0,S1_train
2185,S1,11,53,1,829,0,S1_train
2186,S1,12,53,1,3522,0,S1_train
2187,S1,13,53,1,4861,0,S1_train
2188,S1,14,53,1,1434,0,S1_train
2189,S1,15,53,1,3892,0,S1_train
2190,S1,16,53,1,1702,0,S1_train
2191,S1,17,53,1,818,0,S1_train
2192,S1,18,53,1,259,0,S1_train
2193,S1,19,53,1,636,0,S1_train
2194,S1,20,53,0,0,0,S1_train
2195,S1,21,53,0,0,0,S1_train
2196,S1,22,53,0,0,0,S1_train
2197,S1,23,53,0,0,0,S1_guard
2198,S1,24,53,0,0,0,S1_val
2199,S1,25,53,1,521,0,S1_val
2200,S1,26,53,1,131,0,S1_val
2201,S1,27,53,1,170,0,S1_val
2202,S1,28,53,1,25,0,S1_val
2203,S1,29,53,1,194,0,S1_val
2204,S1,30,53,1,70,0,S1_val
2205,S1,31,53,0,0,0,S1_guard
2206,S1,32,53,0,0,0,S1_test
2207,S1,33,53,1,70,0,S1_test
2208,S1,34,53,0,0,0,S1_test
2209,S1,35,53,0,0,0,S1_test
2210,S1,36,53,0,0,0,S1_test
2211,S1,37,53,0,0,0,S1_test
2212,S1,38,53,0,0,0,S1_test
2213,S1,39,53,0,0,0,S1_test
2214,S1,40,53,0,0,0,S1_test
2215,S1,0,54,0,0,0,S1_train
2216,S1,1,54,0,0,0,S1_train
2217,S1,2,54,0,0,0,S1_train
2218,S1,3,54,0,0,0,S1_train
2219,S1,4,54,1,18,0,S1_train
2220,S1,5,54,0,0,0,S1_train
2221,S1,6,54,1,230,0,S1_train
2222,S1,7,54,1,237,0,S1_train
2223,S1,8,54,1,612,0,S1_train
2224,S1,9,54,1,533,0,S1_train
2225,S1,10,54,1,308,0,S1_train
2226,S1,11,54,1,458,0,S1_train
2227,S1,12,54,1,2248,0,S1_train
2228,S1,13,54,1,2957,0,S1_train
2229,S1,14,54,1,967,0,S1_train
2230,S1,15,54,1,3635,0,S1_train
2231,S1,16,54,1,1126,0,S1_train
2232,S1,17,54,1,1398,0,S1_train
2233,S1,18,54,1,868,0,S1_train
2234,S1,19,54,1,269,0,S1_train
2235,S1,20,54,0,0,0,S1_train
2236,S1,21,54,0,0,0,S1_train
2237,S1,22,54,0,0,0,S1_train
2238,S1,23,54,1,74,0,S1_guard
2239,S1,24,54,0,0,0,S1_val
2240,S1,25,54,0,0,0,S1_val
2241,S1,26,54,1,460,0,S1_val
2242,S1,27,54,1,702,0,S1_val
2243,S1,28,54,0,0,0,S1_val
2244,S1,29,54,1,108,0,S1_val
2245,S1,30,54,0,0,0,S1_val
2246,S1,31,54,0,0,0,S1_guard
2247,S1,32,54,0,0,0,S1_test
2248,S1,33,54,0,0,0,S1_test
2249,S1,34,54,0,0,0,S1_test
2250,S1,35,54,0,0,0,S1_test
2251,S1,36,54,0,0,0,S1_test
2252,S1,37,54,0,0,0,S1_test
2253,S1,38,54,0,0,0,S1_test
2254,S1,39,54,0,0,0,S1_test
2255,S1,40,54,0,0,0,S1_test
2256,S1,0,55,0,0,0,S1_train
2257,S1,1,55,0,0,0,S1_train
2258,S1,2,55,0,0,0,S1_train
2259,S1,3,55,0,0,0,S1_train
2260,S1,4,55,0,0,0,S1_train
2261,S1,5,55,0,0,0,S1_train
2262,S1,6,55,1,236,0,S1_train
2263,S1,7,55,1,130,0,S1_train
2264,S1,8,55,1,609,0,S1_train
2265,S1,9,55,1,421,0,S1_train
2266,S1,10,55,1,608,0,S1_train
2267,S1,11,55,1,1470,0,S1_train
2268,S1,12,55,1,1761,0,S1_train
2269,S1,13,55,1,1053,0,S1_train
2270,S1,14,55,1,4369,0,S1_train
2271,S1,15,55,1,1289,0,S1_train
2272,S1,16,55,1,47,0,S1_train
2273,S1,17,55,0,0,0,S1_train
2274,S1,18,55,1,194,0,S1_train
2275,S1,19,55,1,227,0,S1_train
2276,S1,20,55,1,43,0,S1_train
2277,S1,21,55,0,0,0,S1_train
2278,S1,22,55,1,1500,0,S1_train
2279,S1,23,55,1,24,0,S1_guard
2280,S1,24,55,0,0,0,S1_val
2281,S1,25,55,1,169,0,S1_val
2282,S1,26,55,1,221,0,S1_val
2283,S1,27,55,0,0,0,S1_val
2284,S1,28,55,1,85,0,S1_val
2285,S1,29,55,1,210,0,S1_val
2286,S1,30,55,0,0,0,S1_val
2287,S1,31,55,0,0,0,S1_guard
2288,S1,32,55,0,0,0,S1_test
2289,S1,33,55,0,0,0,S1_test
2290,S1,34,55,0,0,0,S1_test
2291,S1,35,55,0,0,0,S1_test
2292,S1,36,55,0,0,0,S1_test
2293,S1,37,55,0,0,0,S1_test
2294,S1,38,55,0,0,0,S1_test
2295,S1,39,55,0,0,0,S1_test
2296,S1,40,55,0,0,0,S1_test
2297,S1,0,56,0,0,0,S1_train
2298,S1,1,56,0,0,0,S1_train
2299,S1,2,56,0,0,0,S1_train
2300,S1,3,56,0,0,0,S1_train
2301,S1,4,56,1,70,0,S1_train
2302,S1,5,56,1,257,0,S1_train
2303,S1,6,56,1,323,0,S1_train
2304,S1,7,56,1,174,0,S1_train
2305,S1,8,56,1,2845,0,S1_train
2306,S1,9,56,1,1318,0,S1_train
2307,S1,10,56,1,384,0,S1_train
2308,S1,11,56,1,365,0,S1_train
2309,S1,12,56,1,478,0,S1_train
2310,S1,13,56,1,2749,0,S1_train
2311,S1,14,56,1,1882,0,S1_train
2312,S1,15,56,1,2197,0,S1_train
2313,S1,16,56,1,601,0,S1_train
2314,S1,17,56,1,155,0,S1_train
2315,S1,18,56,1,31,0,S1_train
2316,S1,19,56,0,0,0,S1_train
2317,S1,20,56,0,0,0,S1_train
2318,S1,21,56,0,0,0,S1_train
2319,S1,22,56,1,723,0,S1_train
2320,S1,23,56,1,100,0,S1_guard
2321,S1,24,56,1,5,0,S1_val
2322,S1,25,56,1,2,0,S1_val
2323,S1,26,56,1,153,0,S1_val
2324,S1,27,56,1,64,0,S1_val
2325,S1,28,56,0,0,0,S1_val
2326,S1,29,56,0,0,0,S1_val
2327,S1,30,56,1,77,0,S1_val
2328,S1,31,56,0,0,0,S1_guard
2329,S1,32,56,0,0,0,S1_test
2330,S1,33,56,0,0,0,S1_test
2331,S1,34,56,0,0,0,S1_test
2332,S1,35,56,0,0,0,S1_test
2333,S1,36,56,0,0,0,S1_test
2334,S1,37,56,0,0,0,S1_test
2335,S1,38,56,0,0,0,S1_test
2336,S1,39,56,0,0,0,S1_test
2337,S1,40,56,0,0,0,S1_test
2338,S1,0,57,0,0,0,S1_train
2339,S1,1,57,0,0,0,S1_train
2340,S1,2,57,0,0,0,S1_train
2341,S1,3,57,0,0,0,S1_train
2342,S1,4,57,1,441,0,S1_train
2343,S1,5,57,1,346,0,S1_train
2344,S1,6,57,1,500,0,S1_train
2345,S1,7,57,1,360,0,S1_train
2346,S1,8,57,1,467,0,S1_train
2347,S1,9,57,1,1247,0,S1_train
2348,S1,10,57,1,1048,0,S1_train
2349,S1,11,57,1,1116,0,S1_train
2350,S1,12,57,1,986,0,S1_train
2351,S1,13,57,1,4621,0,S1_train
2352,S1,14,57,1,727,0,S1_train
2353,S1,15,57,1,279,0,S1_train
2354,S1,16,57,1,605,0,S1_train
2355,S1,17,57,1,904,0,S1_train
2356,S1,18,57,1,824,0,S1_train
2357,S1,19,57,1,46,0,S1_train
2358,S1,20,57,0,0,0,S1_train
2359,S1,21,57,0,0,0,S1_train
2360,S1,22,57,0,0,0,S1_train
2361,S1,23,57,1,106,0,S1_guard
2362,S1,24,57,1,384,0,S1_val
2363,S1,25,57,1,358,0,S1_val
2364,S1,26,57,0,0,0,S1_val
2365,S1,27,57,0,0,0,S1_val
2366,S1,28,57,0,0,0,S1_val
2367,S1,29,57,1,39,0,S1_val
2368,S1,30,57,0,0,0,S1_val
2369,S1,31,57,0,0,0,S1_guard
2370,S1,32,57,0,0,0,S1_test
2371,S1,33,57,0,0,0,S1_test
2372,S1,34,57,0,0,0,S1_test
2373,S1,35,57,0,0,0,S1_test
2374,S1,36,57,0,0,0,S1_test
2375,S1,37,57,0,0,0,S1_test
2376,S1,38,57,0,0,0,S1_test
2377,S1,39,57,0,0,0,S1_test
2378,S1,40,57,0,0,0,S1_test
2379,S1,0,58,0,0,0,S1_train
2380,S1,1,58,0,0,0,S1_train
2381,S1,2,58,0,0,0,S1_train
2382,S1,3,58,0,0,0,S1_train
2383,S1,4,58,0,0,0,S1_train
2384,S1,5,58,0,0,0,S1_train
2385,S1,6,58,1,315,0,S1_train
2386,S1,7,58,1,457,0,S1_train
2387,S1,8,58,0,0,0,S1_train
2388,S1,9,58,1,1072,0,S1_train
2389,S1,10,58,1,763,0,S1_train
2390,S1,11,58,1,1310,0,S1_train
2391,S1,12,58,1,4224,0,S1_train
2392,S1,13,58,1,821,0,S1_train
2393,S1,14,58,1,1531,0,S1_train
2394,S1,15,58,1,377,0,S1_train
2395,S1,16,58,1,1066,0,S1_train
2396,S1,17,58,1,936,0,S1_train
2397,S1,18,58,1,557,0,S1_train
2398,S1,19,58,1,432,0,S1_train
2399,S1,20,58,0,0,0,S1_train
2400,S1,21,58,1,250,0,S1_train
2401,S1,22,58,1,247,0,S1_train
2402,S1,23,58,1,1025,0,S1_guard
2403,S1,24,58,1,1381,0,S1_val
2404,S1,25,58,1,270,0,S1_val
2405,S1,26,58,1,27,0,S1_val
2406,S1,27,58,1,151,0,S1_val
2407,S1,28,58,0,0,0,S1_val
2408,S1,29,58,0,0,0,S1_val
2409,S1,30,58,0,0,0,S1_val
2410,S1,31,58,0,0,0,S1_guard
2411,S1,32,58,0,0,0,S1_test
2412,S1,33,58,0,0,0,S1_test
2413,S1,34,58,0,0,0,S1_test
2414,S1,35,58,0,0,0,S1_test
2415,S1,36,58,0,0,0,S1_test
2416,S1,37,58,0,0,0,S1_test
2417,S1,38,58,0,0,0,S1_test
2418,S1,39,58,0,0,0,S1_test
2419,S1,40,58,0,0,0,S1_test
2420,S1,0,59,0,0,0,S1_train
2421,S1,1,59,0,0,0,S1_train
2422,S1,2,59,0,0,0,S1_train
2423,S1,3,59,0,0,0,S1_train
2424,S1,4,59,0,0,0,S1_train
2425,S1,5,59,0,0,0,S1_train
2426,S1,6,59,1,76,0,S1_train
2427,S1,7,59,1,494,0,S1_train
2428,S1,8,59,0,0,0,S1_train
2429,S1,9,59,1,1684,0,S1_train
2430,S1,10,59,1,364,0,S1_train
2431,S1,11,59,1,218,0,S1_train
2432,S1,12,59,1,572,0,S1_train
2433,S1,13,59,1,369,0,S1_train
2434,S1,14,59,1,619,0,S1_train
2435,S1,15,59,1,690,0,S1_train
2436,S1,16,59,0,0,0,S1_train
2437,S1,17,59,1,581,0,S1_train
2438,S1,18,59,1,134,0,S1_train
2439,S1,19,59,1,57,0,S1_train
2440,S1,20,59,0,0,0,S1_train
2441,S1,21,59,1,37,0,S1_train
2442,S1,22,59,1,196,0,S1_train
2443,S1,23,59,1,243,0,S1_guard
2444,S1,24,59,1,134,0,S1_val
2445,S1,25,59,1,152,0,S1_val
2446,S1,26,59,1,246,0,S1_val
2447,S1,27,59,1,23,0,S1_val
2448,S1,28,59,1,8,0,S1_val
2449,S1,29,59,0,0,0,S1_val
2450,S1,30,59,1,127,0,S1_val
2451,S1,31,59,0,0,0,S1_guard
2452,S1,32,59,0,0,0,S1_test
2453,S1,33,59,0,0,0,S1_test
2454,S1,34,59,0,0,0,S1_test
2455,S1,35,59,0,0,0,S1_test
2456,S1,36,59,0,0,0,S1_test
2457,S1,37,59,0,0,0,S1_test
2458,S1,38,59,0,0,0,S1_test
2459,S1,39,59,0,0,0,S1_test
2460,S1,40,59,0,0,0,S1_test
2461,S1,0,60,0,0,0,S1_train
2462,S1,1,60,0,0,0,S1_train
2463,S1,2,60,0,0,0,S1_train
2464,S1,3,60,1,360,0,S1_train
2465,S1,4,60,0,0,0,S1_train
2466,S1,5,60,0,0,0,S1_train
2467,S1,6,60,1,1684,0,S1_train
2468,S1,7,60,1,7,0,S1_train
2469,S1,8,60,1,16,0,S1_train
2470,S1,9,60,1,1845,0,S1_train
2471,S1,10,60,1,227,0,S1_train
2472,S1,11,60,1,303,0,S1_train
2473,S1,12,60,1,1094,0,S1_train
2474,S1,13,60,1,65,0,S1_train
2475,S1,14,60,1,754,0,S1_train
2476,S1,15,60,1,172,0,S1_train
2477,S1,16,60,1,24,0,S1_train
2478,S1,17,60,1,26,0,S1_train
2479,S1,18,60,1,32,0,S1_train
2480,S1,19,60,0,0,0,S1_train
2481,S1,20,60,0,0,0,S1_train
2482,S1,21,60,1,416,0,S1_train
2483,S1,22,60,1,678,0,S1_train
2484,S1,23,60,1,143,0,S1_guard
2485,S1,24,60,1,197,0,S1_val
2486,S1,25,60,0,0,0,S1_val
2487,S1,26,60,0,0,0,S1_val
2488,S1,27,60,1,6,0,S1_val
2489,S1,28,60,1,112,0,S1_val
2490,S1,29,60,0,0,0,S1_val
2491,S1,30,60,0,0,0,S1_val
2492,S1,31,60,0,0,0,S1_guard
2493,S1,32,60,0,0,0,S1_test
2494,S1,33,60,0,0,0,S1_test
2495,S1,34,60,0,0,0,S1_test
2496,S1,35,60,0,0,0,S1_test
2497,S1,36,60,0,0,0,S1_test
2498,S1,37,60,0,0,0,S1_test
2499,S1,38,60,0,0,0,S1_test
2500,S1,39,60,0,0,1,excluded_degenerate
2501,S1,40,60,0,0,1,excluded_degenerate
2502,S1,0,61,0,0,0,S1_train
2503,S1,1,61,0,0,0,S1_train
2504,S1,2,61,0,0,0,S1_train
2505,S1,3,61,0,0,0,S1_train
2506,S1,4,61,1,247,0,S1_train
2507,S1,5,61,1,1011,0,S1_train
2508,S1,6,61,1,3762,0,S1_train
2509,S1,7,61,1,1431,0,S1_train
2510,S1,8,61,1,112,0,S1_train
2511,S1,9,61,1,1963,0,S1_train
2512,S1,10,61,1,356,0,S1_train
2513,S1,11,61,1,8,0,S1_train
2514,S1,12,61,1,854,0,S1_train
2515,S1,13,61,1,399,0,S1_train
2516,S1,14,61,1,222,0,S1_train
2517,S1,15,61,1,926,0,S1_train
2518,S1,16,61,1,465,0,S1_train
2519,S1,17,61,1,242,0,S1_train
2520,S1,18,61,1,547,0,S1_train
2521,S1,19,61,0,0,0,S1_train
2522,S1,20,61,0,0,0,S1_train
2523,S1,21,61,1,191,0,S1_train
2524,S1,22,61,1,444,0,S1_train
2525,S1,23,61,1,208,0,S1_guard
2526,S1,24,61,0,0,0,S1_val
2527,S1,25,61,0,0,0,S1_val
2528,S1,26,61,0,0,0,S1_val
2529,S1,27,61,1,36,0,S1_val
2530,S1,28,61,1,267,0,S1_val
2531,S1,29,61,1,36,0,S1_val
2532,S1,30,61,0,0,0,S1_val
2533,S1,31,61,0,0,0,S1_guard
2534,S1,32,61,0,0,0,S1_test
2535,S1,33,61,0,0,0,S1_test
2536,S1,34,61,0,0,0,S1_test
2537,S1,35,61,0,0,0,S1_test
2538,S1,36,61,0,0,0,S1_test
2539,S1,37,61,0,0,0,S1_test
2540,S1,38,61,0,0,1,excluded_degenerate
2541,S1,39,61,0,0,1,excluded_degenerate
2542,S1,40,61,0,0,1,excluded_degenerate
2543,S1,0,62,0,0,0,S1_train
2544,S1,1,62,0,0,0,S1_train
2545,S1,2,62,0,0,0,S1_train
2546,S1,3,62,0,0,0,S1_train
2547,S1,4,62,0,0,0,S1_train
2548,S1,5,62,0,0,0,S1_train
2549,S1,6,62,1,266,0,S1_train
2550,S1,7,62,1,95,0,S1_train
2551,S1,8,62,1,717,0,S1_train
2552,S1,9,62,1,1759,0,S1_train
2553,S1,10,62,1,2463,0,S1_train
2554,S1,11,62,1,1858,0,S1_train
2555,S1,12,62,1,28,0,S1_train
2556,S1,13,62,0,0,0,S1_train
2557,S1,14,62,1,759,0,S1_train
2558,S1,15,62,1,654,0,S1_train
2559,S1,16,62,1,977,0,S1_train
2560,S1,17,62,1,232,0,S1_train
2561,S1,18,62,1,15,0,S1_train
2562,S1,19,62,0,0,0,S1_train
2563,S1,20,62,1,22,0,S1_train
2564,S1,21,62,1,120,0,S1_train
2565,S1,22,62,1,117,0,S1_train
2566,S1,23,62,0,0,0,S1_guard
2567,S1,24,62,0,0,0,S1_val
2568,S1,25,62,1,29,0,S1_val
2569,S1,26,62,0,0,0,S1_val
2570,S1,27,62,0,0,0,S1_val
2571,S1,28,62,1,67,0,S1_val
2572,S1,29,62,0,0,0,S1_val
2573,S1,30,62,0,0,0,S1_val
2574,S1,31,62,0,0,0,S1_guard
2575,S1,32,62,0,0,0,S1_test
2576,S1,33,62,0,0,0,S1_test
2577,S1,34,62,0,0,0,S1_test
2578,S1,35,62,0,0,1,excluded_degenerate
2579,S1,36,62,0,0,1,excluded_degenerate
2580,S1,37,62,0,0,1,excluded_degenerate
2581,S1,38,62,0,0,1,excluded_degenerate
2582,S1,39,62,0,0,0,S1_test
2583,S1,40,62,0,0,0,S1_test
2584,S1,0,63,0,0,0,S1_train
2585,S1,1,63,0,0,0,S1_train
2586,S1,2,63,0,0,0,S1_train
2587,S1,3,63,0,0,0,S1_train
2588,S1,4,63,0,0,0,S1_train
2589,S1,5,63,1,63,0,S1_train
2590,S1,6,63,1,1174,0,S1_train
2591,S1,7,63,1,279,0,S1_train
2592,S1,8,63,1,827,0,S1_train
2593,S1,9,63,1,106,0,S1_train
2594,S1,10,63,1,428,0,S1_train
2595,S1,11,63,1,342,0,S1_train
2596,S1,12,63,1,91,0,S1_train
2597,S1,13,63,1,216,0,S1_train
2598,S1,14,63,1,130,0,S1_train
2599,S1,15,63,1,667,0,S1_train
2600,S1,16,63,1,29,0,S1_train
2601,S1,17,63,1,401,0,S1_train
2602,S1,18,63,1,23,0,S1_train
2603,S1,19,63,0,0,0,S1_train
2604,S1,20,63,1,321,0,S1_train
2605,S1,21,63,1,242,0,S1_train
2606,S1,22,63,1,1125,0,S1_train
2607,S1,23,63,1,128,0,S1_guard
2608,S1,24,63,1,84,0,S1_val
2609,S1,25,63,1,148,0,S1_val
2610,S1,26,63,0,0,0,S1_val
2611,S1,27,63,0,0,0,S1_val
2612,S1,28,63,0,0,0,S1_val
2613,S1,29,63,0,0,0,S1_val
2614,S1,30,63,0,0,0,S1_val
2615,S1,31,63,0,0,0,S1_guard
2616,S1,32,63,0,0,0,S1_test
2617,S1,33,63,0,0,0,S1_test
2618,S1,34,63,0,0,1,excluded_degenerate
2619,S1,35,63,0,0,1,excluded_degenerate
2620,S1,36,63,0,0,0,S1_test
2621,S1,37,63,0,0,0,S1_test
2622,S1,38,63,0,0,0,S1_test
2623,S1,39,63,0,0,0,S1_test
2624,S1,40,63,0,0,1,excluded_degenerate
2625,S1,0,64,0,0,0,S1_train
2626,S1,1,64,0,0,0,S1_train
2627,S1,2,64,0,0,0,S1_train
2628,S1,3,64,0,0,0,S1_train
2629,S1,4,64,0,0,0,S1_train
2630,S1,5,64,0,0,0,S1_train
2631,S1,6,64,1,165,0,S1_train
2632,S1,7,64,1,104,0,S1_train
2633,S1,8,64,0,0,0,S1_train
2634,S1,9,64,1,323,0,S1_train
2635,S1,10,64,1,441,0,S1_train
2636,S1,11,64,1,99,0,S1_train
2637,S1,12,64,1,918,0,S1_train
2638,S1,13,64,1,293,0,S1_train
2639,S1,14,64,1,820,0,S1_train
2640,S1,15,64,1,422,0,S1_train
2641,S1,16,64,1,892,0,S1_train
2642,S1,17,64,1,1555,0,S1_train
2643,S1,18,64,1,111,0,S1_train
2644,S1,19,64,1,2269,0,S1_train
2645,S1,20,64,1,425,0,S1_train
2646,S1,21,64,1,11,0,S1_train
2647,S1,22,64,1,249,0,S1_train
2648,S1,23,64,1,554,0,S1_guard
2649,S1,24,64,1,149,0,S1_val
2650,S1,25,64,0,0,0,S1_val
2651,S1,26,64,0,0,0,S1_val
2652,S1,27,64,0,0,0,S1_val
2653,S1,28,64,0,0,0,S1_val
2654,S1,29,64,0,0,0,S1_val
2655,S1,30,64,0,0,0,S1_val
2656,S1,31,64,0,0,0,S1_guard
2657,S1,32,64,0,0,1,excluded_degenerate
2658,S1,33,64,0,0,0,S1_test
2659,S1,34,64,0,0,0,S1_test
2660,S1,35,64,0,0,0,S1_test
2661,S1,36,64,0,0,0,S1_test
2662,S1,37,64,0,0,1,excluded_degenerate
2663,S1,38,64,0,0,1,excluded_degenerate
2664,S1,39,64,0,0,1,excluded_degenerate
2665,S1,40,64,0,0,1,excluded_degenerate
2666,S1,0,65,0,0,0,S1_train
2667,S1,1,65,0,0,0,S1_train
2668,S1,2,65,0,0,0,S1_train
2669,S1,3,65,0,0,0,S1_train
2670,S1,4,65,0,0,0,S1_train
2671,S1,5,65,0,0,0,S1_train
2672,S1,6,65,1,63,0,S1_train
2673,S1,7,65,0,0,0,S1_train
2674,S1,8,65,0,0,0,S1_train
2675,S1,9,65,1,636,0,S1_train
2676,S1,10,65,1,340,0,S1_train
2677,S1,11,65,1,773,0,S1_train
2678,S1,12,65,1,1616,0,S1_train
2679,S1,13,65,1,2447,0,S1_train
2680,S1,14,65,1,511,0,S1_train
2681,S1,15,65,1,203,0,S1_train
2682,S1,16,65,1,1790,0,S1_train
2683,S1,17,65,1,128,0,S1_train
2684,S1,18,65,1,122,0,S1_train
2685,S1,19,65,1,1456,0,S1_train
2686,S1,20,65,1,485,0,S1_train
2687,S1,21,65,1,629,0,S1_train
2688,S1,22,65,1,249,0,S1_train
2689,S1,23,65,0,0,0,S1_guard
2690,S1,24,65,0,0,0,S1_val
2691,S1,25,65,0,0,0,S1_val
2692,S1,26,65,0,0,0,S1_val
2693,S1,27,65,0,0,0,S1_val
2694,S1,28,65,0,0,0,S1_val
2695,S1,29,65,0,0,0,S1_val
2696,S1,30,65,0,0,0,S1_val
2697,S1,31,65,0,0,0,S1_guard
2698,S1,32,65,0,0,0,S1_test
2699,S1,33,65,0,0,0,S1_test
2700,S1,34,65,0,0,1,excluded_degenerate
2701,S1,35,65,0,0,1,excluded_degenerate
2702,S1,36,65,0,0,1,excluded_degenerate
2703,S1,37,65,0,0,1,excluded_degenerate
2704,S1,38,65,0,0,1,excluded_degenerate
2705,S1,39,65,0,0,1,excluded_degenerate
2706,S1,40,65,0,0,1,excluded_degenerate
2707,S1,0,66,0,0,0,S1_train
2708,S1,1,66,0,0,0,S1_train
2709,S1,2,66,0,0,0,S1_train
2710,S1,3,66,0,0,0,S1_train
2711,S1,4,66,0,0,0,S1_train
2712,S1,5,66,0,0,0,S1_train
2713,S1,6,66,0,0,0,S1_train
2714,S1,7,66,1,21,0,S1_train
2715,S1,8,66,1,248,0,S1_train
2716,S1,9,66,1,18,0,S1_train
2717,S1,10,66,0,0,0,S1_train
2718,S1,11,66,1,1205,0,S1_train
2719,S1,12,66,1,766,0,S1_train
2720,S1,13,66,1,292,0,S1_train
2721,S1,14,66,1,806,0,S1_train
2722,S1,15,66,1,2096,0,S1_train
2723,S1,16,66,1,3791,0,S1_train
2724,S1,17,66,1,4150,0,S1_train
2725,S1,18,66,1,344,0,S1_train
2726,S1,19,66,0,0,0,S1_train
2727,S1,20,66,0,0,0,S1_train
2728,S1,21,66,0,0,0,S1_train
2729,S1,22,66,0,0,0,S1_train
2730,S1,23,66,0,0,0,S1_guard
2731,S1,24,66,0,0,0,S1_val
2732,S1,25,66,0,0,0,S1_val
2733,S1,26,66,0,0,0,S1_val
2734,S1,27,66,0,0,0,S1_val
2735,S1,28,66,0,0,0,S1_val
2736,S1,29,66,0,0,0,S1_val
2737,S1,30,66,0,0,0,S1_val
2738,S1,31,66,0,0,0,S1_guard
2739,S1,32,66,0,0,1,excluded_degenerate
2740,S1,33,66,0,0,1,excluded_degenerate
2741,S1,34,66,0,0,1,excluded_degenerate
2742,S1,35,66,0,0,1,excluded_degenerate
2743,S1,36,66,0,0,1,excluded_degenerate
2744,S1,37,66,0,0,1,excluded_degenerate
2745,S1,38,66,0,0,1,excluded_degenerate
2746,S1,39,66,0,0,1,excluded_degenerate
2747,S1,40,66,0,0,1,excluded_degenerate
2748,S1,0,67,0,0,0,S1_train
2749,S1,1,67,0,0,0,S1_train
2750,S1,2,67,0,0,0,S1_train
2751,S1,3,67,0,0,0,S1_train
2752,S1,4,67,0,0,0,S1_train
2753,S1,5,67,1,38,0,S1_train
2754,S1,6,67,1,302,0,S1_train
2755,S1,7,67,1,97,0,S1_train
2756,S1,8,67,0,0,0,S1_train
2757,S1,9,67,0,0,0,S1_train
2758,S1,10,67,1,362,0,S1_train
2759,S1,11,67,1,367,0,S1_train
2760,S1,12,67,1,551,0,S1_train
2761,S1,13,67,1,222,0,S1_train
2762,S1,14,67,0,0,0,S1_train
2763,S1,15,67,1,2204,0,S1_train
2764,S1,16,67,1,3090,0,S1_train
2765,S1,17,67,1,588,0,S1_train
2766,S1,18,67,0,0,0,S1_train
2767,S1,19,67,0,0,0,S1_train
2768,S1,20,67,1,1099,0,S1_train
2769,S1,21,67,1,191,0,S1_train
2770,S1,22,67,0,0,0,S1_train
2771,S1,23,67,0,0,0,S1_guard
2772,S1,24,67,0,0,0,S1_val
2773,S1,25,67,0,0,0,S1_val
2774,S1,26,67,1,24,0,S1_val
2775,S1,27,67,1,8,0,S1_val
2776,S1,28,67,0,0,0,S1_val
2777,S1,29,67,0,0,0,S1_val
2778,S1,30,67,0,0,0,S1_val
2779,S1,31,67,0,0,1,excluded_degenerate
2780,S1,32,67,0,0,1,excluded_degenerate
2781,S1,33,67,0,0,1,excluded_degenerate
2782,S1,34,67,0,0,1,excluded_degenerate
2783,S1,35,67,0,0,1,excluded_degenerate
2784,S1,36,67,0,0,1,excluded_degenerate
2785,S1,37,67,0,0,1,excluded_degenerate
2786,S1,38,67,0,0,1,excluded_degenerate
2787,S1,39,67,0,0,1,excluded_degenerate
2788,S1,40,67,0,0,1,excluded_degenerate
2789,S1,0,68,0,0,0,S1_train
2790,S1,1,68,0,0,0,S1_train
2791,S1,2,68,0,0,0,S1_train
2792,S1,3,68,0,0,0,S1_train
2793,S1,4,68,0,0,0,S1_train
2794,S1,5,68,1,8,0,S1_train
2795,S1,6,68,1,230,0,S1_train
2796,S1,7,68,1,767,0,S1_train
2797,S1,8,68,1,411,0,S1_train
2798,S1,9,68,1,4815,0,S1_train
2799,S1,10,68,1,1669,0,S1_train
2800,S1,11,68,1,48,0,S1_train
2801,S1,12,68,1,3698,0,S1_train
2802,S1,13,68,1,2198,0,S1_train
2803,S1,14,68,1,844,0,S1_train
2804,S1,15,68,1,2223,0,S1_train
2805,S1,16,68,1,634,0,S1_train
2806,S1,17,68,1,1280,0,S1_train
2807,S1,18,68,1,40,0,S1_train
2808,S1,19,68,1,3843,0,S1_train
2809,S1,20,68,1,362,0,S1_train
2810,S1,21,68,1,1483,0,S1_train
2811,S1,22,68,1,49,0,S1_train
2812,S1,23,68,0,0,0,S1_guard
2813,S1,24,68,0,0,0,S1_val
2814,S1,25,68,0,0,0,S1_val
2815,S1,26,68,0,0,0,S1_val
2816,S1,27,68,0,0,0,S1_val
2817,S1,28,68,0,0,0,S1_val
2818,S1,29,68,0,0,0,S1_val
2819,S1,30,68,0,0,1,excluded_degenerate
2820,S1,31,68,0,0,1,excluded_degenerate
2821,S1,32,68,0,0,1,excluded_degenerate
2822,S1,33,68,0,0,1,excluded_degenerate
2823,S1,34,68,0,0,1,excluded_degenerate
2824,S1,35,68,0,0,1,excluded_degenerate
2825,S1,36,68,0,0,1,excluded_degenerate
2826,S1,37,68,0,0,1,excluded_degenerate
2827,S1,38,68,0,0,1,excluded_degenerate
2828,S1,39,68,0,0,1,excluded_degenerate
2829,S1,40,68,0,0,1,excluded_degenerate
2830,S1,0,69,0,0,0,S1_train
2831,S1,1,69,0,0,0,S1_train
2832,S1,2,69,0,0,0,S1_train
2833,S1,3,69,0,0,0,S1_train
2834,S1,4,69,0,0,0,S1_train
2835,S1,5,69,1,67,0,S1_train
2836,S1,6,69,1,517,0,S1_train
2837,S1,7,69,1,386,0,S1_train
2838,S1,8,69,1,6,0,S1_train
2839,S1,9,69,1,1096,0,S1_train
2840,S1,10,69,1,329,0,S1_train
2841,S1,11,69,1,8,0,S1_train
2842,S1,12,69,1,340,0,S1_train
2843,S1,13,69,1,534,0,S1_train
2844,S1,14,69,1,1692,0,S1_train
2845,S1,15,69,1,247,0,S1_train
2846,S1,16,69,1,513,0,S1_train
2847,S1,17,69,1,410,0,S1_train
2848,S1,18,69,0,0,0,S1_train
2849,S1,19,69,1,2635,0,S1_train
2850,S1,20,69,1,2674,0,S1_train
2851,S1,21,69,1,101,0,S1_train
2852,S1,22,69,0,0,0,S1_train
2853,S1,23,69,0,0,0,S1_guard
2854,S1,24,69,0,0,0,S1_val
2855,S1,25,69,0,0,0,S1_val
2856,S1,26,69,0,0,0,S1_val
2857,S1,27,69,0,0,0,S1_val
2858,S1,28,69,0,0,0,S1_val
2859,S1,29,69,0,0,0,S1_val
2860,S1,30,69,0,0,1,excluded_degenerate
2861,S1,31,69,0,0,1,excluded_degenerate
2862,S1,32,69,0,0,1,excluded_degenerate
2863,S1,33,69,0,0,1,excluded_degenerate
2864,S1,34,69,0,0,1,excluded_degenerate
2865,S1,35,69,0,0,1,excluded_degenerate
2866,S1,36,69,0,0,1,excluded_degenerate
2867,S1,37,69,0,0,1,excluded_degenerate
2868,S1,38,69,0,0,1,excluded_degenerate
2869,S1,39,69,0,0,1,excluded_degenerate
2870,S1,40,69,0,0,1,excluded_degenerate
2871,S1,0,70,0,0,0,S1_train
2872,S1,1,70,0,0,0,S1_train
2873,S1,2,70,0,0,0,S1_train
2874,S1,3,70,0,0,0,S1_train
2875,S1,4,70,1,223,0,S1_train
2876,S1,5,70,0,0,0,S1_train
2877,S1,6,70,0,0,0,S1_train
2878,S1,7,70,1,219,0,S1_train
2879,S1,8,70,1,1403,0,S1_train
2880,S1,9,70,1,54,0,S1_train
2881,S1,10,70,1,66,0,S1_train
2882,S1,11,70,1,208,0,S1_train
2883,S1,12,70,1,1178,0,S1_train
2884,S1,13,70,1,845,0,S1_train
2885,S1,14,70,1,1969,0,S1_train
2886,S1,15,70,1,1304,0,S1_train
2887,S1,16,70,1,710,0,S1_train
2888,S1,17,70,1,2245,0,S1_train
2889,S1,18,70,1,1093,0,S1_train
2890,S1,19,70,1,104,0,S1_train
2891,S1,20,70,1,337,0,S1_train
2892,S1,21,70,1,412,0,S1_train
2893,S1,22,70,1,116,0,S1_train
2894,S1,23,70,0,0,0,S1_guard
2895,S1,24,70,0,0,0,S1_val
2896,S1,25,70,0,0,0,S1_val
2897,S1,26,70,0,0,0,S1_val
2898,S1,27,70,0,0,0,S1_val
2899,S1,28,70,0,0,0,S1_val
2900,S1,29,70,0,0,0,S1_val
2901,S1,30,70,0,0,1,excluded_degenerate
2902,S1,31,70,0,0,1,excluded_degenerate
2903,S1,32,70,0,0,1,excluded_degenerate
2904,S1,33,70,0,0,1,excluded_degenerate
2905,S1,34,70,0,0,1,excluded_degenerate
2906,S1,35,70,0,0,1,excluded_degenerate
2907,S1,36,70,0,0,1,excluded_degenerate
2908,S1,37,70,0,0,1,excluded_degenerate
2909,S1,38,70,0,0,1,excluded_degenerate
2910,S1,39,70,0,0,1,excluded_degenerate
2911,S1,40,70,0,0,1,excluded_degenerate
2912,S1,0,71,0,0,0,S1_train
2913,S1,1,71,0,0,0,S1_train
2914,S1,2,71,0,0,0,S1_train
2915,S1,3,71,0,0,0,S1_train
2916,S1,4,71,1,266,0,S1_train
2917,S1,5,71,1,103,0,S1_train
2918,S1,6,71,1,85,0,S1_train
2919,S1,7,71,1,1430,0,S1_train
2920,S1,8,71,1,790,0,S1_train
2921,S1,9,71,1,117,0,S1_train
2922,S1,10,71,1,150,0,S1_train
2923,S1,11,71,1,53,0,S1_train
2924,S1,12,71,1,1700,0,S1_train
2925,S1,13,71,1,822,0,S1_train
2926,S1,14,71,1,5489,0,S1_train
2927,S1,15,71,1,1986,0,S1_train
2928,S1,16,71,1,1394,0,S1_train
2929,S1,17,71,1,475,0,S1_train
2930,S1,18,71,1,1180,0,S1_train
2931,S1,19,71,1,689,0,S1_train
2932,S1,20,71,1,241,0,S1_train
2933,S1,21,71,0,0,0,S1_train
2934,S1,22,71,0,0,0,S1_train
2935,S1,23,71,0,0,0,S1_guard
2936,S1,24,71,0,0,0,S1_val
2937,S1,25,71,0,0,0,S1_val
2938,S1,26,71,0,0,0,S1_val
2939,S1,27,71,0,0,0,S1_val
2940,S1,28,71,0,0,0,S1_val
2941,S1,29,71,0,0,1,excluded_degenerate
2942,S1,30,71,0,0,1,excluded_degenerate
2943,S1,31,71,0,0,1,excluded_degenerate
2944,S1,32,71,0,0,1,excluded_degenerate
2945,S1,33,71,0,0,1,excluded_degenerate
2946,S1,34,71,0,0,1,excluded_degenerate
2947,S1,35,71,0,0,1,excluded_degenerate
2948,S1,36,71,0,0,1,excluded_degenerate
2949,S1,37,71,0,0,1,excluded_degenerate
2950,S1,38,71,0,0,1,excluded_degenerate
2951,S1,39,71,0,0,1,excluded_degenerate
2952,S1,40,71,0,0,1,excluded_degenerate
2953,S1,0,72,0,0,0,S1_train
2954,S1,1,72,0,0,0,S1_train
2955,S1,2,72,0,0,0,S1_train
2956,S1,3,72,0,0,0,S1_train
2957,S1,4,72,0,0,0,S1_train
2958,S1,5,72,1,244,0,S1_train
2959,S1,6,72,1,162,0,S1_train
2960,S1,7,72,1,439,0,S1_train
2961,S1,8,72,1,708,0,S1_train
2962,S1,9,72,1,441,0,S1_train
2963,S1,10,72,1,2683,0,S1_train
2964,S1,11,72,1,2754,0,S1_train
2965,S1,12,72,1,594,0,S1_train
2966,S1,13,72,1,2036,0,S1_train
2967,S1,14,72,1,6983,0,S1_train
2968,S1,15,72,0,0,0,S1_train
2969,S1,16,72,1,1190,0,S1_train
2970,S1,17,72,1,1885,0,S1_train
2971,S1,18,72,1,917,0,S1_train
2972,S1,19,72,0,0,0,S1_train
2973,S1,20,72,1,153,0,S1_train
2974,S1,21,72,0,0,0,S1_train
2975,S1,22,72,0,0,0,S1_train
2976,S1,23,72,0,0,0,S1_guard
2977,S1,24,72,1,114,0,S1_val
2978,S1,25,72,0,0,0,S1_val
2979,S1,26,72,0,0,0,S1_val
2980,S1,27,72,0,0,0,S1_val
2981,S1,28,72,0,0,1,excluded_degenerate
2982,S1,29,72,0,0,1,excluded_degenerate
2983,S1,30,72,0,0,1,excluded_degenerate
2984,S1,31,72,0,0,1,excluded_degenerate
2985,S1,32,72,0,0,1,excluded_degenerate
2986,S1,33,72,0,0,1,excluded_degenerate
2987,S1,34,72,0,0,1,excluded_degenerate
2988,S1,35,72,0,0,1,excluded_degenerate
2989,S1,36,72,0,0,1,excluded_degenerate
2990,S1,37,72,0,0,1,excluded_degenerate
2991,S1,38,72,0,0,1,excluded_degenerate
2992,S1,39,72,0,0,1,excluded_degenerate
2993,S1,40,72,0,0,1,excluded_degenerate
2994,S1,0,73,0,0,0,S1_train
2995,S1,1,73,0,0,0,S1_train
2996,S1,2,73,0,0,0,S1_train
2997,S1,3,73,0,0,0,S1_train
2998,S1,4,73,1,27,0,S1_train
2999,S1,5,73,1,127,0,S1_train
3000,S1,6,73,1,191,0,S1_train
3001,S1,7,73,1,45,0,S1_train
3002,S1,8,73,1,1134,0,S1_train
3003,S1,9,73,1,839,0,S1_train
3004,S1,10,73,1,1550,0,S1_train
3005,S1,11,73,1,141,0,S1_train
3006,S1,12,73,1,659,0,S1_train
3007,S1,13,73,1,2863,0,S1_train
3008,S1,14,73,1,816,0,S1_train
3009,S1,15,73,1,441,0,S1_train
3010,S1,16,73,1,128,0,S1_train
3011,S1,17,73,1,363,0,S1_train
3012,S1,18,73,1,685,0,S1_train
3013,S1,19,73,1,25,0,S1_train
3014,S1,20,73,1,11,0,S1_train
3015,S1,21,73,0,0,0,S1_train
3016,S1,22,73,0,0,0,S1_train
3017,S1,23,73,1,63,0,S1_guard
3018,S1,24,73,1,55,0,S1_val
3019,S1,25,73,0,0,0,S1_val
3020,S1,26,73,0,0,0,S1_val
3021,S1,27,73,0,0,0,S1_val
3022,S1,28,73,0,0,1,excluded_degenerate
3023,S1,29,73,0,0,1,excluded_degenerate
3024,S1,30,73,0,0,1,excluded_degenerate
3025,S1,31,73,0,0,1,excluded_degenerate
3026,S1,32,73,0,0,1,excluded_degenerate
3027,S1,33,73,0,0,1,excluded_degenerate
3028,S1,34,73,0,0,1,excluded_degenerate
3029,S1,35,73,0,0,1,excluded_degenerate
3030,S1,36,73,0,0,1,excluded_degenerate
3031,S1,37,73,0,0,1,excluded_degenerate
3032,S1,38,73,0,0,1,excluded_degenerate
3033,S1,39,73,0,0,1,excluded_degenerate
3034,UNASSIGNED,,,0,0,1,excluded_degenerate
3035,S2,0,0,0,0,0,transfer_pool
3036,S2,1,0,0,0,0,transfer_pool
3037,S2,2,0,1,1202,0,transfer_pool
3038,S2,3,0,1,762,0,transfer_pool
3039,S2,4,0,1,453,0,transfer_pool
3040,S2,5,0,1,16,0,transfer_pool
3041,S2,6,0,0,0,0,transfer_pool
3042,S2,7,0,0,0,0,transfer_pool
3043,S2,8,0,0,0,0,transfer_pool
3044,S2,9,0,1,4,0,transfer_pool
3045,S2,10,0,1,39,0,transfer_pool
3046,S2,11,0,1,2,0,transfer_pool
3047,S2,12,0,0,0,0,transfer_pool
3048,S2,13,0,0,0,0,transfer_pool
3049,S2,14,0,0,0,0,transfer_pool
3050,S2,0,1,0,0,0,transfer_pool
3051,S2,1,1,1,119,0,transfer_pool
3052,S2,2,1,1,1150,0,transfer_pool
3053,S2,3,1,1,2673,0,transfer_pool
3054,S2,4,1,1,1896,0,transfer_pool
3055,S2,5,1,1,1381,0,transfer_pool
3056,S2,6,1,1,203,0,transfer_pool
3057,S2,7,1,0,0,0,transfer_pool
3058,S2,8,1,0,0,0,transfer_pool
3059,S2,9,1,1,14,0,transfer_pool
3060,S2,10,1,1,16,0,transfer_pool
3061,S2,11,1,0,0,0,transfer_pool
3062,S2,12,1,0,0,0,transfer_pool
3063,S2,13,1,0,0,0,transfer_pool
3064,S2,14,1,0,0,0,transfer_pool
3065,S2,0,2,0,0,0,transfer_pool
3066,S2,1,2,1,353,0,transfer_pool
3067,S2,2,2,1,436,0,transfer_pool
3068,S2,3,2,1,1815,0,transfer_pool
3069,S2,4,2,1,1449,0,transfer_pool
3070,S2,5,2,1,1040,0,transfer_pool
3071,S2,6,2,1,318,0,transfer_pool
3072,S2,7,2,1,10,0,transfer_pool
3073,S2,8,2,1,30,0,transfer_pool
3074,S2,9,2,1,48,0,transfer_pool
3075,S2,10,2,1,7,0,transfer_pool
3076,S2,11,2,1,9,0,transfer_pool
3077,S2,12,2,1,24,0,transfer_pool
3078,S2,13,2,1,44,0,transfer_pool
3079,S2,14,2,0,0,0,transfer_pool
3080,S2,0,3,0,0,0,transfer_pool
3081,S2,1,3,1,30,0,transfer_pool
3082,S2,2,3,1,749,0,transfer_pool
3083,S2,3,3,1,1989,0,transfer_pool
3084,S2,4,3,1,1003,0,transfer_pool
3085,S2,5,3,1,98,0,transfer_pool
3086,S2,6,3,1,223,0,transfer_pool
3087,S2,7,3,1,92,0,transfer_pool
3088,S2,8,3,1,121,0,transfer_pool
3089,S2,9,3,1,207,0,transfer_pool
3090,S2,10,3,1,43,0,transfer_pool
3091,S2,11,3,1,31,0,transfer_pool
3092,S2,12,3,1,74,0,transfer_pool
3093,S2,13,3,0,0,0,transfer_pool
3094,S2,14,3,0,0,0,transfer_pool
3095,S2,0,4,0,0,0,transfer_pool
3096,S2,1,4,0,0,0,transfer_pool
3097,S2,2,4,1,1125,0,transfer_pool
3098,S2,3,4,1,3604,0,transfer_pool
3099,S2,4,4,1,1229,0,transfer_pool
3100,S2,5,4,1,151,0,transfer_pool
3101,S2,6,4,1,948,0,transfer_pool
3102,S2,7,4,1,551,0,transfer_pool
3103,S2,8,4,1,436,0,transfer_pool
3104,S2,9,4,1,1192,0,transfer_pool
3105,S2,10,4,1,641,0,transfer_pool
3106,S2,11,4,1,152,0,transfer_pool
3107,S2,12,4,1,953,0,transfer_pool
3108,S2,13,4,1,145,0,transfer_pool
3109,S2,14,4,0,0,0,transfer_pool
3110,S2,0,5,0,0,0,transfer_pool
3111,S2,1,5,1,168,0,transfer_pool
3112,S2,2,5,1,2670,0,transfer_pool
3113,S2,3,5,1,3540,0,transfer_pool
3114,S2,4,5,1,2697,0,transfer_pool
3115,S2,5,5,1,1835,0,transfer_pool
3116,S2,6,5,1,2791,0,transfer_pool
3117,S2,7,5,1,2334,0,transfer_pool
3118,S2,8,5,1,783,0,transfer_pool
3119,S2,9,5,1,1043,0,transfer_pool
3120,S2,10,5,1,2084,0,transfer_pool
3121,S2,11,5,1,405,0,transfer_pool
3122,S2,12,5,1,1051,0,transfer_pool
3123,S2,13,5,1,504,0,transfer_pool
3124,S2,14,5,1,73,0,transfer_pool
3125,S2,0,6,1,137,0,transfer_pool
3126,S2,1,6,1,148,0,transfer_pool
3127,S2,2,6,1,1419,0,transfer_pool
3128,S2,3,6,1,1457,0,transfer_pool
3129,S2,4,6,1,997,0,transfer_pool
3130,S2,5,6,1,689,0,transfer_pool
3131,S2,6,6,1,1560,0,transfer_pool
3132,S2,7,6,1,2009,0,transfer_pool
3133,S2,8,6,1,548,0,transfer_pool
3134,S2,9,6,1,1191,0,transfer_pool
3135,S2,10,6,1,2742,0,transfer_pool
3136,S2,11,6,1,1916,0,transfer_pool
3137,S2,12,6,1,564,0,transfer_pool
3138,S2,13,6,1,502,0,transfer_pool
3139,S2,14,6,1,150,0,transfer_pool
3140,S2,0,7,1,817,0,transfer_pool
3141,S2,1,7,1,308,0,transfer_pool
3142,S2,2,7,1,693,0,transfer_pool
3143,S2,3,7,1,471,0,transfer_pool
3144,S2,4,7,1,1490,0,transfer_pool
3145,S2,5,7,1,1320,0,transfer_pool
3146,S2,6,7,1,746,0,transfer_pool
3147,S2,7,7,1,914,0,transfer_pool
3148,S2,8,7,1,1885,0,transfer_pool
3149,S2,9,7,1,1529,0,transfer_pool
3150,S2,10,7,1,1333,0,transfer_pool
3151,S2,11,7,1,2438,0,transfer_pool
3152,S2,12,7,1,1360,0,transfer_pool
3153,S2,13,7,1,722,0,transfer_pool
3154,S2,14,7,1,95,0,transfer_pool
3155,S2,0,8,1,11,0,transfer_pool
3156,S2,1,8,1,26,0,transfer_pool
3157,S2,2,8,1,31,0,transfer_pool
3158,S2,3,8,1,1018,0,transfer_pool
3159,S2,4,8,1,4412,0,transfer_pool
3160,S2,5,8,1,3040,0,transfer_pool
3161,S2,6,8,1,1381,0,transfer_pool
3162,S2,7,8,1,1261,0,transfer_pool
3163,S2,8,8,1,1325,0,transfer_pool
3164,S2,9,8,1,711,0,transfer_pool
3165,S2,10,8,1,757,0,transfer_pool
3166,S2,11,8,1,1805,0,transfer_pool
3167,S2,12,8,1,716,0,transfer_pool
3168,S2,13,8,1,754,0,transfer_pool
3169,S2,14,8,1,15,0,transfer_pool
3170,S2,0,9,1,4,0,transfer_pool
3171,S2,1,9,1,10,0,transfer_pool
3172,S2,2,9,1,19,0,transfer_pool
3173,S2,3,9,1,326,0,transfer_pool
3174,S2,4,9,1,2036,0,transfer_pool
3175,S2,5,9,1,1541,0,transfer_pool
3176,S2,6,9,1,366,0,transfer_pool
3177,S2,7,9,1,34,0,transfer_pool
3178,S2,8,9,1,109,0,transfer_pool
3179,S2,9,9,1,430,0,transfer_pool
3180,S2,10,9,1,284,0,transfer_pool
3181,S2,11,9,1,211,0,transfer_pool
3182,S2,12,9,1,38,0,transfer_pool
3183,S2,13,9,1,233,0,transfer_pool
3184,S2,14,9,1,201,0,transfer_pool
3185,S3,0,0,1,19,0,transfer_pool
3186,S3,1,0,1,33,0,transfer_pool
3187,S3,2,0,1,20,0,transfer_pool
3188,S3,3,0,0,0,0,transfer_pool
3189,S3,4,0,1,5,0,transfer_pool
3190,S3,5,0,0,0,0,transfer_pool
3191,S3,6,0,0,0,0,transfer_pool
3192,S3,7,0,0,0,0,transfer_pool
3193,S3,8,0,0,0,0,transfer_pool
3194,S3,9,0,1,42,0,transfer_pool
3195,S3,10,0,0,0,0,transfer_pool
3196,S3,0,1,1,22,0,transfer_pool
3197,S3,1,1,1,30,0,transfer_pool
3198,S3,2,1,1,10,0,transfer_pool
3199,S3,3,1,0,0,0,transfer_pool
3200,S3,4,1,0,0,0,transfer_pool
3201,S3,5,1,0,0,0,transfer_pool
3202,S3,6,1,0,0,0,transfer_pool
3203,S3,7,1,1,92,0,transfer_pool
3204,S3,8,1,0,0,0,transfer_pool
3205,S3,9,1,1,59,0,transfer_pool
3206,S3,10,1,1,26,0,transfer_pool
3207,S3,0,2,1,139,0,transfer_pool
3208,S3,1,2,1,40,0,transfer_pool
3209,S3,2,2,0,0,0,transfer_pool
3210,S3,3,2,1,313,0,transfer_pool
3211,S3,4,2,0,0,0,transfer_pool
3212,S3,5,2,0,0,0,transfer_pool
3213,S3,6,2,1,149,0,transfer_pool
3214,S3,7,2,1,581,0,transfer_pool
3215,S3,8,2,1,329,0,transfer_pool
3216,S3,9,2,1,230,0,transfer_pool
3217,S3,10,2,1,70,0,transfer_pool
3218,S3,0,3,1,360,0,transfer_pool
3219,S3,1,3,0,0,0,transfer_pool
3220,S3,2,3,0,0,0,transfer_pool
3221,S3,3,3,0,0,0,transfer_pool
3222,S3,4,3,0,0,0,transfer_pool
3223,S3,5,3,1,9,0,transfer_pool
3224,S3,6,3,1,249,0,transfer_pool
3225,S3,7,3,1,652,0,transfer_pool
3226,S3,8,3,1,210,0,transfer_pool
3227,S3,9,3,0,0,0,transfer_pool
3228,S3,10,3,0,0,0,transfer_pool
3229,S3,0,4,1,48,0,transfer_pool
3230,S3,1,4,1,1,0,transfer_pool
3231,S3,2,4,1,234,0,transfer_pool
3232,S3,3,4,1,635,0,transfer_pool
3233,S3,4,4,1,453,0,transfer_pool
3234,S3,5,4,1,85,0,transfer_pool
3235,S3,6,4,1,117,0,transfer_pool
3236,S3,7,4,1,90,0,transfer_pool
3237,S3,8,4,1,2,0,transfer_pool
3238,S3,9,4,0,0,0,transfer_pool
3239,S3,10,4,0,0,0,transfer_pool
3240,S3,0,5,1,46,0,transfer_pool
3241,S3,1,5,0,0,0,transfer_pool
3242,S3,2,5,1,292,0,transfer_pool
3243,S3,3,5,1,611,0,transfer_pool
3244,S3,4,5,1,1178,0,transfer_pool
3245,S3,5,5,1,261,0,transfer_pool
3246,S3,6,5,1,19,0,transfer_pool
3247,S3,7,5,0,0,0,transfer_pool
3248,S3,8,5,1,1,0,transfer_pool
3249,S3,9,5,0,0,0,transfer_pool
3250,S3,10,5,0,0,0,transfer_pool
3251,S3,0,6,0,0,0,transfer_pool
3252,S3,1,6,0,0,0,transfer_pool
3253,S3,2,6,1,243,0,transfer_pool
3254,S3,3,6,1,1945,0,transfer_pool
3255,S3,4,6,1,647,0,transfer_pool
3256,S3,5,6,0,0,0,transfer_pool
3257,S3,6,6,0,0,0,transfer_pool
3258,S3,7,6,0,0,0,transfer_pool
3259,S3,8,6,0,0,0,transfer_pool
3260,S3,9,6,0,0,0,transfer_pool
3261,S3,10,6,0,0,0,transfer_pool
3262,S3,0,7,0,0,0,transfer_pool
3263,S3,1,7,0,0,0,transfer_pool
3264,S3,2,7,1,84,0,transfer_pool
3265,S3,3,7,1,337,0,transfer_pool
3266,S3,4,7,1,57,0,transfer_pool
3267,S3,5,7,0,0,0,transfer_pool
3268,S3,6,7,0,0,0,transfer_pool
3269,S3,7,7,0,0,0,transfer_pool
3270,S3,8,7,1,35,0,transfer_pool
3271,S3,9,7,0,0,0,transfer_pool
3272,S3,10,7,0,0,0,transfer_pool
3273,S3,0,8,0,0,0,transfer_pool
3274,S3,1,8,1,45,0,transfer_pool
3275,S3,2,8,1,929,0,transfer_pool
3276,S3,3,8,1,52,0,transfer_pool
3277,S3,4,8,0,0,0,transfer_pool
3278,S3,5,8,1,8,0,transfer_pool
3279,S3,6,8,0,0,0,transfer_pool
3280,S3,7,8,0,0,0,transfer_pool
3281,S3,8,8,1,1170,0,transfer_pool
3282,S3,9,8,1,112,0,transfer_pool
3283,S3,10,8,0,0,0,transfer_pool
3284,S3,0,9,1,18,0,transfer_pool
3285,S3,1,9,1,36,0,transfer_pool
3286,S3,2,9,1,184,0,transfer_pool
3287,S3,3,9,0,0,0,transfer_pool
3288,S3,4,9,0,0,0,transfer_pool
3289,S3,5,9,0,0,0,transfer_pool
3290,S3,6,9,1,158,0,transfer_pool
3291,S3,7,9,1,147,0,transfer_pool
3292,S3,8,9,1,203,0,transfer_pool
3293,S3,9,9,1,1149,0,transfer_pool
3294,S3,10,9,1,155,0,transfer_pool
3295,S3,0,10,1,26,0,transfer_pool
3296,S3,1,10,1,175,0,transfer_pool
3297,S3,2,10,1,106,0,transfer_pool
3298,S3,3,10,0,0,0,transfer_pool
3299,S3,4,10,1,58,0,transfer_pool
3300,S3,5,10,0,0,0,transfer_pool
3301,S3,6,10,1,18,0,transfer_pool
3302,S3,7,10,1,98,0,transfer_pool
3303,S3,8,10,0,0,0,transfer_pool
3304,S3,9,10,1,37,0,transfer_pool
3305,S3,10,10,1,114,0,transfer_pool
3306,S4,0,0,0,0,0,transfer_pool
3307,S4,1,0,0,0,0,transfer_pool
3308,S4,2,0,0,0,0,transfer_pool
3309,S4,3,0,0,0,0,transfer_pool
3310,S4,4,0,0,0,0,transfer_pool
3311,S4,5,0,0,0,0,transfer_pool
3312,S4,6,0,0,0,0,transfer_pool
3313,S4,7,0,0,0,0,transfer_pool
3314,S4,8,0,0,0,0,transfer_pool
3315,S4,9,0,0,0,0,transfer_pool
3316,S4,10,0,0,0,0,transfer_pool
3317,S4,11,0,0,0,0,transfer_pool
3318,S4,12,0,0,0,0,transfer_pool
3319,S4,13,0,0,0,0,transfer_pool
3320,S4,14,0,0,0,0,transfer_pool
3321,S4,15,0,0,0,0,transfer_pool
3322,S4,16,0,1,159,0,transfer_pool
3323,S4,17,0,1,432,0,transfer_pool
3324,S4,18,0,1,122,0,transfer_pool
3325,S4,19,0,0,0,0,transfer_pool
3326,S4,20,0,1,63,0,transfer_pool
3327,S4,21,0,0,0,0,transfer_pool
3328,S4,22,0,0,0,0,transfer_pool
3329,S4,23,0,0,0,0,transfer_pool
3330,S4,24,0,0,0,0,transfer_pool
3331,S4,25,0,0,0,0,transfer_pool
3332,S4,0,1,0,0,0,transfer_pool
3333,S4,1,1,0,0,0,transfer_pool
3334,S4,2,1,0,0,0,transfer_pool
3335,S4,3,1,0,0,0,transfer_pool
3336,S4,4,1,0,0,0,transfer_pool
3337,S4,5,1,0,0,0,transfer_pool
3338,S4,6,1,0,0,0,transfer_pool
3339,S4,7,1,0,0,0,transfer_pool
3340,S4,8,1,0,0,0,transfer_pool
3341,S4,9,1,0,0,0,transfer_pool
3342,S4,10,1,0,0,0,transfer_pool
3343,S4,11,1,0,0,0,transfer_pool
3344,S4,12,1,0,0,0,transfer_pool
3345,S4,13,1,0,0,0,transfer_pool
3346,S4,14,1,0,0,0,transfer_pool
3347,S4,15,1,0,0,0,transfer_pool
3348,S4,16,1,1,485,0,transfer_pool
3349,S4,17,1,1,199,0,transfer_pool
3350,S4,18,1,0,0,0,transfer_pool
3351,S4,19,1,0,0,0,transfer_pool
3352,S4,20,1,1,437,0,transfer_pool
3353,S4,21,1,0,0,0,transfer_pool
3354,S4,22,1,0,0,0,transfer_pool
3355,S4,23,1,0,0,0,transfer_pool
3356,S4,24,1,0,0,0,transfer_pool
3357,S4,25,1,0,0,0,transfer_pool
3358,S4,0,2,1,388,0,transfer_pool
3359,S4,1,2,0,0,0,transfer_pool
3360,S4,2,2,0,0,0,transfer_pool
3361,S4,3,2,0,0,0,transfer_pool
3362,S4,4,2,0,0,0,transfer_pool
3363,S4,5,2,0,0,0,transfer_pool
3364,S4,6,2,0,0,0,transfer_pool
3365,S4,7,2,0,0,0,transfer_pool
3366,S4,8,2,1,18,0,transfer_pool
3367,S4,9,2,0,0,0,transfer_pool
3368,S4,10,2,0,0,0,transfer_pool
3369,S4,11,2,0,0,0,transfer_pool
3370,S4,12,2,1,32,0,transfer_pool
3371,S4,13,2,0,0,0,transfer_pool
3372,S4,14,2,0,0,0,transfer_pool
3373,S4,15,2,0,0,0,transfer_pool
3374,S4,16,2,1,198,0,transfer_pool
3375,S4,17,2,0,0,0,transfer_pool
3376,S4,18,2,0,0,0,transfer_pool
3377,S4,19,2,0,0,0,transfer_pool
3378,S4,20,2,0,0,0,transfer_pool
3379,S4,21,2,0,0,0,transfer_pool
3380,S4,22,2,0,0,0,transfer_pool
3381,S4,23,2,0,0,0,transfer_pool
3382,S4,24,2,0,0,0,transfer_pool
3383,S4,25,2,0,0,0,transfer_pool
3384,S4,0,3,0,0,0,transfer_pool
3385,S4,1,3,0,0,0,transfer_pool
3386,S4,2,3,0,0,0,transfer_pool
3387,S4,3,3,0,0,0,transfer_pool
3388,S4,4,3,0,0,0,transfer_pool
3389,S4,5,3,0,0,0,transfer_pool
3390,S4,6,3,0,0,0,transfer_pool
3391,S4,7,3,1,90,0,transfer_pool
3392,S4,8,3,0,0,0,transfer_pool
3393,S4,9,3,1,41,0,transfer_pool
3394,S4,10,3,1,87,0,transfer_pool
3395,S4,11,3,0,0,0,transfer_pool
3396,S4,12,3,1,82,0,transfer_pool
3397,S4,13,3,0,0,0,transfer_pool
3398,S4,14,3,0,0,0,transfer_pool
3399,S4,15,3,0,0,0,transfer_pool
3400,S4,16,3,0,0,0,transfer_pool
3401,S4,17,3,0,0,0,transfer_pool
3402,S4,18,3,0,0,0,transfer_pool
3403,S4,19,3,0,0,0,transfer_pool
3404,S4,20,3,0,0,0,transfer_pool
3405,S4,21,3,0,0,0,transfer_pool
3406,S4,22,3,0,0,0,transfer_pool
3407,S4,23,3,0,0,0,transfer_pool
3408,S4,24,3,0,0,0,transfer_pool
3409,S4,25,3,0,0,0,transfer_pool
3410,S4,0,4,0,0,0,transfer_pool
3411,S4,1,4,0,0,0,transfer_pool
3412,S4,2,4,0,0,0,transfer_pool
3413,S4,3,4,0,0,0,transfer_pool
3414,S4,4,4,0,0,0,transfer_pool
3415,S4,5,4,0,0,0,transfer_pool
3416,S4,6,4,0,0,0,transfer_pool
3417,S4,7,4,0,0,0,transfer_pool
3418,S4,8,4,0,0,0,transfer_pool
3419,S4,9,4,1,87,0,transfer_pool
3420,S4,10,4,1,501,0,transfer_pool
3421,S4,11,4,1,38,0,transfer_pool
3422,S4,12,4,1,41,0,transfer_pool
3423,S4,13,4,1,101,0,transfer_pool
3424,S4,14,4,1,254,0,transfer_pool
3425,S4,15,4,0,0,0,transfer_pool
3426,S4,16,4,0,0,0,transfer_pool
3427,S4,17,4,1,1121,0,transfer_pool
3428,S4,18,4,1,41,0,transfer_pool
3429,S4,19,4,0,0,0,transfer_pool
3430,S4,20,4,0,0,0,transfer_pool
3431,S4,21,4,0,0,0,transfer_pool
3432,S4,22,4,0,0,0,transfer_pool
3433,S4,23,4,0,0,0,transfer_pool
3434,S4,24,4,0,0,0,transfer_pool
3435,S4,25,4,0,0,0,transfer_pool
3436,S4,0,5,0,0,0,transfer_pool
3437,S4,1,5,0,0,0,transfer_pool
3438,S4,2,5,0,0,0,transfer_pool
3439,S4,3,5,0,0,0,transfer_pool
3440,S4,4,5,1,175,0,transfer_pool
3441,S4,5,5,1,240,0,transfer_pool
3442,S4,6,5,0,0,0,transfer_pool
3443,S4,7,5,0,0,0,transfer_pool
3444,S4,8,5,0,0,0,transfer_pool
3445,S4,9,5,0,0,0,transfer_pool
3446,S4,10,5,0,0,0,transfer_pool
3447,S4,11,5,1,330,0,transfer_pool
3448,S4,12,5,1,399,0,transfer_pool
3449,S4,13,5,1,243,0,transfer_pool
3450,S4,14,5,1,801,0,transfer_pool
3451,S4,15,5,1,104,0,transfer_pool
3452,S4,16,5,1,18,0,transfer_pool
3453,S4,17,5,0,0,0,transfer_pool
3454,S4,18,5,0,0,0,transfer_pool
3455,S4,19,5,0,0,0,transfer_pool
3456,S4,20,5,0,0,0,transfer_pool
3457,S4,21,5,0,0,0,transfer_pool
3458,S4,22,5,0,0,0,transfer_pool
3459,S4,23,5,0,0,0,transfer_pool
3460,S4,24,5,0,0,0,transfer_pool
3461,S4,25,5,0,0,0,transfer_pool
3462,S4,0,6,0,0,0,transfer_pool
3463,S4,1,6,0,0,0,transfer_pool
3464,S4,2,6,1,99,0,transfer_pool
3465,S4,3,6,1,195,0,transfer_pool
3466,S4,4,6,1,12,0,transfer_pool
3467,S4,5,6,1,55,0,transfer_pool
3468,S4,6,6,1,29,0,transfer_pool
3469,S4,7,6,0,0,0,transfer_pool
3470,S4,8,6,1,53,0,transfer_pool
3471,S4,9,6,1,18,0,transfer_pool
3472,S4,10,6,1,245,0,transfer_pool
3473,S4,11,6,1,1946,0,transfer_pool
3474,S4,12,6,1,495,0,transfer_pool
3475,S4,13,6,1,1730,0,transfer_pool
3476,S4,14,6,1,1968,0,transfer_pool
3477,S4,15,6,1,525,0,transfer_pool
3478,S4,16,6,1,410,0,transfer_pool
3479,S4,17,6,1,454,0,transfer_pool
3480,S4,18,6,1,64,0,transfer_pool
3481,S4,19,6,0,0,0,transfer_pool
3482,S4,20,6,0,0,0,transfer_pool
3483,S4,21,6,0,0,0,transfer_pool
3484,S4,22,6,0,0,0,transfer_pool
3485,S4,23,6,0,0,0,transfer_pool
3486,S4,24,6,0,0,0,transfer_pool
3487,S4,25,6,0,0,0,transfer_pool
3488,S4,0,7,0,0,0,transfer_pool
3489,S4,1,7,0,0,0,transfer_pool
3490,S4,2,7,1,468,0,transfer_pool
3491,S4,3,7,1,1400,0,transfer_pool
3492,S4,4,7,1,57,0,transfer_pool
3493,S4,5,7,1,8,0,transfer_pool
3494,S4,6,7,0,0,0,transfer_pool
3495,S4,7,7,0,0,0,transfer_pool
3496,S4,8,7,0,0,0,transfer_pool
3497,S4,9,7,1,57,0,transfer_pool
3498,S4,10,7,1,404,0,transfer_pool
3499,S4,11,7,1,1621,0,transfer_pool
3500,S4,12,7,1,1191,0,transfer_pool
3501,S4,13,7,1,868,0,transfer_pool
3502,S4,14,7,1,696,0,transfer_pool
3503,S4,15,7,1,2023,0,transfer_pool
3504,S4,16,7,1,1481,0,transfer_pool
3505,S4,17,7,1,289,0,transfer_pool
3506,S4,18,7,1,26,0,transfer_pool
3507,S4,19,7,0,0,0,transfer_pool
3508,S4,20,7,0,0,0,transfer_pool
3509,S4,21,7,0,0,0,transfer_pool
3510,S4,22,7,0,0,0,transfer_pool
3511,S4,23,7,0,0,0,transfer_pool
3512,S4,24,7,0,0,0,transfer_pool
3513,S4,25,7,0,0,0,transfer_pool
3514,S4,0,8,0,0,0,transfer_pool
3515,S4,1,8,0,0,0,transfer_pool
3516,S4,2,8,1,74,0,transfer_pool
3517,S4,3,8,1,443,0,transfer_pool
3518,S4,4,8,0,0,0,transfer_pool
3519,S4,5,8,1,940,0,transfer_pool
3520,S4,6,8,1,47,0,transfer_pool
3521,S4,7,8,0,0,0,transfer_pool
3522,S4,8,8,0,0,0,transfer_pool
3523,S4,9,8,0,0,0,transfer_pool
3524,S4,10,8,0,0,0,transfer_pool
3525,S4,11,8,1,823,0,transfer_pool
3526,S4,12,8,1,2060,0,transfer_pool
3527,S4,13,8,1,2572,0,transfer_pool
3528,S4,14,8,1,1159,0,transfer_pool
3529,S4,15,8,1,162,0,transfer_pool
3530,S4,16,8,1,1461,0,transfer_pool
3531,S4,17,8,1,706,0,transfer_pool
3532,S4,18,8,0,0,0,transfer_pool
3533,S4,19,8,0,0,0,transfer_pool
3534,S4,20,8,0,0,0,transfer_pool
3535,S4,21,8,0,0,0,transfer_pool
3536,S4,22,8,0,0,0,transfer_pool
3537,S4,23,8,0,0,0,transfer_pool
3538,S4,24,8,0,0,0,transfer_pool
3539,S4,25,8,0,0,0,transfer_pool
3540,S4,0,9,0,0,0,transfer_pool
3541,S4,1,9,0,0,0,transfer_pool
3542,S4,2,9,0,0,0,transfer_pool
3543,S4,3,9,0,0,0,transfer_pool
3544,S4,4,9,1,450,0,transfer_pool
3545,S4,5,9,1,790,0,transfer_pool
3546,S4,6,9,1,942,0,transfer_pool
3547,S4,7,9,1,24,0,transfer_pool
3548,S4,8,9,0,0,0,transfer_pool
3549,S4,9,9,0,0,0,transfer_pool
3550,S4,10,9,0,0,0,transfer_pool
3551,S4,11,9,1,66,0,transfer_pool
3552,S4,12,9,1,450,0,transfer_pool
3553,S4,13,9,1,582,0,transfer_pool
3554,S4,14,9,1,1419,0,transfer_pool
3555,S4,15,9,1,5,0,transfer_pool
3556,S4,16,9,1,90,0,transfer_pool
3557,S4,17,9,1,725,0,transfer_pool
3558,S4,18,9,0,0,0,transfer_pool
3559,S4,19,9,0,0,0,transfer_pool
3560,S4,20,9,0,0,0,transfer_pool
3561,S4,21,9,0,0,0,transfer_pool
3562,S4,22,9,0,0,0,transfer_pool
3563,S4,23,9,0,0,0,transfer_pool
3564,S4,24,9,0,0,0,transfer_pool
3565,S4,25,9,0,0,0,transfer_pool
3566,S4,0,10,0,0,0,transfer_pool
3567,S4,1,10,0,0,0,transfer_pool
3568,S4,2,10,0,0,0,transfer_pool
3569,S4,3,10,0,0,0,transfer_pool
3570,S4,4,10,0,0,0,transfer_pool
3571,S4,5,10,0,0,0,transfer_pool
3572,S4,6,10,1,225,0,transfer_pool
3573,S4,7,10,1,2000,0,transfer_pool
3574,S4,8,10,1,325,0,transfer_pool
3575,S4,9,10,0,0,0,transfer_pool
3576,S4,10,10,0,0,0,transfer_pool
3577,S4,11,10,0,0,0,transfer_pool
3578,S4,12,10,0,0,0,transfer_pool
3579,S4,13,10,0,0,0,transfer_pool
3580,S4,14,10,1,31,0,transfer_pool
3581,S4,15,10,1,345,0,transfer_pool
3582,S4,16,10,0,0,0,transfer_pool
3583,S4,17,10,0,0,0,transfer_pool
3584,S4,18,10,0,0,0,transfer_pool
3585,S4,19,10,0,0,0,transfer_pool
3586,S4,20,10,0,0,0,transfer_pool
3587,S4,21,10,0,0,0,transfer_pool
3588,S4,22,10,0,0,0,transfer_pool
3589,S4,23,10,0,0,0,transfer_pool
3590,S4,24,10,0,0,0,transfer_pool
3591,S4,25,10,0,0,0,transfer_pool
3592,S4,0,11,0,0,0,transfer_pool
3593,S4,1,11,0,0,0,transfer_pool
3594,S4,2,11,0,0,0,transfer_pool
3595,S4,3,11,0,0,0,transfer_pool
3596,S4,4,11,0,0,0,transfer_pool
3597,S4,5,11,1,363,0,transfer_pool
3598,S4,6,11,1,467,0,transfer_pool
3599,S4,7,11,1,985,0,transfer_pool
3600,S4,8,11,1,736,0,transfer_pool
3601,S4,9,11,1,173,0,transfer_pool
3602,S4,10,11,1,9,0,transfer_pool
3603,S4,11,11,0,0,0,transfer_pool
3604,S4,12,11,0,0,0,transfer_pool
3605,S4,13,11,0,0,0,transfer_pool
3606,S4,14,11,1,25,0,transfer_pool
3607,S4,15,11,0,0,0,transfer_pool
3608,S4,16,11,0,0,0,transfer_pool
3609,S4,17,11,0,0,0,transfer_pool
3610,S4,18,11,0,0,0,transfer_pool
3611,S4,19,11,0,0,0,transfer_pool
3612,S4,20,11,0,0,0,transfer_pool
3613,S4,21,11,0,0,0,transfer_pool
3614,S4,22,11,0,0,0,transfer_pool
3615,S4,23,11,0,0,0,transfer_pool
3616,S4,24,11,0,0,0,transfer_pool
3617,S4,25,11,0,0,0,transfer_pool
3618,S4,0,12,0,0,0,transfer_pool
3619,S4,1,12,0,0,0,transfer_pool
3620,S4,2,12,0,0,0,transfer_pool
3621,S4,3,12,0,0,0,transfer_pool
3622,S4,4,12,0,0,0,transfer_pool
3623,S4,5,12,0,0,0,transfer_pool
3624,S4,6,12,0,0,0,transfer_pool
3625,S4,7,12,0,0,0,transfer_pool
3626,S4,8,12,1,217,0,transfer_pool
3627,S4,9,12,0,0,0,transfer_pool
3628,S4,10,12,1,155,0,transfer_pool
3629,S4,11,12,1,474,0,transfer_pool
3630,S4,12,12,0,0,0,transfer_pool
3631,S4,13,12,0,0,0,transfer_pool
3632,S4,14,12,0,0,0,transfer_pool
3633,S4,15,12,0,0,0,transfer_pool
3634,S4,16,12,0,0,0,transfer_pool
3635,S4,17,12,0,0,0,transfer_pool
3636,S4,18,12,0,0,0,transfer_pool
3637,S4,19,12,0,0,0,transfer_pool
3638,S4,20,12,0,0,0,transfer_pool
3639,S4,21,12,0,0,0,transfer_pool
3640,S4,22,12,0,0,0,transfer_pool
3641,S4,23,12,0,0,0,transfer_pool
3642,S4,24,12,0,0,0,transfer_pool
3643,S4,25,12,0,0,0,transfer_pool
3644,S4,0,13,0,0,0,transfer_pool
3645,S4,1,13,0,0,0,transfer_pool
3646,S4,2,13,0,0,0,transfer_pool
3647,S4,3,13,0,0,0,transfer_pool
3648,S4,4,13,0,0,0,transfer_pool
3649,S4,5,13,0,0,0,transfer_pool
3650,S4,6,13,0,0,0,transfer_pool
3651,S4,7,13,0,0,0,transfer_pool
3652,S4,8,13,0,0,0,transfer_pool
3653,S4,9,13,0,0,0,transfer_pool
3654,S4,10,13,0,0,0,transfer_pool
3655,S4,11,13,0,0,0,transfer_pool
3656,S4,12,13,0,0,0,transfer_pool
3657,S4,13,13,0,0,0,transfer_pool
3658,S4,14,13,0,0,0,transfer_pool
3659,S4,15,13,0,0,0,transfer_pool
3660,S4,16,13,0,0,0,transfer_pool
3661,S4,17,13,0,0,0,transfer_pool
3662,S4,18,13,0,0,0,transfer_pool
3663,S4,19,13,0,0,0,transfer_pool
3664,S4,20,13,0,0,0,transfer_pool
3665,S4,21,13,0,0,0,transfer_pool
3666,S4,22,13,0,0,0,transfer_pool
3667,S4,23,13,0,0,0,transfer_pool
3668,S4,24,13,0,0,0,transfer_pool
3669,S4,25,13,0,0,0,transfer_pool
3670,S4,0,14,0,0,0,transfer_pool
3671,S4,1,14,0,0,0,transfer_pool
3672,S4,2,14,0,0,0,transfer_pool
3673,S4,3,14,0,0,0,transfer_pool
3674,S4,4,14,0,0,0,transfer_pool
3675,S4,5,14,0,0,0,transfer_pool
3676,S4,6,14,0,0,0,transfer_pool
3677,S4,7,14,0,0,0,transfer_pool
3678,S4,8,14,0,0,0,transfer_pool
3679,S4,9,14,0,0,0,transfer_pool
3680,S4,10,14,0,0,0,transfer_pool
3681,S4,11,14,0,0,0,transfer_pool
3682,S4,12,14,0,0,0,transfer_pool
3683,S4,13,14,0,0,0,transfer_pool
3684,S4,14,14,0,0,0,transfer_pool
3685,S4,15,14,0,0,0,transfer_pool
3686,S4,16,14,0,0,0,transfer_pool
3687,S4,17,14,0,0,0,transfer_pool
3688,S4,18,14,1,14,0,transfer_pool
3689,S4,19,14,0,0,0,transfer_pool
3690,S4,20,14,0,0,0,transfer_pool
3691,S4,21,14,0,0,0,transfer_pool
3692,S4,22,14,0,0,0,transfer_pool
3693,S4,23,14,0,0,0,transfer_pool
3694,S4,24,14,0,0,0,transfer_pool
3695,S4,25,14,0,0,0,transfer_pool
3696,S4,0,15,0,0,0,transfer_pool
3697,S4,1,15,0,0,0,transfer_pool
3698,S4,2,15,0,0,0,transfer_pool
3699,S4,3,15,0,0,0,transfer_pool
3700,S4,4,15,0,0,0,transfer_pool
3701,S4,5,15,0,0,0,transfer_pool
3702,S4,6,15,0,0,0,transfer_pool
3703,S4,7,15,0,0,0,transfer_pool
3704,S4,8,15,0,0,0,transfer_pool
3705,S4,9,15,0,0,0,transfer_pool
3706,S4,10,15,0,0,0,transfer_pool
3707,S4,11,15,0,0,0,transfer_pool
3708,S4,12,15,0,0,0,transfer_pool
3709,S4,13,15,0,0,0,transfer_pool
3710,S4,14,15,0,0,0,transfer_pool
3711,S4,15,15,0,0,0,transfer_pool
3712,S4,16,15,0,0,0,transfer_pool
3713,S4,17,15,1,59,0,transfer_pool
3714,S4,18,15,0,0,0,transfer_pool
3715,S4,19,15,0,0,0,transfer_pool
3716,S4,20,15,1,13,0,transfer_pool
3717,S4,21,15,0,0,0,transfer_pool
3718,S4,22,15,0,0,0,transfer_pool
3719,S4,23,15,0,0,0,transfer_pool
3720,S4,24,15,0,0,0,transfer_pool
3721,S4,25,15,0,0,0,transfer_pool
3722,S4,0,16,0,0,0,transfer_pool
3723,S4,1,16,0,0,0,transfer_pool
3724,S4,2,16,0,0,0,transfer_pool
3725,S4,3,16,1,33,0,transfer_pool
3726,S4,4,16,0,0,0,transfer_pool
3727,S4,5,16,0,0,0,transfer_pool
3728,S4,6,16,0,0,0,transfer_pool
3729,S4,7,16,0,0,0,transfer_pool
3730,S4,8,16,0,0,0,transfer_pool
3731,S4,9,16,0,0,0,transfer_pool
3732,S4,10,16,0,0,0,transfer_pool
3733,S4,11,16,0,0,0,transfer_pool
3734,S4,12,16,0,0,0,transfer_pool
3735,S4,13,16,0,0,0,transfer_pool
3736,S4,14,16,0,0,0,transfer_pool
3737,S4,15,16,0,0,0,transfer_pool
3738,S4,16,16,0,0,0,transfer_pool
3739,S4,17,16,0,0,0,transfer_pool
3740,S4,18,16,0,0,0,transfer_pool
3741,S4,19,16,0,0,0,transfer_pool
3742,S4,20,16,0,0,0,transfer_pool
3743,S4,21,16,0,0,0,transfer_pool
3744,S4,22,16,0,0,0,transfer_pool
3745,S4,23,16,0,0,0,transfer_pool
3746,S4,24,16,0,0,0,transfer_pool
3747,S4,25,16,0,0,0,transfer_pool
3748,S4,0,17,0,0,0,transfer_pool
3749,S4,1,17,0,0,0,transfer_pool
3750,S4,2,17,0,0,0,transfer_pool
3751,S4,3,17,0,0,0,transfer_pool
3752,S4,4,17,0,0,0,transfer_pool
3753,S4,5,17,0,0,0,transfer_pool
3754,S4,6,17,0,0,0,transfer_pool
3755,S4,7,17,0,0,0,transfer_pool
3756,S4,8,17,0,0,0,transfer_pool
3757,S4,9,17,0,0,0,transfer_pool
3758,S4,10,17,0,0,0,transfer_pool
3759,S4,11,17,0,0,0,transfer_pool
3760,S4,12,17,0,0,0,transfer_pool
3761,S4,13,17,0,0,0,transfer_pool
3762,S4,14,17,0,0,0,transfer_pool
3763,S4,15,17,0,0,0,transfer_pool
3764,S4,16,17,0,0,0,transfer_pool
3765,S4,17,17,0,0,0,transfer_pool
3766,S4,18,17,0,0,0,transfer_pool
3767,S4,19,17,0,0,0,transfer_pool
3768,S4,20,17,0,0,0,transfer_pool
3769,S4,21,17,0,0,0,transfer_pool
3770,S4,22,17,0,0,0,transfer_pool
3771,S4,23,17,0,0,0,transfer_pool
3772,S4,24,17,0,0,0,transfer_pool
3773,S4,25,17,0,0,0,transfer_pool
3774,S4,0,18,0,0,0,transfer_pool
3775,S4,1,18,0,0,0,transfer_pool
3776,S4,2,18,0,0,0,transfer_pool
3777,S4,3,18,0,0,0,transfer_pool
3778,S4,4,18,0,0,0,transfer_pool
3779,S4,5,18,0,0,0,transfer_pool
3780,S4,6,18,0,0,0,transfer_pool
3781,S4,7,18,0,0,0,transfer_pool
3782,S4,8,18,0,0,0,transfer_pool
3783,S4,9,18,0,0,0,transfer_pool
3784,S4,10,18,0,0,0,transfer_pool
3785,S4,11,18,0,0,0,transfer_pool
3786,S4,12,18,0,0,0,transfer_pool
3787,S4,13,18,0,0,0,transfer_pool
3788,S4,14,18,0,0,0,transfer_pool
3789,S4,15,18,0,0,0,transfer_pool
3790,S4,16,18,0,0,0,transfer_pool
3791,S4,17,18,0,0,0,transfer_pool
3792,S4,18,18,0,0,0,transfer_pool
3793,S4,19,18,0,0,0,transfer_pool
3794,S4,20,18,0,0,0,transfer_pool
3795,S4,21,18,0,0,0,transfer_pool
3796,S4,22,18,0,0,0,transfer_pool
3797,S4,23,18,0,0,0,transfer_pool
3798,S4,24,18,0,0,0,transfer_pool
3799,S4,25,18,0,0,0,transfer_pool
