id,region,partition,class,code,n_matched_finite
1934504,frh04,test,temporary meadows,RGA,38
1939848,frh04,test,permanent meadows,PRL,38
1946461,frh04,test,temporary meadows,PTR,38
1946468,frh04,test,corn,MIE,38
1946554,frh04,test,wheat,BTH,38
1946565,frh04,test,corn,MIE,38
1946640,frh04,test,corn,MIE,38
1950203,frh04,test,permanent meadows,PPH,22
1950209,frh04,test,permanent meadows,PPH,22
1950283,frh04,test,corn,MIE,22
1950376,frh04,test,corn,MIE,22
1950664,frh04,test,temporary meadows,PTR,38
1958881,frh04,test,permanent meadows,PPH,22
1958883,frh04,test,permanent meadows,PPH,22
1958889,frh04,test,permanent meadows,PPH,22
1959116,frh04,test,permanent meadows,PRL,47
1979415,frh04,test,wheat,BTH,22
1979421,frh04,test,corn,MIE,22
1981335,frh04,test,corn,MIS,22
1981336,frh04,test,corn,MIS,22
2001056,frh04,test,permanent meadows,PPH,38
2013991,frh04,test,wheat,BTH,47
2019716,frh04,test,barley,ORP,22
2025314,frh04,test,temporary meadows,PTR,22
2038549,frh04,test,corn,MIS,22
2063254,frh04,test,temporary meadows,PTR,22
2068092,frh04,test,wheat,BTH,22
2071537,frh04,test,temporary meadows,PTR,22
2073682,frh04,test,wheat,BTH,22
2086726,frh04,test,temporary meadows,PTR,47
2095570,frh04,test,temporary meadows,PTR,22
2106583,frh04,test,wheat,BTH,47
2124732,frh04,test,temporary meadows,RGA,38
2137975,frh04,test,temporary meadows,PTR,22
2140947,frh04,test,temporary meadows,RGA,22
2151709,frh04,test,wheat,BTH,47
2156069,frh04,test,temporary meadows,RGA,22
2814162,frh04,test,corn,MIS,38
2825100,frh04,test,temporary meadows,PTR,38
2841763,frh04,test,permanent meadows,PPH,38
2848094,frh04,test,permanent meadows,PPH,58
2854783,frh04,test,permanent meadows,PPH,38
2854784,frh04,test,wheat,BTH,38
2856558,frh04,test,temporary meadows,RGA,38
2886837,frh04,test,temporary meadows,RGA,58
2889606,frh04,test,corn,MIE,38
2895078,frh04,test,corn,MIE,38
2895146,frh04,test,corn,MIE,38
2895149,frh04,test,temporary meadows,RGA,38
2902523,frh04,test,wheat,BTH,38
2904358,frh04,test,barley,ORH,38
2937352,frh04,test,barley,ORH,58
2945804,frh04,test,corn,MIE,38
2955327,frh04,test,rapeseed,CZH,58
3635417,frh04,test,corn,MIS,22
3653545,frh04,test,permanent meadows,PRL,24
3655221,frh04,test,permanent meadows,PRL,22
3688428,frh04,test,corn,MIS,22
3695705,frh04,test,rapeseed,CZH,26
3713586,frh04,test,temporary meadows,RGA,22
3717037,frh04,test,corn,MIS,22
3736081,frh04,test,wheat,BTH,22
3784157,frh04,test,temporary meadows,RGA,26
3796957,frh04,test,corn,MIE,22
4659832,frh04,test,temporary meadows,PTR,24
4668448,frh04,test,permanent meadows,PPH,24
4707572,frh04,test,temporary meadows,PTR,24
4708310,frh04,test,permanent meadows,PPH,24
4708390,frh04,test,corn,MIE,24
4731035,frh04,test,wheat,BTH,24
4731038,frh04,test,corn,MIE,24
5057975,frh04,test,corn,MIS,26
6017298,frh04,test,corn,MIS,26
6017460,frh04,test,corn,MIE,24
6017489,frh04,test,temporary meadows,RGA,26
6017646,frh04,test,wheat,BTH,22
6017654,frh04,test,wheat,BTH,22
6017660,frh04,test,barley,ORH,26
6017761,frh04,test,wheat,BTH,22
6017762,frh04,test,wheat,BTH,60
6017766,frh04,test,corn,MIS,60
6017792,frh04,test,barley,ORP,26
6017796,frh04,test,permanent meadows,PPH,26
6017816,frh04,test,permanent meadows,PPH,38
6017914,frh04,test,temporary meadows,PTR,47
6017940,frh04,test,temporary meadows,PTR,24
6017949,frh04,test,corn,MIS,58
6017958,frh04,test,corn,MIE,40
6017980,frh04,test,rapeseed,CZH,47
6018054,frh04,test,permanent meadows,PPH,38
6018077,frh04,test,corn,MIS,22
6018084,frh04,test,barley,ORH,24
6018118,frh04,test,temporary meadows,PTR,24
6018166,frh04,test,corn,MIS,58
6018186,frh04,test,barley,ORP,47
6018234,frh04,test,corn,MIS,53
6018285,frh04,test,corn,MIS,53
6018296,frh04,test,permanent meadows,PPH,53
6018321,frh04,test,temporary meadows,PTR,24
6018383,frh04,test,permanent meadows,PRL,53
6018386,frh04,test,barley,ORP,58
6018403,frh04,test,wheat,BTH,53
6018452,frh04,test,rapeseed,CZH,26
6018464,frh04,test,permanent meadows,PRL,38
6018477,frh04,test,temporary meadows,PTR,32
6018497,frh04,test,corn,MIE,22
6018553,frh04,test,wheat,BTH,40
6018568,frh04,test,corn,MIS,47
6018591,frh04,test,temporary meadows,PTR,32
6018630,frh04,test,temporary meadows,PTR,24
6018653,frh04,test,permanent meadows,PRL,22
6018715,frh04,test,permanent meadows,PPH,24
6018743,frh04,test,corn,MIE,47
6018761,frh04,test,corn,MIE,22
6018846,frh04,test,rapeseed,CZH,47
6018856,frh04,test,wheat,BTH,24
6018864,frh04,test,wheat,BTH,26
6018865,frh04,test,wheat,BTH,24
6018907,frh04,test,permanent meadows,PPH,22
6018915,frh04,test,corn,MIE,38
6018918,frh04,test,barley,ORH,38
6018933,frh04,test,permanent meadows,PRL,38
6018942,frh04,test,temporary meadows,PTR,38
6018947,frh04,test,permanent meadows,PPH,38
6019008,frh04,test,wheat,BTH,38
6019030,frh04,test,permanent meadows,PPH,26
6019061,frh04,test,wheat,BTH,22
6019062,frh04,test,permanent meadows,PPH,22
6019063,frh04,test,temporary meadows,RGA,22
6019077,frh04,test,temporary meadows,PTR,58
6019205,frh04,test,rapeseed,CZH,47
6019210,frh04,test,corn,MIS,38
6019259,frh04,test,corn,MIE,22
6019295,frh04,test,corn,MIS,47
6019318,frh04,test,temporary meadows,PTR,53
6019328,frh04,test,barley,ORH,53
6019330,frh04,test,corn,MIS,53
6019365,frh04,test,wheat,BTH,24
6019420,frh04,test,corn,MIS,53
6019431,frh04,test,corn,MIS,53
6019478,frh04,test,barley,ORH,24
6019480,frh04,test,permanent meadows,PRL,24
6019501,frh04,test,corn,MIE,26
6019519,frh04,test,wheat,BTH,26
6019538,frh04,test,permanent meadows,PRL,38
6019560,frh04,test,temporary meadows,RGA,24
6019603,frh04,test,wheat,BTH,26
6019672,frh04,test,corn,MIS,22
6019698,frh04,test,permanent meadows,PRL,26
6019722,frh04,test,wheat,BTH,24
6019754,frh04,test,corn,MIS,47
6019777,frh04,test,corn,MIS,38
6019779,frh04,test,temporary meadows,RGA,24
6019783,frh04,test,permanent meadows,PPH,24
6019795,frh04,test,permanent meadows,PPH,53
6019803,frh04,test,permanent meadows,PPH,26
6019817,frh04,test,corn,MIE,26
6019847,frh04,test,corn,MIS,40
6019850,frh04,test,permanent meadows,PPH,47
6019863,frh04,test,temporary meadows,PTR,38
6019874,frh04,test,corn,MIE,47
6019877,frh04,test,temporary meadows,RGA,47
6019900,frh04,test,permanent meadows,PPH,26
6019994,frh04,test,corn,MIS,47
6020000,frh04,test,corn,MIS,47
6020016,frh04,test,wheat,BTH,24
6020017,frh04,test,wheat,BTH,24
6020095,frh04,test,wheat,BTH,22
6020241,frh04,test,permanent meadows,PPH,24
6020255,frh04,test,wheat,BTH,47
6020271,frh04,test,wheat,BTH,47
6020288,frh04,test,permanent meadows,PRL,38
6020320,frh04,test,corn,MIS,26
6020514,frh04,test,barley,ORH,24
6020522,frh04,test,corn,MIS,22
6020538,frh04,test,wheat,BTH,24
6020583,frh04,test,temporary meadows,RGA,38
6020612,frh04,test,wheat,BTH,26
6020625,frh04,test,permanent meadows,PPH,24
6020659,frh04,test,wheat,BTH,24
6020661,frh04,test,corn,MIE,24
6020693,frh04,test,corn,MIS,38
6020715,frh04,test,permanent meadows,PPH,24
6020718,frh04,test,permanent meadows,PPH,22
6020793,frh04,test,permanent meadows,PPH,26
6020846,frh04,test,corn,MIE,22
6020905,frh04,test,corn,MIS,47
6020950,frh04,test,corn,MIE,38
6020967,frh04,test,permanent meadows,PPH,24
6021019,frh04,test,corn,MIE,25
6021028,frh04,test,permanent meadows,PPH,38
6021063,frh04,test,corn,MIE,22
6021103,frh04,test,permanent meadows,PPH,38
6021105,frh04,test,orchards,VRG,38
6021176,frh04,test,wheat,BTH,58
6021385,frh04,test,corn,MIE,38
6021458,frh04,test,corn,MIS,24
6021461,frh04,test,wheat,BTH,24
6021510,frh04,test,corn,MIS,24
6021513,frh04,test,permanent meadows,PPH,24
6021561,frh04,test,permanent meadows,PPH,38
6021588,frh04,test,corn,MIE,26
6021668,frh04,test,rapeseed,CZH,24
6021680,frh04,test,permanent meadows,PPH,22
6021689,frh04,test,corn,MIS,22
6021708,frh04,test,wheat,BTH,38
6021731,frh04,test,temporary meadows,RGA,38
6021752,frh04,test,permanent meadows,PPH,24
6021759,frh04,test,rapeseed,CZH,38
6021764,frh04,test,corn,MIE,47
6021771,frh04,test,corn,MIE,47
6021773,frh04,test,permanent meadows,PPH,47
6021849,frh04,test,permanent meadows,PPH,47
6021944,frh04,test,corn,MIE,24
6021952,frh04,test,permanent meadows,PPH,58
6021968,frh04,test,barley,ORH,22
6021988,frh04,test,wheat,BTH,24
6022018,frh04,test,wheat,BTH,24
6022082,frh04,test,corn,MIE,24
6022086,frh04,test,wheat,BTH,24
6022132,frh04,test,wheat,BTH,58
6022178,frh04,test,wheat,BTH,22
6022192,frh04,test,wheat,BTH,22
6022204,frh04,test,corn,MIS,22
6022226,frh04,test,rapeseed,CZH,58
6022244,frh04,test,permanent meadows,PPH,24
6022258,frh04,test,temporary meadows,RGA,38
6022279,frh04,test,corn,MIE,24
6022287,frh04,test,permanent meadows,PPH,22
6022376,frh04,test,permanent meadows,PRL,22
6022408,frh04,test,wheat,BTH,58
6022431,frh04,test,wheat,BTH,58
6022525,frh04,test,corn,MIS,58
6022531,frh04,test,corn,MIS,58
6022547,frh04,test,temporary meadows,PTR,24
6022574,frh04,test,temporary meadows,RGA,26
6022608,frh04,test,permanent meadows,PPH,53
6022609,frh04,test,temporary meadows,PTR,53
6022621,frh04,test,temporary meadows,PTR,38
6022640,frh04,test,temporary meadows,PTR,38
6022741,frh04,test,wheat,BTH,24
6022765,frh04,test,corn,MIE,47
6022815,frh04,test,temporary meadows,RGA,24
6022845,frh04,test,wheat,BTH,38
6022867,frh04,test,temporary meadows,PTR,22
6022899,frh04,test,permanent meadows,PRL,24
6022911,frh04,test,temporary meadows,RGA,62
6022913,frh04,test,corn,MIE,62
6022927,frh04,test,permanent meadows,PPH,38
6022933,frh04,test,corn,MIE,38
6022999,frh04,test,wheat,BTH,62
6023062,frh04,test,temporary meadows,RGA,38
6023070,frh04,test,temporary meadows,RGA,38
6023129,frh04,test,corn,MIE,26
6023132,frh04,test,temporary meadows,PTR,38
6023169,frh04,test,temporary meadows,RGA,24
6023454,frh04,test,temporary meadows,PTR,26
6023456,frh04,test,permanent meadows,PPH,58
6023488,frh04,test,temporary meadows,PTR,22
6023489,frh04,test,temporary meadows,PTR,22
6023494,frh04,test,corn,MIS,22
6023531,frh04,test,permanent meadows,PPH,38
6023576,frh04,test,permanent meadows,PRL,24
6023579,frh04,test,permanent meadows,PRL,24
6023580,frh04,test,temporary meadows,PTR,24
6023583,frh04,test,temporary meadows,PTR,24
6023591,frh04,test,corn,MIE,40
6023620,frh04,test,wheat,BTH,22
6023636,frh04,test,corn,MIS,26
6023719,frh04,test,temporary meadows,PTR,32
6023728,frh04,test,permanent meadows,PPH,24
6023734,frh04,test,permanent meadows,PPH,24
6023794,frh04,test,corn,MIE,53
6023864,frh04,test,temporary meadows,PTR,24
6023915,frh04,test,wheat,BTH,22
6023953,frh04,test,permanent meadows,PPH,24
6023972,frh04,test,permanent meadows,PPH,32
6023973,frh04,test,wheat,BTH,22
6024020,frh04,test,permanent meadows,PPH,24
6024062,frh04,test,wheat,BTH,22
6024147,frh04,test,corn,MIS,38
6024172,frh04,test,permanent meadows,PPH,24
6024209,frh04,test,temporary meadows,PTR,22
6024212,frh04,test,temporary meadows,PTR,22
6024236,frh04,test,corn,MIS,38
6024250,frh04,test,wheat,BTH,24
6024278,frh04,test,corn,MIS,38
6024291,frh04,test,temporary meadows,PTR,22
6024300,frh04,test,corn,MIS,22
6024346,frh04,test,corn,MIE,26
6024347,frh04,test,wheat,BTH,26
6024390,frh04,test,temporary meadows,PTR,22
6024477,frh04,test,corn,MIS,47
6024514,frh04,test,permanent meadows,PPH,24
6024560,frh04,test,corn,MIS,22
6024576,frh04,test,wheat,BTH,22
6024600,frh04,test,wheat,BTH,22
6024669,frh04,test,temporary meadows,PTR,53
6024674,frh04,test,temporary meadows,PTR,53
6024687,frh04,test,wheat,BTH,24
6024689,frh04,test,wheat,BTH,24
6024713,frh04,test,corn,MIS,24
6024769,frh04,test,permanent meadows,PRL,53
6024833,frh04,test,temporary meadows,PTR,38
6024844,frh04,test,permanent meadows,PPH,38
6024850,frh04,test,permanent meadows,PPH,38
6024883,frh04,test,corn,MIS,36
6024891,frh04,test,corn,MIS,34
6024895,frh04,test,wheat,BTH,22
6024988,frh04,test,temporary meadows,PTR,53
6025001,frh04,test,temporary meadows,PTR,22
6025014,frh04,test,permanent meadows,PPH,22
6025143,frh04,test,temporary meadows,RGA,22
6025203,frh04,test,permanent meadows,PPH,38
6025230,frh04,test,wheat,BTH,58
6025273,frh04,test,barley,ORH,24
6025316,frh04,test,corn,MIE,22
6025331,frh04,test,corn,MIE,53
6025422,frh04,test,wheat,BTH,47
6025523,frh04,test,permanent meadows,PPH,60
6025532,frh04,test,corn,MIS,47
6025558,frh04,test,permanent meadows,PRL,38
6025565,frh04,test,permanent meadows,PRL,38
6025629,frh04,test,corn,MIS,33
6025636,frh04,test,temporary meadows,PTR,24
6025648,frh04,test,temporary meadows,PTR,24
6025685,frh04,test,wheat,BTH,38
6025687,frh04,test,wheat,BTH,38
6025710,frh04,test,wheat,BTH,26
6025770,frh04,test,corn,MIS,22
6025796,frh04,test,permanent meadows,PRL,24
6025809,frh04,test,permanent meadows,PRL,38
6025844,frh04,test,permanent meadows,PRL,24
6025872,frh04,test,temporary meadows,RGA,24
6025877,frh04,test,temporary meadows,RGA,24
6025936,frh04,test,permanent meadows,PRL,24
6025943,frh04,test,temporary meadows,RGA,24
6025961,frh04,test,wheat,BTH,47
6025967,frh04,test,barley,ORH,47
6026039,frh04,test,corn,MIS,24
6026046,frh04,test,corn,MIS,22
6026059,frh04,test,wheat,BTH,22
6026131,frh04,test,wheat,BTH,38
6026140,frh04,test,corn,MIS,22
6026240,frh04,test,temporary meadows,PTR,26
6026297,frh04,test,temporary meadows,PTR,24
6026316,frh04,test,wheat,BTH,24
6026341,frh04,test,permanent meadows,PRL,22
6026345,frh04,test,wheat,BTH,22
6026360,frh04,test,barley,ORH,22
6026378,frh04,test,temporary meadows,PTR,58
6026446,frh04,test,corn,MIS,26
6026454,frh04,test,corn,MIS,38
6026459,frh04,test,temporary meadows,PTR,38
6026482,frh04,test,corn,MIE,53
6026507,frh04,test,corn,MIS,22
6026560,frh04,test,temporary meadows,RGA,38
6026623,frh04,test,barley,ORH,47
6026634,frh04,test,corn,MIS,47
6026643,frh04,test,temporary meadows,RGA,38
6026707,frh04,test,temporary meadows,PTR,26
6026858,frh04,test,corn,MIE,24
6026869,frh04,test,temporary meadows,PTR,22
6026871,frh04,test,wheat,BTH,58
6026878,frh04,test,barley,ORH,58
6026885,frh04,test,permanent meadows,PPH,24
6026904,frh04,test,corn,MIS,40
6026951,frh04,test,wheat,BTH,38
6026986,frh04,test,temporary meadows,PTR,38
6027033,frh04,test,temporary meadows,PTR,38
6027068,frh04,test,temporary meadows,PTR,22
6027137,frh04,test,corn,MIE,32
6027164,frh04,test,temporary meadows,PTR,24
6027184,frh04,test,corn,MIE,38
6027231,frh04,test,permanent meadows,PPH,32
6027245,frh04,test,permanent meadows,PPH,24
6027300,frh04,test,corn,MIE,38
6027396,frh04,test,corn,MIS,24
6027397,frh04,test,wheat,BTH,24
6027443,frh04,test,permanent meadows,PPH,48
6027453,frh04,test,permanent meadows,PPH,47
6027455,frh04,test,permanent meadows,PPH,46
6027513,frh04,test,temporary meadows,PTR,24
6027571,frh04,test,corn,MIS,22
6027572,frh04,test,barley,ORH,22
6027646,frh04,test,temporary meadows,PTR,26
6027691,frh04,test,permanent meadows,PRL,47
6027703,frh04,test,wheat,BTH,47
6027710,frh04,test,corn,MIE,24
6027724,frh04,test,permanent meadows,PPH,24
6027735,frh04,test,wheat,BTH,24
6027753,frh04,test,wheat,BTH,24
6027754,frh04,test,barley,ORP,24
6027799,frh04,test,corn,MIS,22
6027814,frh04,test,corn,MIS,22
6027849,frh04,test,temporary meadows,RGA,40
6027862,frh04,test,wheat,BTH,47
6027926,frh04,test,corn,MIS,24
6027983,frh04,test,permanent meadows,PPH,24
6027993,frh04,test,corn,MIE,22
6028028,frh04,test,corn,MIS,22
6028047,frh04,test,temporary meadows,RGA,38
6028082,frh04,test,barley,ORH,24
6028084,frh04,test,permanent meadows,PRL,24
6028125,frh04,test,corn,MIE,24
6028170,frh04,test,temporary meadows,PTR,53
6028173,frh04,test,corn,MIE,53
6028256,frh04,test,permanent meadows,PPH,53
6028266,frh04,test,corn,MIE,53
6028290,frh04,test,temporary meadows,RGA,22
6028308,frh04,test,corn,MIS,58
6028324,frh04,test,temporary meadows,RGA,24
6028392,frh04,test,corn,MIS,58
6028457,frh04,test,wheat,BTH,38
6028469,frh04,test,rapeseed,CZH,47
6028488,frh04,test,wheat,BTH,26
6028521,frh04,test,permanent meadows,PPH,26
6028543,frh04,test,wheat,BTH,38
6028547,frh04,test,permanent meadows,PPH,38
6028599,frh04,test,temporary meadows,RGA,24
6028631,frh04,test,corn,MIE,22
6028758,frh04,test,wheat,BTH,24
6028841,frh04,test,corn,MIS,22
6028848,frh04,test,rapeseed,CZH,22
6028913,frh04,test,temporary meadows,PTR,32
6028926,frh04,test,temporary meadows,PTR,47
6028944,frh04,test,temporary meadows,PTR,24
6028957,frh04,test,wheat,BTH,24
6028959,frh04,test,permanent meadows,PPH,24
6028968,frh04,test,temporary meadows,PTR,48
6028971,frh04,test,permanent meadows,PRL,53
6028990,frh04,test,corn,MIE,32
6029036,frh04,test,temporary meadows,PTR,24
6029044,frh04,test,wheat,BTH,24
6029080,frh04,test,temporary meadows,PTR,24
6029142,frh04,test,temporary meadows,RGA,24
6029169,frh04,test,permanent meadows,PRL,36
6029247,frh04,test,permanent meadows,PRL,51
6029285,frh04,test,temporary meadows,PTR,22
6029293,frh04,test,corn,MIE,22
6029298,frh04,test,corn,MIE,26
6029315,frh04,test,permanent meadows,PPH,38
6029345,frh04,test,permanent meadows,PPH,46
6029506,frh04,test,wheat,BTH,24
6029526,frh04,test,temporary meadows,PTR,38
6029540,frh04,test,temporary meadows,PTR,38
6029593,frh04,test,permanent meadows,PPH,38
6029673,frh04,test,wheat,BTH,22
6029711,frh04,test,permanent meadows,PPH,47
6029847,frh04,test,temporary meadows,PTR,24
6029884,frh04,test,corn,MIE,24
6029935,frh04,test,temporary meadows,PTR,26
6029974,frh04,test,barley,ORH,36
6029977,frh04,test,permanent meadows,PPH,24
6030006,frh04,test,permanent meadows,PPH,26
6030052,frh04,test,permanent meadows,PPH,24
6030103,frh04,test,wheat,BTH,38
6030109,frh04,test,corn,MIS,24
6030146,frh04,test,corn,MIE,24
6030191,frh04,test,wheat,BTH,22
6030246,frh04,test,temporary meadows,PTR,53
6030247,frh04,test,temporary meadows,PTR,53
6030248,frh04,test,temporary meadows,PTR,53
6030283,frh04,test,temporary meadows,RGA,22
6030321,frh04,test,temporary meadows,PTR,53
6030372,frh04,test,permanent meadows,PRL,22
6030398,frh04,test,corn,MIE,32
6030424,frh04,test,temporary meadows,PTR,22
6030471,frh04,test,corn,MIE,38
6030534,frh04,test,temporary meadows,PTR,22
6030569,frh04,test,temporary meadows,PTR,38
6030594,frh04,test,corn,MIS,47
6030603,frh04,test,temporary meadows,PTR,22
6030648,frh04,test,corn,MIE,32
6030691,frh04,test,temporary meadows,RGA,38
6030701,frh04,test,temporary meadows,PTR,24
6030717,frh04,test,corn,MIE,53
6030737,frh04,test,corn,MIE,32
6030756,frh04,test,wheat,BTH,22
6030836,frh04,test,temporary meadows,PTR,26
6030883,frh04,test,temporary meadows,PTR,24
6030887,frh04,test,permanent meadows,PRL,24
6030943,frh04,test,barley,ORH,22
6030947,frh04,test,temporary meadows,PTR,24
6030991,frh04,test,temporary meadows,PTR,38
6031031,frh04,test,corn,MIE,22
6031032,frh04,test,temporary meadows,PTR,22
6031062,frh04,test,corn,MIE,24
6031071,frh04,test,corn,MIE,38
6031133,frh04,test,temporary meadows,RGA,24
6031217,frh04,test,temporary meadows,PTR,38
6031234,frh04,test,permanent meadows,PRL,22
6031294,frh04,test,wheat,BTH,30
6031301,frh04,test,permanent meadows,PPH,36
6031336,frh04,test,corn,MIE,22
6031345,frh04,test,corn,MIE,22
6031406,frh04,test,temporary meadows,PTR,38
6031476,frh04,test,permanent meadows,PPH,24
6031488,frh04,test,corn,MIS,24
6031548,frh04,test,rapeseed,CZH,22
6031581,frh04,test,temporary meadows,RGA,53
6031600,frh04,test,permanent meadows,PPH,22
6031611,frh04,test,corn,MIE,24
6031739,frh04,test,temporary meadows,PTR,38
6031752,frh04,test,temporary meadows,PTR,38
6031813,frh04,test,corn,MIE,24
6031845,frh04,test,wheat,BTH,26
6031846,frh04,test,temporary meadows,PTR,26
6031962,frh04,test,rapeseed,CZH,38
6031968,frh04,test,corn,MIE,38
6031969,frh04,test,temporary meadows,PTR,38
6031978,frh04,test,rapeseed,CZH,38
6031992,frh04,test,permanent meadows,PPH,32
6031994,frh04,test,permanent meadows,PPH,53
6032007,frh04,test,wheat,BTH,22
6032070,frh04,test,barley,ORH,38
6032082,frh04,test,corn,MIS,26
6032110,frh04,test,wheat,BTH,22
6032124,frh04,test,permanent meadows,PPH,58
6032131,frh04,test,corn,MIS,58
6032138,frh04,test,temporary meadows,RGA,53
6032200,frh04,test,temporary meadows,RGA,22
6032217,frh04,test,corn,MIE,32
6032236,frh04,test,corn,MIS,38
6032265,frh04,test,corn,MIS,47
6032272,frh04,test,wheat,BTH,47
6032306,frh04,test,permanent meadows,PPH,32
6032399,frh04,test,temporary meadows,PTR,24
6032401,frh04,test,permanent meadows,PPH,24
6032429,frh04,test,temporary meadows,PTR,24
6032441,frh04,test,permanent meadows,PPH,53
6032450,frh04,test,permanent meadows,PRL,26
6032473,frh04,test,corn,MIE,24
6032479,frh04,test,permanent meadows,PRL,24
6032487,frh04,test,temporary meadows,PTR,24
6032501,frh04,test,temporary meadows,PTR,24
6032506,frh04,test,permanent meadows,PPH,24
6032515,frh04,test,corn,MIE,53
6032592,frh04,test,temporary meadows,PTR,58
6032655,frh04,test,corn,MIE,38
6032683,frh04,test,corn,MIE,47
6032684,frh04,test,temporary meadows,PTR,47
6032693,frh04,test,temporary meadows,PTR,47
6032713,frh04,test,corn,MIE,24
6032722,frh04,test,rapeseed,CZP,38
6032786,frh04,test,corn,MIE,38
6032863,frh04,test,temporary meadows,PTR,38
6032916,frh04,test,temporary meadows,PTR,38
6032991,frh04,test,rapeseed,CZH,38
6033006,frh04,test,wheat,BTH,22
6033061,frh04,test,temporary meadows,RGA,38
6033070,frh04,test,temporary meadows,RGA,38
6033144,frh04,test,permanent meadows,PPH,38
6033198,frh04,test,permanent meadows,PPH,24
6033210,frh04,test,corn,MIS,38
6033266,frh04,test,permanent meadows,PPH,24
6033376,frh04,test,corn,MIE,24
6033387,frh04,test,barley,ORH,24
6033400,frh04,test,corn,MIE,24
6033412,frh04,test,temporary meadows,RGA,22
6033426,frh04,test,permanent meadows,PPH,24
6033438,frh04,test,permanent meadows,PPH,24
6033473,frh04,test,corn,MIE,24
6033507,frh04,test,temporary meadows,PTR,22
6033543,frh04,test,corn,MIE,22
6033580,frh04,test,temporary meadows,RGA,22
6033614,frh04,test,permanent meadows,PPH,24
6033626,frh04,test,permanent meadows,PRL,24
6033711,frh04,test,corn,MIS,22
6033752,frh04,test,corn,MIE,26
6033769,frh04,test,permanent meadows,PPH,24
6033815,frh04,test,wheat,BTH,24
6033847,frh04,test,barley,ORH,26
6033922,frh04,test,permanent meadows,PRL,26
6033942,frh04,test,wheat,BTH,38
6034151,frh04,test,barley,ORP,38
6034169,frh04,test,corn,MIE,58
6034174,frh04,test,permanent meadows,PRL,24
6034235,frh04,test,barley,ORP,38
6034241,frh04,test,permanent meadows,PPH,38
6034285,frh04,test,wheat,BTH,24
6034293,frh04,test,corn,MIE,24
6034308,frh04,test,temporary meadows,RGA,22
6034318,frh04,test,barley,ORH,22
6034407,frh04,test,temporary meadows,PTR,38
6034427,frh04,test,temporary meadows,PTR,24
6034438,frh04,test,permanent meadows,PPH,24
6034483,frh04,test,temporary meadows,PTR,50
6034630,frh04,test,corn,MIE,38
6034651,frh04,test,temporary meadows,PTR,52
6034745,frh04,test,corn,MIE,24
6034758,frh04,test,corn,MIE,38
6034772,frh04,test,temporary meadows,RGA,38
6034781,frh04,test,permanent meadows,PRL,24
6034816,frh04,test,permanent meadows,PPH,22
6034891,frh04,test,temporary meadows,PTR,38
6034940,frh04,test,corn,MIS,22
6034981,frh04,test,temporary meadows,PTR,58
6034998,frh04,test,corn,MIS,22
6035066,frh04,test,wheat,BTH,22
6035106,frh04,test,temporary meadows,PTR,24
6035133,frh04,test,wheat,BTH,22
6035195,frh04,test,temporary meadows,RGA,38
6035238,frh04,test,corn,MIE,22
6035278,frh04,test,temporary meadows,RGA,38
6035342,frh04,test,temporary meadows,PTR,38
6035358,frh04,test,wheat,BTH,38
6035361,frh04,test,temporary meadows,RGA,38
6035364,frh04,test,temporary meadows,PTR,38
6035390,frh04,test,corn,MIE,22
6035430,frh04,test,corn,MIE,38
6035461,frh04,test,permanent meadows,PRL,24
6035464,frh04,test,temporary meadows,PTR,24
6035514,frh04,test,corn,MIE,38
6035580,frh04,test,corn,MIE,38
6035609,frh04,test,corn,MIE,38
6035712,frh04,test,wheat,BTH,38
6036013,frh04,test,wheat,BTH,24
6036028,frh04,test,wheat,BTH,40
6036052,frh04,test,temporary meadows,PTR,47
6036096,frh04,test,temporary meadows,PTR,24
6036122,frh04,test,temporary meadows,PTR,47
6036123,frh04,test,temporary meadows,PTR,47
6036136,frh04,test,temporary meadows,RGA,26
6036139,frh04,test,rapeseed,CZH,26
6036166,frh04,test,corn,MIE,24
6036178,frh04,test,permanent meadows,PPH,22
6036186,frh04,test,wheat,BTH,22
6036205,frh04,test,corn,MIE,38
6036217,frh04,test,wheat,BTH,26
6036220,frh04,test,temporary meadows,RGA,26
6036225,frh04,test,corn,MIE,26
6036245,frh04,test,permanent meadows,PPH,26
6036291,frh04,test,barley,ORH,38
6036297,frh04,test,temporary meadows,PTR,38
6036313,frh04,test,corn,MIE,26
6036355,frh04,test,permanent meadows,PRL,24
6036369,frh04,test,barley,ORH,53
6036373,frh04,test,temporary meadows,PTR,38
6036403,frh04,test,corn,MIS,53
6036414,frh04,test,corn,MIS,53
6036459,frh04,test,temporary meadows,RGA,24
6036506,frh04,test,corn,MIS,58
6036568,frh04,test,temporary meadows,PTR,38
6036634,frh04,test,temporary meadows,PTR,38
6036652,frh04,test,wheat,BTH,24
6036658,frh04,test,corn,MIE,24
6036707,frh04,test,temporary meadows,RGA,24
6036709,frh04,test,permanent meadows,PRL,24
6036782,frh04,test,wheat,BTH,22
6036817,frh04,test,wheat,BTH,24
6036867,frh04,test,permanent meadows,PRL,22
6036869,frh04,test,corn,MIE,22
6036896,frh04,test,permanent meadows,PRL,38
6036916,frh04,test,permanent meadows,PPH,24
6036925,frh04,test,permanent meadows,PPH,38
6036935,frh04,test,barley,ORH,26
6037052,frh04,test,corn,MIE,38
6037184,frh04,test,wheat,BTH,22
6037213,frh04,test,corn,MIE,58
6037241,frh04,test,corn,MIE,38
6037244,frh04,test,barley,ORH,38
6037263,frh04,test,corn,MIE,38
6037279,frh04,test,temporary meadows,RGA,22
6037301,frh04,test,wheat,BTH,22
6037457,frh04,test,temporary meadows,PTR,38
6037473,frh04,test,permanent meadows,PRL,38
6037479,frh04,test,temporary meadows,RGA,38
6037485,frh04,test,barley,ORH,38
6037548,frh04,test,temporary meadows,PTR,38
6037566,frh04,test,permanent meadows,PRL,24
6037595,frh04,test,wheat,BTH,24
6037609,frh04,test,orchards,VRG,24
6037639,frh04,test,corn,MIE,22
6037689,frh04,test,corn,MIS,38
6037739,frh04,test,corn,MIE,38
6037744,frh04,test,temporary meadows,PTR,38
6037747,frh04,test,temporary meadows,PTR,38
6037750,frh04,test,corn,MIE,38
6037831,frh04,test,wheat,BTH,38
6037841,frh04,test,corn,MIE,26
6037859,frh04,test,permanent meadows,PRL,22
6037931,frh04,test,wheat,BTH,26
6037995,frh04,test,temporary meadows,PTR,24
6037996,frh04,test,wheat,BTH,24
6038019,frh04,test,wheat,BTH,26
6038027,frh04,test,temporary meadows,RGA,24
6038028,frh04,test,permanent meadows,PRL,24
6038150,frh04,test,temporary meadows,RGA,22
6038177,frh04,test,temporary meadows,PTR,24
6038178,frh04,test,temporary meadows,PTR,24
6038316,frh04,test,corn,MIE,38
6038317,frh04,test,corn,MIE,38
6038373,frh04,test,permanent meadows,PPH,38
6038418,frh04,test,barley,ORH,38
6038441,frh04,test,temporary meadows,RGA,24
6038442,frh04,test,corn,MIE,24
6038476,frh04,test,temporary meadows,PTR,38
6038482,frh04,test,permanent meadows,PRL,38
6038494,frh04,test,temporary meadows,RGA,24
6038515,frh04,test,temporary meadows,RGA,38
6038578,frh04,test,temporary meadows,PTR,24
6038579,frh04,test,corn,MIE,24
6038600,frh04,test,temporary meadows,PTR,38
6038625,frh04,test,temporary meadows,PTR,24
6038642,frh04,test,permanent meadows,PRL,38
6038651,frh04,test,corn,MIE,24
6038674,frh04,test,rapeseed,CZP,38
6038722,frh04,test,corn,MIE,38
6038762,frh04,test,permanent meadows,PPH,40
6038771,frh04,test,temporary meadows,PTR,24
6038789,frh04,test,corn,MIE,38
6038838,frh04,test,temporary meadows,PTR,24
6038897,frh04,test,corn,MIE,24
6038917,frh04,test,corn,MIE,24
6038934,frh04,test,temporary meadows,PTR,38
6039018,frh04,test,wheat,BTH,24
6039152,frh04,test,corn,MIE,22
6039162,frh04,test,temporary meadows,PTR,22
6039168,frh04,test,corn,MIE,22
6039173,frh04,test,wheat,BTH,24
6039207,frh04,test,wheat,BTH,22
6039209,frh04,test,wheat,BTH,22
6039259,frh04,test,corn,MIE,58
6039297,frh04,test,corn,MIE,32
6039321,frh04,test,temporary meadows,PTR,38
6039325,frh04,test,corn,MIS,38
6039367,frh04,test,corn,MIE,24
6039390,frh04,test,temporary meadows,PTR,32
6039489,frh04,test,permanent meadows,PPH,38
6039511,frh04,test,temporary meadows,PTR,22
6039537,frh04,test,temporary meadows,PTR,22
6039551,frh04,test,permanent meadows,PPH,24
6039576,frh04,test,corn,MIE,24
6039580,frh04,test,temporary meadows,PTR,24
6039649,frh04,test,permanent meadows,PRL,24
6039692,frh04,test,barley,ORH,24
6039709,frh04,test,temporary meadows,RGA,24
6039748,frh04,test,temporary meadows,PTR,32
6039787,frh04,test,wheat,BTH,22
6039819,frh04,test,corn,MIE,24
6039825,frh04,test,corn,MIE,24
6039830,frh04,test,corn,MIS,24
6039878,frh04,test,permanent meadows,PPH,38
6039961,frh04,test,permanent meadows,PRL,24
6039975,frh04,test,temporary meadows,PTR,24
6039995,frh04,test,permanent meadows,PPH,24
6039998,frh04,test,temporary meadows,PTR,24
6040021,frh04,test,temporary meadows,RGA,22
6040066,frh04,test,temporary meadows,RGA,24
6040119,frh04,test,temporary meadows,RGA,22
6040188,frh04,test,corn,MIE,32
6040203,frh04,test,wheat,BTH,22
6040221,frh04,test,wheat,BTH,38
6040254,frh04,test,corn,MIE,22
6040364,frh04,test,permanent meadows,PPH,24
6040365,frh04,test,permanent meadows,PPH,24
6040438,frh04,test,wheat,BTH,38
6040499,frh04,test,wheat,BTH,38
6040518,frh04,test,temporary meadows,PTR,47
6040546,frh04,test,temporary meadows,PTR,38
6040630,frh04,test,wheat,BTH,22
6040699,frh04,test,temporary meadows,RGA,26
6040816,frh04,test,wheat,BTH,47
6040831,frh04,test,wheat,BTH,22
6040839,frh04,test,temporary meadows,PTR,22
6040861,frh04,test,corn,MIE,26
6040881,frh04,test,temporary meadows,PTR,38
6040900,frh04,test,corn,MIE,47
6040958,frh04,test,temporary meadows,PTR,53
6040961,frh04,test,temporary meadows,PTR,58
6041011,frh04,test,temporary meadows,PTR,38
6041042,frh04,test,temporary meadows,RGA,22
6041145,frh04,test,corn,MIE,22
6041161,frh04,test,corn,MIE,26
6041340,frh04,test,permanent meadows,PPH,47
6041358,frh04,test,temporary meadows,PTR,53
6041444,frh04,test,corn,MIE,53
6041473,frh04,test,permanent meadows,PPH,38
6041480,frh04,test,temporary meadows,PTR,38
6041492,frh04,test,temporary meadows,PTR,38
6041615,frh04,test,wheat,BTH,22
6041650,frh04,test,corn,MIE,22
6041724,frh04,test,wheat,BTH,22
6041750,frh04,test,temporary meadows,RGA,38
6041752,frh04,test,wheat,BTH,22
6041756,frh04,test,wheat,BTH,22
6041779,frh04,test,temporary meadows,PTR,53
6041780,frh04,test,permanent meadows,PRL,53
6041816,frh04,test,permanent meadows,PPH,38
6041832,frh04,test,corn,MIE,38
6041868,frh04,test,wheat,BTH,24
6041876,frh04,test,wheat,BTH,24
6041877,frh04,test,wheat,BTH,24
6041913,frh04,test,permanent meadows,PPH,38
6041915,frh04,test,corn,MIE,38
6041916,frh04,test,wheat,BTH,38
6041959,frh04,test,corn,MIE,53
6042027,frh04,test,wheat,BTH,47
6042029,frh04,test,temporary meadows,PTR,38
6042085,frh04,test,permanent meadows,PPH,38
6042106,frh04,test,barley,ORH,22
6042152,frh04,test,temporary meadows,PTR,53
6042182,frh04,test,permanent meadows,PRL,38
6042188,frh04,test,temporary meadows,RGA,22
6042190,frh04,test,wheat,BTH,22
6042207,frh04,test,wheat,BTH,24
6042222,frh04,test,permanent meadows,PRL,24
6042223,frh04,test,temporary meadows,RGA,24
6042236,frh04,test,permanent meadows,PPH,53
6042288,frh04,test,wheat,BTH,24
6042336,frh04,test,permanent meadows,PPH,38
6042367,frh04,test,permanent meadows,PRL,24
6042400,frh04,test,permanent meadows,PPH,38
6042416,frh04,test,temporary meadows,PTR,24
6042480,frh04,test,permanent meadows,PPH,26
6042504,frh04,test,permanent meadows,PPH,26
6042513,frh04,test,corn,MIE,26
6042516,frh04,test,corn,MIS,22
6042517,frh04,test,corn,MIS,22
6042582,frh04,test,wheat,BTH,22
6042591,frh04,test,temporary meadows,RGA,26
6042666,frh04,test,corn,MIE,24
6042748,frh04,test,temporary meadows,PTR,58
6042826,frh04,test,permanent meadows,PPH,58
6042846,frh04,test,corn,MIE,38
6042877,frh04,test,temporary meadows,PTR,22
6042886,frh04,test,wheat,BTH,22
6042895,frh04,test,wheat,BTH,26
6042934,frh04,test,permanent meadows,PPH,38
6042956,frh04,test,wheat,BTH,26
6043015,frh04,test,temporary meadows,RGA,24
6043026,frh04,test,temporary meadows,PTR,58
6043112,frh04,test,wheat,BTH,22
6043124,frh04,test,corn,MIE,38
6043225,frh04,test,wheat,BTH,24
6043231,frh04,test,corn,MIE,24
6043283,frh04,test,rapeseed,CZH,22
6043298,frh04,test,rapeseed,CZH,22
6043343,frh04,test,wheat,BTH,22
6043358,frh04,test,wheat,BTH,24
6043422,frh04,test,wheat,BTH,22
6043445,frh04,test,permanent meadows,PPH,26
6043453,frh04,test,temporary meadows,PTR,26
6043593,frh04,test,corn,MIE,38
6043640,frh04,test,temporary meadows,RGA,38
6043651,frh04,test,permanent meadows,PPH,53
6043654,frh04,test,corn,MIS,53
6043660,frh04,test,wheat,BTH,53
6043675,frh04,test,permanent meadows,PRL,47
6043679,frh04,test,permanent meadows,PRL,38
6043834,frh04,test,corn,MIS,38
6043850,frh04,test,temporary meadows,PTR,38
6043914,frh04,test,wheat,BTH,24
6043927,frh04,test,temporary meadows,PTR,38
6044004,frh04,test,permanent meadows,PPH,24
6044010,frh04,test,permanent meadows,PPH,24
6044039,frh04,test,wheat,BTH,38
6044057,frh04,test,permanent meadows,PRL,26
6044113,frh04,test,permanent meadows,PRL,52
6044122,frh04,test,permanent meadows,PPH,48
6044131,frh04,test,temporary meadows,PTR,22
6044167,frh04,test,temporary meadows,PTR,24
6044177,frh04,test,temporary meadows,RGA,38
6044221,frh04,test,corn,MIE,58
6044237,frh04,test,permanent meadows,PPH,22
6044241,frh04,test,temporary meadows,PTR,22
6044321,frh04,test,corn,MIE,58
6044323,frh04,test,rapeseed,CZH,58
6044381,frh04,test,permanent meadows,PPH,24
6044484,frh04,test,permanent meadows,PRL,38
6044488,frh04,test,permanent meadows,PRL,38
6044489,frh04,test,permanent meadows,PPH,38
6044612,frh04,test,permanent meadows,PRL,24
6044624,frh04,test,permanent meadows,PRL,24
6044645,frh04,test,wheat,BTH,24
6044663,frh04,test,permanent meadows,PPH,38
6044678,frh04,test,corn,MIS,38
6044694,frh04,test,temporary meadows,PTR,22
6044719,frh04,test,permanent meadows,PRL,24
6044750,frh04,test,corn,MIE,34
6044757,frh04,test,corn,MIE,37
6044858,frh04,test,temporary meadows,PTR,32
6044907,frh04,test,corn,MIE,26
6044933,frh04,test,wheat,BTH,58
6044965,frh04,test,temporary meadows,RGA,24
6044986,frh04,test,corn,MIE,22
6045031,frh04,test,temporary meadows,PTR,53
6045051,frh04,test,permanent meadows,PRL,38
6045102,frh04,test,barley,ORH,47
6045115,frh04,test,corn,MIE,38
6045158,frh04,test,permanent meadows,PPH,24
6045174,frh04,test,permanent meadows,PRL,24
6045187,frh04,test,corn,MIS,26
6045196,frh04,test,corn,MIS,26
6045201,frh04,test,corn,MIS,26
6045222,frh04,test,permanent meadows,PPH,53
6045233,frh04,test,temporary meadows,PTR,40
6045238,frh04,test,temporary meadows,PTR,40
6045248,frh04,test,temporary meadows,PTR,40
6045270,frh04,test,corn,MIS,22
6045277,frh04,test,temporary meadows,PTR,22
6045280,frh04,test,temporary meadows,PTR,22
6045330,frh04,test,permanent meadows,PRL,24
6045406,frh04,test,corn,MIS,24
6045449,frh04,test,wheat,BTH,38
6045454,frh04,test,permanent meadows,PPH,38
6045461,frh04,test,corn,MIE,38
6045479,frh04,test,temporary meadows,PTR,38
6045482,frh04,test,wheat,BTH,38
6045525,frh04,test,wheat,BTH,24
6045528,frh04,test,barley,ORH,24
6045565,frh04,test,corn,MIE,38
6045699,frh04,test,corn,MIE,26
6045717,frh04,test,permanent meadows,PRL,22
6045723,frh04,test,temporary meadows,PTR,38
6045805,frh04,test,temporary meadows,PTR,38
6045809,frh04,test,permanent meadows,PPH,38
6045850,frh04,test,temporary meadows,PTR,24
6045851,frh04,test,corn,MIE,24
6045853,frh04,test,wheat,BTH,24
6045855,frh04,test,temporary meadows,PTR,24
6045937,frh04,test,temporary meadows,PTR,38
6046028,frh04,test,barley,ORH,22
6046042,frh04,test,corn,MIS,22
6046043,frh04,test,corn,MIS,22
6046060,frh04,test,temporary meadows,PTR,38
6046107,frh04,test,temporary meadows,PTR,26
6046119,frh04,test,temporary meadows,PTR,38
6046253,frh04,test,temporary meadows,PTR,22
6046254,frh04,test,barley,ORH,22
6046324,frh04,test,corn,MIE,22
6046336,frh04,test,temporary meadows,PTR,38
6046352,frh04,test,permanent meadows,PRL,24
6046360,frh04,test,temporary meadows,PTR,24
6046379,frh04,test,temporary meadows,RGA,58
6046384,frh04,test,corn,MIS,47
6046417,frh04,test,temporary meadows,PTR,24
6046481,frh04,test,permanent meadows,PPH,24
6046509,frh04,test,permanent meadows,PPH,24
6046556,frh04,test,temporary meadows,PTR,53
6046570,frh04,test,rapeseed,CZH,22
6046610,frh04,test,corn,MIS,29
6046673,frh04,test,wheat,BTH,24
6046691,frh04,test,corn,MIE,22
6046750,frh04,test,permanent meadows,PPH,24
6046833,frh04,test,corn,MIS,24
6046840,frh04,test,permanent meadows,PRL,38
6046844,frh04,test,barley,ORH,26
6046845,frh04,test,permanent meadows,PPH,26
6046882,frh04,test,temporary meadows,RGA,22
6046931,frh04,test,temporary meadows,RGA,22
6046955,frh04,test,corn,MIS,38
6046972,frh04,test,temporary meadows,PTR,47
6047013,frh04,test,temporary meadows,RGA,26
6047047,frh04,test,corn,MIE,38
6047082,frh04,test,permanent meadows,PPH,24
6047156,frh04,test,temporary meadows,PTR,26
6047190,frh04,test,corn,MIE,58
6047211,frh04,test,corn,MIS,38
6047255,frh04,test,corn,MIE,38
6047316,frh04,test,permanent meadows,PRL,22
6047335,frh04,test,permanent meadows,PPH,38
6047354,frh04,test,corn,MIE,22
6047390,frh04,test,corn,MIE,26
6047396,frh04,test,wheat,BTH,24
6047401,frh04,test,permanent meadows,PRL,22
6047403,frh04,test,barley,ORH,24
6047408,frh04,test,corn,MIE,38
6047496,frh04,test,temporary meadows,RGA,24
6047534,frh04,test,temporary meadows,PTR,38
6047622,frh04,test,temporary meadows,PTR,38
6047702,frh04,test,wheat,BTH,22
6047727,frh04,test,corn,MIE,43
6047771,frh04,test,wheat,BTH,24
6047891,frh04,test,permanent meadows,PRL,26
6047901,frh04,test,temporary meadows,RGA,26
6048003,frh04,test,permanent meadows,PRL,22
6048005,frh04,test,permanent meadows,PRL,22
6048020,frh04,test,temporary meadows,PTR,22
6048040,frh04,test,wheat,BTH,22
6048061,frh04,test,temporary meadows,PTR,53
6048128,frh04,test,wheat,BTH,24
6048152,frh04,test,corn,MIE,53
6048197,frh04,test,permanent meadows,PRL,40
6048205,frh04,test,permanent meadows,PPH,37
6048239,frh04,test,temporary meadows,PTR,38
6048251,frh04,test,corn,MIE,53
6048264,frh04,test,wheat,BTH,53
6048288,frh04,test,temporary meadows,RGA,22
6048443,frh04,test,temporary meadows,PTR,38
6048466,frh04,test,corn,MIE,26
6048609,frh04,test,permanent meadows,PPH,47
6048626,frh04,test,temporary meadows,RGA,22
6048677,frh04,test,wheat,BTH,38
6048793,frh04,test,temporary meadows,PTR,47
6048794,frh04,test,temporary meadows,PTR,47
6048817,frh04,test,permanent meadows,PRL,22
6048871,frh04,test,corn,MIE,58
6048877,frh04,test,corn,MIS,47
6048892,frh04,test,corn,MIE,22
6049028,frh04,test,corn,MIE,24
6049041,frh04,test,permanent meadows,PPH,24
6049065,frh04,test,corn,MIE,33
6049107,frh04,test,wheat,BTH,47
6049117,frh04,test,corn,MIE,24
6049155,frh04,test,temporary meadows,RGA,53
6049205,frh04,test,corn,MIS,32
6049221,frh04,test,rapeseed,CZH,38
6049317,frh04,test,temporary meadows,RGA,24
6049331,frh04,test,wheat,BTH,47
6049338,frh04,test,permanent meadows,PRL,38
6049346,frh04,test,temporary meadows,RGA,22
6049353,frh04,test,corn,MIE,22
6049398,frh04,test,barley,ORP,24
6049402,frh04,test,temporary meadows,PTR,22
6049413,frh04,test,permanent meadows,PRL,38
6049457,frh04,test,permanent meadows,PPH,43
6049461,frh04,test,permanent meadows,PPH,22
6049482,frh04,test,permanent meadows,PPH,22
6049578,frh04,test,corn,MIE,38
6049641,frh04,test,temporary meadows,RGA,26
6049699,frh04,test,corn,MIE,24
6049754,frh04,test,corn,MIE,22
6049768,frh04,test,wheat,BTH,24
6049849,frh04,test,corn,MIE,27
6049894,frh04,test,permanent meadows,PRL,26
6049896,frh04,test,corn,MIE,26
6049935,frh04,test,temporary meadows,PTR,38
6049980,frh04,test,wheat,BTH,22
6049995,frh04,test,temporary meadows,RGA,58
6050059,frh04,test,wheat,BTH,22
6050152,frh04,test,permanent meadows,PPH,53
6050186,frh04,test,corn,MIE,26
6050200,frh04,test,wheat,BTH,32
6050272,frh04,test,temporary meadows,PTR,26
6050291,frh04,test,temporary meadows,RGA,38
6050307,frh04,test,temporary meadows,RGA,26
6050311,frh04,test,temporary meadows,RGA,26
6050319,frh04,test,corn,MIE,26
6050408,frh04,test,wheat,BTH,58
6050440,frh04,test,permanent meadows,PRL,22
6050523,frh04,test,permanent meadows,PPH,53
6050561,frh04,test,corn,MIE,24
6050574,frh04,test,temporary meadows,RGA,22
6050590,frh04,test,permanent meadows,PPH,24
6050624,frh04,test,wheat,BTH,38
6050690,frh04,test,corn,MIS,47
6050712,frh04,test,permanent meadows,PPH,26
6050718,frh04,test,temporary meadows,RGA,26
6050857,frh04,test,wheat,BTH,47
6050891,frh04,test,temporary meadows,RGA,42
6050938,frh04,test,corn,MIE,24
6050975,frh04,test,corn,MIE,38
6050994,frh04,test,wheat,BTH,22
6051006,frh04,test,rapeseed,CZH,24
6051043,frh04,test,permanent meadows,PPH,58
6051089,frh04,test,wheat,BTH,22
6051120,frh04,test,temporary meadows,PTR,22
6051144,frh04,test,temporary meadows,PTR,24
6051161,frh04,test,temporary meadows,PTR,38
6051178,frh04,test,corn,MIE,22
6051243,frh04,test,temporary meadows,PTR,26
6051254,frh04,test,corn,MIE,38
6051263,frh04,test,temporary meadows,PTR,22
6051284,frh04,test,permanent meadows,PPH,38
6051303,frh04,test,permanent meadows,PPH,38
6051357,frh04,test,temporary meadows,RGA,38
6051464,frh04,test,corn,MIE,38
6051503,frh04,test,wheat,BTH,23
6051596,frh04,test,corn,MIS,24
6051603,frh04,test,permanent meadows,PRL,58
6051634,frh04,test,wheat,BTH,32
6051643,frh04,test,permanent meadows,PPH,38
6051714,frh04,test,wheat,BTH,58
6051763,frh04,test,temporary meadows,PTR,24
6051775,frh04,test,corn,MIE,22
6051787,frh04,test,permanent meadows,PRL,60
6051836,frh04,test,wheat,BTH,38
6052069,frh04,test,permanent meadows,PPH,58
6052094,frh04,test,rapeseed,CZH,22
6052142,frh04,test,rapeseed,CZH,32
6052241,frh04,test,permanent meadows,PPH,38
6052252,frh04,test,wheat,BTH,38
6052263,frh04,test,corn,MIE,38
6052285,frh04,test,temporary meadows,RGA,38
6052325,frh04,test,temporary meadows,PTR,58
6052329,frh04,test,temporary meadows,PTR,58
6052348,frh04,test,temporary meadows,RGA,24
6052480,frh04,test,temporary meadows,RGA,38
6052499,frh04,test,temporary meadows,PTR,22
6052547,frh04,test,temporary meadows,RGA,22
6052553,frh04,test,temporary meadows,RGA,22
6052574,frh04,test,temporary meadows,RGA,38
6052621,frh04,test,wheat,BTH,38
6052687,frh04,test,permanent meadows,PRL,24
6052705,frh04,test,temporary meadows,PTR,24
6052766,frh04,test,corn,MIE,24
6052872,frh04,test,corn,MIS,38
6052927,frh04,test,permanent meadows,PRL,26
6052942,frh04,test,permanent meadows,PPH,24
6052979,frh04,test,temporary meadows,PTR,53
6052980,frh04,test,corn,MIE,53
6053000,frh04,test,corn,MIE,24
6053048,frh04,test,temporary meadows,PTR,22
6053052,frh04,test,wheat,BTH,58
6053072,frh04,test,temporary meadows,PTR,58
6053081,frh04,test,temporary meadows,PTR,53
6053117,frh04,test,permanent meadows,PPH,22
6053140,frh04,test,permanent meadows,PPH,22
6053201,frh04,test,wheat,BTH,22
6053270,frh04,test,temporary meadows,PTR,22
6053290,frh04,test,corn,MIS,22
6053385,frh04,test,corn,MIE,26
6053404,frh04,test,temporary meadows,RGA,24
6053452,frh04,test,rapeseed,CZH,26
6053475,frh04,test,temporary meadows,PTR,22
6053488,frh04,test,temporary meadows,RGA,24
6053613,frh04,test,temporary meadows,RGA,58
6053686,frh04,test,permanent meadows,PPH,22
6053696,frh04,test,temporary meadows,RGA,47
6053718,frh04,test,wheat,BTH,22
6053763,frh04,test,corn,MIE,24
6053781,frh04,test,corn,MIS,22
6053817,frh04,test,temporary meadows,PTR,34
6053940,frh04,test,temporary meadows,PTR,38
6054032,frh04,test,wheat,BTH,22
6054062,frh04,test,temporary meadows,PTR,24
6054134,frh04,test,temporary meadows,PTR,32
6054213,frh04,test,corn,MIE,22
6054240,frh04,test,permanent meadows,PRL,33
6054269,frh04,test,temporary meadows,PTR,24
6054298,frh04,test,permanent meadows,PPH,22
6054306,frh04,test,temporary meadows,PTR,38
6054342,frh04,test,corn,MIS,35
6054348,frh04,test,corn,MIS,36
6054371,frh04,test,temporary meadows,RGA,24
6054464,frh04,test,temporary meadows,PTR,22
6054502,frh04,test,permanent meadows,PRL,38
6054513,frh04,test,nuts,NOS,32
6054543,frh04,test,barley,ORH,24
6054545,frh04,test,temporary meadows,RGA,24
6054565,frh04,test,wheat,BTH,22
6054577,frh04,test,permanent meadows,PRL,22
6054599,frh04,test,permanent meadows,PPH,38
6054624,frh04,test,barley,ORH,24
6054682,frh04,test,temporary meadows,RGA,38
6054713,frh04,test,wheat,BTH,24
6054736,frh04,test,orchards,VRG,24
6054851,frh04,test,permanent meadows,PRL,38
6054860,frh04,test,barley,ORH,38
6054877,frh04,test,temporary meadows,RGA,24
6054947,frh04,test,temporary meadows,RGA,24
6054955,frh04,test,corn,MIE,24
6054968,frh04,test,temporary meadows,RGA,22
6054975,frh04,test,corn,MIS,38
6055022,frh04,test,corn,MIE,22
6055032,frh04,test,corn,MIE,24
6055039,frh04,test,corn,MIE,24
6055092,frh04,test,permanent meadows,PRL,38
6055182,frh04,test,rapeseed,CZH,22
6055211,frh04,test,corn,MIE,38
6055320,frh04,test,permanent meadows,PPH,47
6055439,frh04,test,temporary meadows,PTR,38
6055449,frh04,test,wheat,BTH,47
6055504,frh04,test,corn,MIE,26
6055511,frh04,test,temporary meadows,RGA,26
6055593,frh04,test,permanent meadows,PPH,26
6055604,frh04,test,temporary meadows,PTR,22
6055615,frh04,test,wheat,BTH,26
6055651,frh04,test,corn,MIE,24
6055697,frh04,test,permanent meadows,PPH,22
6055710,frh04,test,wheat,BTH,24
6055732,frh04,test,wheat,BTH,24
6055813,frh04,test,corn,MIE,24
6055866,frh04,test,wheat,BTH,26
6055907,frh04,test,barley,ORH,24
6055914,frh04,test,barley,ORH,24
6055981,frh04,test,permanent meadows,PPH,58
6055985,frh04,test,permanent meadows,PPH,58
6056035,frh04,test,permanent meadows,PRL,38
6056039,frh04,test,wheat,BTH,24
6056106,frh04,test,temporary meadows,PTR,38
6056113,frh04,test,temporary meadows,PTR,47
6056143,frh04,test,corn,MIS,26
6056208,frh04,test,temporary meadows,PTR,38
6056358,frh04,test,corn,MIE,22
6056402,frh04,test,permanent meadows,PPH,32
6056406,frh04,test,temporary meadows,PTR,32
6056462,frh04,test,wheat,BTH,32
6056465,frh04,test,wheat,BTH,32
6056476,frh04,test,corn,MIS,47
6056524,frh04,test,permanent meadows,PPH,26
6056534,frh04,test,temporary meadows,PTR,22
6056535,frh04,test,permanent meadows,PPH,22
6056692,frh04,test,corn,MIE,38
6056722,frh04,test,temporary meadows,PTR,22
6056774,frh04,test,temporary meadows,RGA,38
6056786,frh04,test,temporary meadows,PTR,38
6056815,frh04,test,temporary meadows,RGA,24
6056838,frh04,test,temporary meadows,PTR,26
6056898,frh04,test,corn,MIE,38
6056901,frh04,test,permanent meadows,PPH,38
6056933,frh04,test,rapeseed,CZH,26
6056938,frh04,test,barley,ORH,22
6056993,frh04,test,wheat,BTH,24
6057100,frh04,test,corn,MIS,24
6057109,frh04,test,corn,MIS,53
6057114,frh04,test,temporary meadows,PTR,24
6057174,frh04,test,corn,MIE,24
6057177,frh04,test,corn,MIS,53
6057225,frh04,test,temporary meadows,RGA,22
6057299,frh04,test,permanent meadows,PRL,22
6057329,frh04,test,permanent meadows,PPH,22
6057336,frh04,test,permanent meadows,PPH,22
6057338,frh04,test,barley,ORH,22
6057351,frh04,test,temporary meadows,RGA,22
6057399,frh04,test,corn,MIE,22
6057534,frh04,test,temporary meadows,RGA,22
6057567,frh04,test,temporary meadows,PTR,24
6057589,frh04,test,corn,MIE,48
6057593,frh04,test,corn,MIE,52
6057598,frh04,test,corn,MIE,60
6057610,frh04,test,wheat,BTH,29
6057637,frh04,test,temporary meadows,RGA,22
6057649,frh04,test,rapeseed,CZH,22
6057662,frh04,test,corn,MIS,22
6057666,frh04,test,corn,MIE,60
6057700,frh04,test,corn,MIS,38
6057744,frh04,test,corn,MIE,38
6057779,frh04,test,wheat,BTH,22
6057796,frh04,test,temporary meadows,RGA,58
6057815,frh04,test,wheat,BTH,38
6057838,frh04,test,temporary meadows,PTR,24
6057925,frh04,test,wheat,BTH,58
6057998,frh04,test,corn,MIS,22
6058056,frh04,test,barley,ORH,22
6058071,frh04,test,barley,ORH,22
6058086,frh04,test,permanent meadows,PRL,22
6058101,frh04,test,temporary meadows,PTR,38
6058183,frh04,test,corn,MIS,58
6058201,frh04,test,temporary meadows,RGA,38
6058270,frh04,test,wheat,BTH,26
6058295,frh04,test,temporary meadows,RGA,38
6058310,frh04,test,permanent meadows,PPH,24
6058520,frh04,test,wheat,BTH,22
6058537,frh04,test,wheat,BTH,22
6058611,frh04,test,corn,MIS,22
6058636,frh04,test,permanent meadows,PRL,58
6058643,frh04,test,barley,ORH,47
6058725,frh04,test,wheat,BTH,47
6058729,frh04,test,corn,MIE,22
6058787,frh04,test,corn,MIE,38
6058917,frh04,test,permanent meadows,PPH,22
6058936,frh04,test,permanent meadows,PPH,39
6058991,frh04,test,permanent meadows,PRL,26
6059021,frh04,test,temporary meadows,PTR,35
6059027,frh04,test,corn,MIE,35
6059032,frh04,test,corn,MIE,39
6059062,frh04,test,permanent meadows,PPH,24
6059112,frh04,test,temporary meadows,PTR,43
6059215,frh04,test,temporary meadows,PTR,58
6059234,frh04,test,wheat,BTH,26
6059240,frh04,test,wheat,BTH,53
6059262,frh04,test,temporary meadows,PTR,22
6059281,frh04,test,corn,MIE,24
6059282,frh04,test,temporary meadows,RGA,24
6059334,frh04,test,barley,ORP,53
6059342,frh04,test,permanent meadows,PRL,53
6059442,frh04,test,permanent meadows,PPH,24
6059489,frh04,test,temporary meadows,RGA,24
6059530,frh04,test,permanent meadows,PPH,38
6059552,frh04,test,wheat,BTH,32
6059595,frh04,test,permanent meadows,PPH,39
6059630,frh04,test,temporary meadows,RGA,33
6059683,frh04,test,permanent meadows,PPH,28
6059747,frh04,test,permanent meadows,PPH,58
6059767,frh04,test,permanent meadows,PPH,58
6059878,frh04,test,permanent meadows,PPH,28
6059891,frh04,test,permanent meadows,PPH,54
6059926,frh04,test,corn,MIE,24
6060041,frh04,test,permanent meadows,PPH,58
6060061,frh04,test,wheat,BTH,22
6060118,frh04,test,temporary meadows,PTR,58
6060134,frh04,test,corn,MIE,24
6060157,frh04,test,wheat,BTH,38
6060174,frh04,test,corn,MIE,24
6060205,frh04,test,wheat,BTH,22
6060212,frh04,test,corn,MIE,22
6060214,frh04,test,temporary meadows,RGA,22
6060222,frh04,test,wheat,BTH,22
6060293,frh04,test,permanent meadows,PPH,38
6060310,frh04,test,permanent meadows,PPH,22
6060369,frh04,test,barley,ORH,22
6060386,frh04,test,temporary meadows,PTR,22
6060412,frh04,test,corn,MIE,24
6060529,frh04,test,permanent meadows,PRL,26
6060546,frh04,test,corn,MIS,47
6060598,frh04,test,wheat,BTH,38
6060619,frh04,test,temporary meadows,PTR,38
6060632,frh04,test,wheat,BTH,47
6060673,frh04,test,corn,MIS,53
6060707,frh04,test,permanent meadows,PPH,38
6060763,frh04,test,temporary meadows,RGA,53
6060863,frh04,test,temporary meadows,RGA,38
6060874,frh04,test,wheat,BTH,22
6060946,frh04,test,temporary meadows,PTR,22
6061022,frh04,test,wheat,BTH,22
6061025,frh04,test,temporary meadows,RGA,38
6061030,frh04,test,temporary meadows,PTR,24
6061049,frh04,test,corn,MIE,24
6061054,frh04,test,corn,MIE,24
6061119,frh04,test,permanent meadows,PRL,24
6061158,frh04,test,permanent meadows,PPH,22
6061228,frh04,test,corn,MIS,26
6061254,frh04,test,corn,MIE,22
6061314,frh04,test,wheat,BTH,22
6061351,frh04,test,corn,MIE,38
6061357,frh04,test,corn,MIE,38
6061363,frh04,test,wheat,BTH,38
6061385,frh04,test,corn,MIE,53
6061468,frh04,test,permanent meadows,PPH,53
6061497,frh04,test,temporary meadows,PTR,24
6061515,frh04,test,temporary meadows,PTR,22
6061544,frh04,test,permanent meadows,PRL,24
6061600,frh04,test,temporary meadows,PTR,58
6061601,frh04,test,corn,MIE,58
6061726,frh04,test,corn,MIE,22
6061786,frh04,test,rapeseed,CZH,58
6061793,frh04,test,temporary meadows,PTR,58
6061880,frh04,test,temporary meadows,PTR,22
6061881,frh04,test,temporary meadows,PTR,22
6061933,frh04,test,corn,MIE,40
6061941,frh04,test,permanent meadows,PPH,38
6061942,frh04,test,corn,MIE,38
6061994,frh04,test,temporary meadows,PTR,38
6062062,frh04,test,temporary meadows,PTR,38
6062063,frh04,test,permanent meadows,PPH,38
6062066,frh04,test,temporary meadows,PTR,38
6062076,frh04,test,wheat,BTH,22
6062084,frh04,test,corn,MIS,38
6062088,frh04,test,permanent meadows,PPH,38
6062131,frh04,test,corn,MIE,22
6062218,frh04,test,corn,MIS,24
6062241,frh04,test,corn,MIS,22
6062261,frh04,test,corn,MIE,40
6062340,frh04,test,temporary meadows,PTR,38
6062369,frh04,test,barley,ORH,26
6062389,frh04,test,corn,MIE,22
6062445,frh04,test,wheat,BTH,24
6062490,frh04,test,temporary meadows,PTR,38
6062512,frh04,test,barley,ORH,38
6062575,frh04,test,permanent meadows,PPH,38
6062603,frh04,test,permanent meadows,PRL,38
6062604,frh04,test,permanent meadows,PRL,38
6062630,frh04,test,temporary meadows,PTR,24
6062638,frh04,test,corn,MIE,26
6062653,frh04,test,permanent meadows,PPH,38
6062777,frh04,test,wheat,BTH,24
6062787,frh04,test,permanent meadows,PPH,38
6062841,frh04,test,corn,MIS,22
6062842,frh04,test,wheat,BTH,22
6062872,frh04,test,permanent meadows,PPH,26
6062908,frh04,test,corn,MIS,22
6062916,frh04,test,corn,MIS,22
6063139,frh04,test,corn,MIE,26
6063146,frh04,test,temporary meadows,PTR,26
6063211,frh04,test,temporary meadows,RGA,47
6063267,frh04,test,temporary meadows,PTR,38
6063382,frh04,test,wheat,BTH,22
6063404,frh04,test,temporary meadows,RGA,58
6063462,frh04,test,temporary meadows,PTR,47
6063465,frh04,test,wheat,BTH,22
6063504,frh04,test,permanent meadows,PRL,58
6063534,frh04,test,temporary meadows,PTR,47
6063559,frh04,test,temporary meadows,PTR,22
6063605,frh04,test,wheat,BTH,24
6063624,frh04,test,temporary meadows,RGA,47
6063659,frh04,test,corn,MIE,38
6063672,frh04,test,permanent meadows,PRL,38
6063708,frh04,test,wheat,BTH,38
6063734,frh04,test,corn,MIE,24
6063739,frh04,test,corn,MIE,24
6063783,frh04,test,corn,MIS,47
6063787,frh04,test,corn,MIS,47
6063848,frh04,test,barley,ORP,22
6063878,frh04,test,temporary meadows,PTR,38
6063881,frh04,test,barley,ORH,38
6063890,frh04,test,temporary meadows,PTR,53
6063957,frh04,test,temporary meadows,PTR,24
6064041,frh04,test,temporary meadows,RGA,38
6064045,frh04,test,temporary meadows,RGA,38
6064066,frh04,test,corn,MIE,24
6064074,frh04,test,temporary meadows,PTR,24
6064151,frh04,test,temporary meadows,PTR,24
6064154,frh04,test,temporary meadows,RGA,38
6064170,frh04,test,temporary meadows,RGA,22
6064234,frh04,test,temporary meadows,PTR,38
6064241,frh04,test,temporary meadows,RGA,22
6064258,frh04,test,corn,MIE,22
6064270,frh04,test,wheat,BTH,26
6064325,frh04,test,temporary meadows,RGA,38
6064399,frh04,test,temporary meadows,PTR,38
6064410,frh04,test,temporary meadows,RGA,38
6064479,frh04,test,temporary meadows,RGA,62
6064561,frh04,test,temporary meadows,PTR,38
6064596,frh04,test,permanent meadows,PPH,38
6064611,frh04,test,corn,MIE,53
6064621,frh04,test,permanent meadows,PRL,53
6064703,frh04,test,permanent meadows,PPH,53
6064759,frh04,test,temporary meadows,RGA,53
6064806,frh04,test,permanent meadows,PPH,26
6064822,frh04,test,temporary meadows,PTR,38
6064880,frh04,test,temporary meadows,PTR,26
6064895,frh04,test,permanent meadows,PPH,24
6064915,frh04,test,wheat,BTH,38
6065004,frh04,test,temporary meadows,PTR,38
6065088,frh04,test,corn,MIE,38
6065109,frh04,test,temporary meadows,RGA,26
6065118,frh04,test,corn,MIE,22
6065131,frh04,test,permanent meadows,PPH,26
6065152,frh04,test,temporary meadows,RGA,38
6065169,frh04,test,temporary meadows,PTR,26
6065223,frh04,test,corn,MIE,26
6065246,frh04,test,temporary meadows,PTR,38
6065266,frh04,test,permanent meadows,PPH,24
6065282,frh04,test,corn,MIE,24
6065288,frh04,test,corn,MIE,24
6065370,frh04,test,temporary meadows,PTR,24
6065438,frh04,test,temporary meadows,RGA,24
6065466,frh04,test,temporary meadows,PTR,24
6065507,frh04,test,corn,MIE,53
6065544,frh04,test,rapeseed,CZH,26
6065594,frh04,test,corn,MIE,62
6065604,frh04,test,temporary meadows,PTR,47
6065613,frh04,test,temporary meadows,PTR,47
6065642,frh04,test,temporary meadows,PTR,26
6065645,frh04,test,temporary meadows,PTR,26
6065686,frh04,test,temporary meadows,PTR,47
6065688,frh04,test,temporary meadows,PTR,47
6065729,frh04,test,corn,MIE,22
6065770,frh04,test,temporary meadows,RGA,22
6065772,frh04,test,wheat,BTH,47
6065782,frh04,test,temporary meadows,PTR,47
6065867,frh04,test,wheat,BTH,38
6065868,frh04,test,corn,MIE,38
6065874,frh04,test,permanent meadows,PPH,38
6065962,frh04,test,corn,MIE,24
6066004,frh04,test,barley,ORH,38
6066005,frh04,test,temporary meadows,PTR,38
6066037,frh04,test,temporary meadows,PTR,22
6066111,frh04,test,temporary meadows,RGA,40
6066201,frh04,test,corn,MIS,22
6066258,frh04,test,wheat,BTH,22
6066354,frh04,test,permanent meadows,PPH,22
6066390,frh04,test,rapeseed,CZH,24
6066452,frh04,test,temporary meadows,RGA,58
6066505,frh04,test,corn,MIS,47
6066520,frh04,test,permanent meadows,PRL,47
6066521,frh04,test,permanent meadows,PRL,62
6066576,frh04,test,wheat,BTH,38
6066609,frh04,test,corn,MIE,38
6066630,frh04,test,corn,MIE,26
6066659,frh04,test,temporary meadows,PTR,38
6066722,frh04,test,temporary meadows,PTR,26
6066756,frh04,test,temporary meadows,PTR,24
6066814,frh04,test,permanent meadows,PRL,38
6066832,frh04,test,corn,MIE,22
6066837,frh04,test,corn,MIE,22
6066848,frh04,test,corn,MIE,38
6066909,frh04,test,barley,ORH,22
6066918,frh04,test,corn,MIS,22
6066931,frh04,test,corn,MIE,38
6066947,frh04,test,wheat,BTH,22
6066962,frh04,test,temporary meadows,RGA,22
6066986,frh04,test,temporary meadows,PTR,22
6066999,frh04,test,rapeseed,CZH,26
6067017,frh04,test,rapeseed,CZH,22
6067051,frh04,test,wheat,BTH,22
6067106,frh04,test,temporary meadows,PTR,24
6067120,frh04,test,corn,MIS,24
6067148,frh04,test,wheat,BTH,22
6067157,frh04,test,temporary meadows,PTR,26
6067172,frh04,test,barley,ORH,24
6067219,frh04,test,permanent meadows,PPH,24
6067257,frh04,test,wheat,BTH,24
6067258,frh04,test,temporary meadows,PTR,24
6067292,frh04,test,permanent meadows,PPH,38
6067311,frh04,test,permanent meadows,PRL,24
6067344,frh04,test,corn,MIS,26
6067395,frh04,test,barley,ORH,24
6067424,frh04,test,wheat,BTH,26
6067629,frh04,test,temporary meadows,PTR,38
6067683,frh04,test,permanent meadows,PPH,26
6067701,frh04,test,wheat,BTH,38
6067715,frh04,test,corn,MIE,26
6067740,frh04,test,rapeseed,CZH,24
6067743,frh04,test,wheat,BTH,26
6067895,frh04,test,rapeseed,CZH,24
6067919,frh04,test,temporary meadows,PTR,24
6067921,frh04,test,temporary meadows,PTR,24
6067939,frh04,test,corn,MIS,22
6067947,frh04,test,temporary meadows,RGA,38
6067983,frh04,test,temporary meadows,RGA,26
6067991,frh04,test,temporary meadows,PTR,24
6068079,frh04,test,temporary meadows,PTR,38
6068095,frh04,test,temporary meadows,PTR,24
6068096,frh04,test,temporary meadows,PTR,24
6068098,frh04,test,permanent meadows,PPH,24
6068173,frh04,test,corn,MIE,22
6068192,frh04,test,permanent meadows,PRL,24
6068211,frh04,test,corn,MIS,38
6068219,frh04,test,wheat,BTH,38
6068304,frh04,test,permanent meadows,PPH,38
6068387,frh04,test,temporary meadows,RGA,38
6068404,frh04,test,corn,MIS,53
6068420,frh04,test,temporary meadows,RGA,24
6068442,frh04,test,corn,MIE,26
6068484,frh04,test,permanent meadows,PPH,38
6068514,frh04,test,corn,MIE,24
6068544,frh04,test,corn,MIE,24
6068551,frh04,test,temporary meadows,PTR,47
6068576,frh04,test,permanent meadows,PRL,38
6068587,frh04,test,corn,MIE,26
6068636,frh04,test,wheat,BTH,47
6068755,frh04,test,temporary meadows,RGA,38
6068780,frh04,test,temporary meadows,RGA,24
6068852,frh04,test,barley,ORH,38
6068894,frh04,test,permanent meadows,PPH,38
6068995,frh04,test,permanent meadows,PRL,22
6069036,frh04,test,corn,MIS,38
6069041,frh04,test,wheat,BTH,38
6069051,frh04,test,permanent meadows,PPH,24
6069085,frh04,test,permanent meadows,PRL,22
6069099,frh04,test,wheat,BTH,22
6069153,frh04,test,wheat,BTH,58
6069170,frh04,test,wheat,BTH,26
6069215,frh04,test,corn,MIE,53
6069216,frh04,test,corn,MIE,53
6069265,frh04,test,corn,MIS,22
6069285,frh04,test,permanent meadows,PPH,22
6069325,frh04,test,wheat,BTH,24
6069401,frh04,test,barley,ORH,47
6069539,frh04,test,temporary meadows,PTR,24
6069599,frh04,test,temporary meadows,RGA,24
6069603,frh04,test,temporary meadows,RGA,38
6069620,frh04,test,temporary meadows,PTR,24
6069675,frh04,test,permanent meadows,PPH,38
6069689,frh04,test,corn,MIE,38
6069692,frh04,test,permanent meadows,PRL,38
6069767,frh04,test,temporary meadows,PTR,22
6069771,frh04,test,wheat,BTH,22
6069783,frh04,test,wheat,BTH,22
6069912,frh04,test,wheat,BTH,22
6069922,frh04,test,wheat,BTH,22
6070002,frh04,test,wheat,BTH,47
6070004,frh04,test,barley,ORH,38
6070029,frh04,test,corn,MIE,22
6070082,frh04,test,corn,MIE,22
6070091,frh04,test,temporary meadows,PTR,38
6070214,frh04,test,corn,MIS,26
6070231,frh04,test,wheat,BTH,26
6070250,frh04,test,temporary meadows,RGA,24
6070292,frh04,test,temporary meadows,RGA,38
6070304,frh04,test,barley,ORH,26
6070372,frh04,test,rapeseed,CZH,26
6070425,frh04,test,temporary meadows,RGA,24
6070463,frh04,test,rapeseed,CZH,26
6070528,frh04,test,barley,ORH,22
6070535,frh04,test,barley,ORH,22
6070589,frh04,test,permanent meadows,PPH,38
6070657,frh04,test,temporary meadows,PTR,27
6070673,frh04,test,temporary meadows,PTR,22
6070682,frh04,test,wheat,BTH,24
6070717,frh04,test,corn,MIE,24
6070733,frh04,test,temporary meadows,RGA,22
6070745,frh04,test,wheat,BTH,22
6070870,frh04,test,corn,MIE,22
6070923,frh04,test,permanent meadows,PPH,22
6070932,frh04,test,wheat,BTH,24
6070950,frh04,test,corn,MIE,26
6070972,frh04,test,permanent meadows,PRL,38
6070979,frh04,test,barley,ORH,22
6070994,frh04,test,wheat,BTH,22
6071004,frh04,test,corn,MIS,22
6071013,frh04,test,wheat,BTH,22
6071094,frh04,test,wheat,BTH,22
6071146,frh04,test,permanent meadows,PPH,38
6071154,frh04,test,wheat,BTH,22
6071195,frh04,test,permanent meadows,PPH,44
6071203,frh04,test,temporary meadows,PTR,22
6071280,frh04,test,corn,MIS,24
6071306,frh04,test,corn,MIE,24
6071315,frh04,test,corn,MIE,24
6071334,frh04,test,permanent meadows,PPH,38
6071353,frh04,test,temporary meadows,RGA,22
6071383,frh04,test,wheat,BTH,32
6071402,frh04,test,temporary meadows,PTR,24
6071479,frh04,test,temporary meadows,PTR,38
6071522,frh04,test,temporary meadows,RGA,22
6071559,frh04,test,permanent meadows,PPH,32
6071638,frh04,test,permanent meadows,PPH,32
6071707,frh04,test,corn,MIE,38
6071731,frh04,test,permanent meadows,PPH,24
6071774,frh04,test,permanent meadows,PRL,53
6071838,frh04,test,permanent meadows,PPH,38
6071848,frh04,test,temporary meadows,PTR,22
6071986,frh04,test,wheat,BTH,22
6072081,frh04,test,wheat,BTH,58
6072163,frh04,test,permanent meadows,PPH,26
6072207,frh04,test,temporary meadows,PTR,26
6072218,frh04,test,temporary meadows,PTR,26
6072246,frh04,test,temporary meadows,PTR,24
6072258,frh04,test,temporary meadows,RGA,24
6072322,frh04,test,wheat,BTH,22
6072329,frh04,test,corn,MIS,22
6072473,frh04,test,temporary meadows,RGA,24
6072493,frh04,test,temporary meadows,RGA,24
6072529,frh04,test,temporary meadows,PTR,22
6072554,frh04,test,temporary meadows,RGA,24
6072594,frh04,test,wheat,BTH,24
6072654,frh04,test,permanent meadows,PPH,24
6072693,frh04,test,corn,MIE,26
6072712,frh04,test,permanent meadows,PRL,53
6072723,frh04,test,temporary meadows,RGA,24
6072724,frh04,test,wheat,BTH,24
6072731,frh04,test,wheat,BTH,24
6072732,frh04,test,corn,MIE,24
6072744,frh04,test,barley,ORH,24
6072762,frh04,test,corn,MIE,58
6072789,frh04,test,temporary meadows,RGA,24
6072799,frh04,test,wheat,BTH,24
6072863,frh04,test,temporary meadows,RGA,22
6072924,frh04,test,temporary meadows,RGA,24
6072954,frh04,test,temporary meadows,PTR,26
6073026,frh04,test,permanent meadows,PPH,24
6073063,frh04,test,rapeseed,CZH,38
6073065,frh04,test,permanent meadows,PPH,38
6073128,frh04,test,corn,MIE,24
6073164,frh04,test,temporary meadows,PTR,24
6073229,frh04,test,corn,MIS,47
6073271,frh04,test,temporary meadows,PTR,24
6073280,frh04,test,rapeseed,CZH,37
6073289,frh04,test,wheat,BTH,47
6073305,frh04,test,permanent meadows,PPH,24
6073321,frh04,test,corn,MIE,24
6073466,frh04,test,temporary meadows,PTR,38
6073487,frh04,test,wheat,BTH,26
6073503,frh04,test,barley,ORH,38
6073516,frh04,test,permanent meadows,PPH,22
6073529,frh04,test,permanent meadows,PPH,38
6073583,frh04,test,temporary meadows,RGA,22
6073646,frh04,test,wheat,BTH,38
6073650,frh04,test,permanent meadows,PRL,24
6073750,frh04,test,corn,MIS,38
6073752,frh04,test,permanent meadows,PPH,38
6073777,frh04,test,corn,MIS,22
6073812,frh04,test,corn,MIS,53
6073865,frh04,test,corn,MIS,53
6073930,frh04,test,corn,MIS,53
6073986,frh04,test,temporary meadows,RGA,24
6073998,frh04,test,corn,MIE,24
6074149,frh04,test,corn,MIE,22
6074166,frh04,test,permanent meadows,PRL,22
6074196,frh04,test,temporary meadows,PTR,38
6074200,frh04,test,corn,MIE,38
6074239,frh04,test,corn,MIS,22
6074269,frh04,test,temporary meadows,PTR,24
6074302,frh04,test,temporary meadows,PTR,22
6074324,frh04,test,permanent meadows,PPH,24
6074365,frh04,test,temporary meadows,RGA,24
6074397,frh04,test,temporary meadows,PTR,22
6074410,frh04,test,corn,MIS,47
6074468,frh04,test,temporary meadows,PTR,22
6074507,frh04,test,temporary meadows,RGA,24
6074521,frh04,test,wheat,BTH,22
6074525,frh04,test,temporary meadows,RGA,22
6074565,frh04,test,permanent meadows,PPH,38
6074574,frh04,test,permanent meadows,PPH,24
6074691,frh04,test,permanent meadows,PRL,22
6074702,frh04,test,temporary meadows,PTR,38
6074790,frh04,test,corn,MIE,38
6074803,frh04,test,permanent meadows,PPH,38
6074837,frh04,test,permanent meadows,PPH,47
6074859,frh04,test,corn,MIS,58
6074872,frh04,test,permanent meadows,PPH,38
6074911,frh04,test,temporary meadows,PTR,53
6074936,frh04,test,corn,MIS,22
6074950,frh04,test,rapeseed,CZH,22
6074953,frh04,test,rapeseed,CZH,22
6074966,frh04,test,temporary meadows,RGA,24
6075015,frh04,test,wheat,BTH,22
6075021,frh04,test,corn,MIE,38
6075034,frh04,test,corn,MIS,22
6075035,frh04,test,corn,MIS,22
6075036,frh04,test,corn,MIS,22
6075096,frh04,test,permanent meadows,PRL,22
6075113,frh04,test,permanent meadows,PRL,38
6075122,frh04,test,permanent meadows,PRL,38
6075158,frh04,test,permanent meadows,PPH,38
6075171,frh04,test,wheat,BTH,38
6075239,frh04,test,corn,MIE,24
6075316,frh04,test,corn,MIS,38
6075327,frh04,test,corn,MIE,24
6075346,frh04,test,corn,MIE,32
6075356,frh04,test,temporary meadows,RGA,24
6075477,frh04,test,temporary meadows,PTR,29
6075485,frh04,test,temporary meadows,PTR,29
6075542,frh04,test,wheat,BTH,32
6075561,frh04,test,corn,MIE,32
6075565,frh04,test,permanent meadows,PPH,46
6075572,frh04,test,permanent meadows,PRL,62
6075593,frh04,test,temporary meadows,RGA,24
6075601,frh04,test,corn,MIE,24
6075656,frh04,test,corn,MIE,22
6075685,frh04,test,wheat,BTH,22
6075715,frh04,test,temporary meadows,PTR,26
6075735,frh04,test,rapeseed,CZH,53
6075787,frh04,test,permanent meadows,PRL,24
6075802,frh04,test,corn,MIE,24
6075870,frh04,test,corn,MIS,38
6075921,frh04,test,barley,ORH,22
6075958,frh04,test,barley,ORH,22
6075994,frh04,test,permanent meadows,PRL,58
6076024,frh04,test,temporary meadows,PTR,24
6076030,frh04,test,wheat,BTH,22
6076073,frh04,test,corn,MIE,22
6076123,frh04,test,wheat,BTH,22
6076166,frh04,test,barley,ORH,22
6076221,frh04,test,barley,ORH,32
6076357,frh04,test,corn,MIS,38
6076377,frh04,test,wheat,BTH,26
6076378,frh04,test,wheat,BTH,26
6076407,frh04,test,temporary meadows,PTR,22
6076414,frh04,test,wheat,BTH,38
6076439,frh04,test,corn,MIS,38
6076493,frh04,test,corn,MIS,22
6076522,frh04,test,temporary meadows,PTR,38
6076646,frh04,test,temporary meadows,PTR,26
6076680,frh04,test,wheat,BTH,22
6076793,frh04,test,corn,MIS,26
6076794,frh04,test,corn,MIS,26
6076842,frh04,test,temporary meadows,PTR,24
6076854,frh04,test,corn,MIE,24
6076859,frh04,test,permanent meadows,PPH,38
6076888,frh04,test,temporary meadows,PTR,38
6076897,frh04,test,permanent meadows,PRL,24
6076938,frh04,test,temporary meadows,PTR,26
6076979,frh04,test,permanent meadows,PRL,24
6077018,frh04,test,corn,MIE,24
6077048,frh04,test,barley,ORH,22
6077068,frh04,test,corn,MIS,53
6077142,frh04,test,corn,MIE,24
6077156,frh04,test,permanent meadows,PPH,53
6077204,frh04,test,temporary meadows,RGA,24
6077217,frh04,test,barley,ORH,24
6077241,frh04,test,temporary meadows,RGA,22
6077248,frh04,test,temporary meadows,RGA,22
6077255,frh04,test,wheat,BTH,24
6077265,frh04,test,corn,MIE,22
6077290,frh04,test,corn,MIE,24
6077315,frh04,test,temporary meadows,PTR,38
6077318,frh04,test,wheat,BTH,38
6077338,frh04,test,wheat,BTH,22
6077360,frh04,test,permanent meadows,PPH,22
6077494,frh04,test,temporary meadows,PTR,26
6077522,frh04,test,temporary meadows,PTR,38
6077559,frh04,test,wheat,BTH,22
6077562,frh04,test,wheat,BTH,22
6077596,frh04,test,temporary meadows,RGA,24
6077628,frh04,test,permanent meadows,PPH,24
6077664,frh04,test,temporary meadows,PTR,24
6077682,frh04,test,corn,MIS,38
6077722,frh04,test,temporary meadows,PTR,24
6077788,frh04,test,wheat,BTH,22
6077799,frh04,test,temporary meadows,PTR,24
6077814,frh04,test,corn,MIE,24
6077829,frh04,test,rapeseed,CZH,22
6077891,frh04,test,corn,MIE,24
6077897,frh04,test,permanent meadows,PPH,24
6078033,frh04,test,wheat,BTH,38
6078118,frh04,test,corn,MIS,38
6078142,frh04,test,temporary meadows,PTR,24
6078290,frh04,test,rapeseed,CZH,22
6078301,frh04,test,wheat,BTH,22
6078421,frh04,test,corn,MIS,47
6078445,frh04,test,permanent meadows,PPH,24
6078451,frh04,test,permanent meadows,PPH,24
6078466,frh04,test,wheat,BTH,22
6078557,frh04,test,temporary meadows,RGA,26
6078645,frh04,test,corn,MIS,47
6078713,frh04,test,temporary meadows,PTR,22
6078756,frh04,test,wheat,BTH,24
6078772,frh04,test,temporary meadows,PTR,24
6078822,frh04,test,corn,MIS,22
6078828,frh04,test,corn,MIS,22
6078829,frh04,test,wheat,BTH,22
6078836,frh04,test,wheat,BTH,22
6078847,frh04,test,permanent meadows,PPH,24
6078875,frh04,test,temporary meadows,PTR,58
6078904,frh04,test,temporary meadows,PTR,53
6078922,frh04,test,corn,MIS,58
6078944,frh04,test,corn,MIE,22
6079019,frh04,test,temporary meadows,PTR,58
6079031,frh04,test,permanent meadows,PRL,22
6079037,frh04,test,wheat,BTH,22
6079039,frh04,test,wheat,BTH,22
6079076,frh04,test,wheat,BTH,22
6079078,frh04,test,corn,MIE,38
6079120,frh04,test,permanent meadows,PPH,22
6079139,frh04,test,corn,MIE,22
6079218,frh04,test,corn,MIE,22
6079264,frh04,test,corn,MIS,22
6079299,frh04,test,corn,MIS,26
6079345,frh04,test,corn,MIS,26
6079363,frh04,test,wheat,BTH,22
6079396,frh04,test,corn,MIS,26
6079471,frh04,test,temporary meadows,RGA,38
6079473,frh04,test,temporary meadows,RGA,38
6079653,frh04,test,temporary meadows,PTR,58
6079684,frh04,test,wheat,BTH,38
6079690,frh04,test,corn,MIS,47
6079714,frh04,test,corn,MIS,24
6079785,frh04,test,corn,MIE,22
6079890,frh04,test,permanent meadows,PRL,22
6079893,frh04,test,permanent meadows,PRL,22
6079904,frh04,test,temporary meadows,RGA,22
6079917,frh04,test,permanent meadows,PPH,38
6079928,frh04,test,temporary meadows,PTR,38
6079936,frh04,test,temporary meadows,PTR,38
6080003,frh04,test,permanent meadows,PPH,38
6080071,frh04,test,barley,ORP,24
6080168,frh04,test,barley,ORP,38
6080182,frh04,test,temporary meadows,PTR,38
6080219,frh04,test,corn,MIS,38
6080227,frh04,test,corn,MIE,47
6080244,frh04,test,rapeseed,CZH,28
6080273,frh04,test,wheat,BTH,22
6080316,frh04,test,barley,ORH,62
6080409,frh04,test,corn,MIE,24
6080442,frh04,test,temporary meadows,PTR,40
6080518,frh04,test,temporary meadows,PTR,58
6080548,frh04,test,corn,MIS,39
6080573,frh04,test,temporary meadows,RGA,53
6080577,frh04,test,temporary meadows,RGA,24
6080578,frh04,test,temporary meadows,PTR,24
6080579,frh04,test,temporary meadows,RGA,24
6080657,frh04,test,permanent meadows,PRL,54
6080680,frh04,test,temporary meadows,RGA,38
6080760,frh04,test,corn,MIS,22
6080806,frh04,test,wheat,BTH,24
6080808,frh04,test,permanent meadows,PPH,24
6080885,frh04,test,corn,MIS,38
6080892,frh04,test,temporary meadows,PTR,24
6081029,frh04,test,temporary meadows,RGA,22
6081141,frh04,test,corn,MIE,38
6081142,frh04,test,temporary meadows,RGA,38
6081153,frh04,test,corn,MIE,38
6081193,frh04,test,permanent meadows,PPH,58
6081225,frh04,test,corn,MIE,38
6081228,frh04,test,corn,MIE,38
6081278,frh04,test,permanent meadows,PRL,58
6081289,frh04,test,wheat,BTH,53
6081292,frh04,test,wheat,BTH,53
6081301,frh04,test,barley,ORH,24
6081364,frh04,test,permanent meadows,PPH,53
6081402,frh04,test,wheat,BTH,22
6081409,frh04,test,corn,MIE,22
6081412,frh04,test,permanent meadows,PPH,38
6081451,frh04,test,permanent meadows,PPH,24
6081483,frh04,test,corn,MIE,22
6081578,frh04,test,corn,MIE,22
6081612,frh04,test,barley,ORP,47
6081628,frh04,test,corn,MIS,24
6081642,frh04,test,temporary meadows,PTR,58
6081665,frh04,test,temporary meadows,PTR,53
6081674,frh04,test,corn,MIE,22
6081718,frh04,test,corn,MIE,32
6081732,frh04,test,corn,MIS,53
6081849,frh04,test,wheat,BTH,32
6081863,frh04,test,wheat,BTH,22
6081891,frh04,test,temporary meadows,RGA,22
6081933,frh04,test,permanent meadows,PPH,32
6081944,frh04,test,temporary meadows,PTR,24
6081954,frh04,test,wheat,BTH,38
6081964,frh04,test,temporary meadows,PTR,33
6081975,frh04,test,temporary meadows,PTR,22
6081989,frh04,test,corn,MIE,47
6082001,frh04,test,barley,ORH,38
6082021,frh04,test,corn,MIE,24
6082032,frh04,test,permanent meadows,PRL,24
6082087,frh04,test,corn,MIS,22
6082096,frh04,test,corn,MIS,22
6082119,frh04,test,barley,ORH,24
6082165,frh04,test,temporary meadows,RGA,22
6082181,frh04,test,permanent meadows,PPH,47
6082260,frh04,test,temporary meadows,PTR,47
6082290,frh04,test,wheat,BTH,24
6082325,frh04,test,corn,MIE,22
6082337,frh04,test,corn,MIS,47
6082378,frh04,test,corn,MIS,47
6082399,frh04,test,temporary meadows,RGA,22
6082510,frh04,test,rapeseed,CZH,22
6082612,frh04,test,rapeseed,CZH,22
6082615,frh04,test,wheat,BTH,22
6082659,frh04,test,corn,MIE,24
6082692,frh04,test,corn,MIE,26
6082719,frh04,test,permanent meadows,PRL,38
6082725,frh04,test,corn,MIE,22
6082881,frh04,test,corn,MIE,26
6082919,frh04,test,permanent meadows,PPH,22
6083047,frh04,test,corn,MIS,22
6083069,frh04,test,permanent meadows,PPH,62
6083115,frh04,test,rapeseed,CZH,22
6083133,frh04,test,permanent meadows,PPH,47
6083161,frh04,test,temporary meadows,PTR,32
6083167,frh04,test,corn,MIE,32
6083204,frh04,test,wheat,BTH,22
6083273,frh04,test,temporary meadows,RGA,24
6083277,frh04,test,temporary meadows,RGA,24
6083303,frh04,test,temporary meadows,RGA,24
6083325,frh04,test,temporary meadows,RGA,49
6083343,frh04,test,permanent meadows,PRL,24
6083376,frh04,test,permanent meadows,PPH,24
6083379,frh04,test,corn,MIS,58
6083435,frh04,test,temporary meadows,RGA,24
6083443,frh04,test,rapeseed,CZH,38
6083575,frh04,test,temporary meadows,PTR,24
6083598,frh04,test,temporary meadows,RGA,24
6083603,frh04,test,temporary meadows,RGA,24
6083665,frh04,test,temporary meadows,PTR,24
6083672,frh04,test,permanent meadows,PPH,53
6083708,frh04,test,temporary meadows,RGA,24
6083834,frh04,test,temporary meadows,PTR,22
6083867,frh04,test,wheat,BTH,62
6083894,frh04,test,wheat,BTH,26
6083915,frh04,test,corn,MIS,26
6083918,frh04,test,barley,ORH,22
6083928,frh04,test,permanent meadows,PPH,22
6083954,frh04,test,barley,ORH,38
6083969,frh04,test,wheat,BTH,53
6084067,frh04,test,wheat,BTH,40
6084082,frh04,test,permanent meadows,PPH,22
6084202,frh04,test,wheat,BTH,58
6084219,frh04,test,temporary meadows,RGA,24
6084282,frh04,test,temporary meadows,RGA,29
6084375,frh04,test,wheat,BTH,38
6084409,frh04,test,temporary meadows,PTR,22
6084428,frh04,test,wheat,BTH,24
6084433,frh04,test,temporary meadows,RGA,24
6084512,frh04,test,permanent meadows,PPH,24
6084572,frh04,test,corn,MIE,24
6084754,frh04,test,temporary meadows,PTR,24
6084769,frh04,test,corn,MIE,38
6084804,frh04,test,permanent meadows,PPH,38
6084869,frh04,test,barley,ORH,58
6084899,frh04,test,temporary meadows,PTR,22
6084986,frh04,test,temporary meadows,PTR,32
6085052,frh04,test,corn,MIE,24
6085060,frh04,test,temporary meadows,PTR,35
6085091,frh04,test,permanent meadows,PRL,38
6085142,frh04,test,wheat,BTH,22
6085195,frh04,test,corn,MIS,58
6085198,frh04,test,corn,MIS,24
6085253,frh04,test,corn,MIE,38
6085259,frh04,test,temporary meadows,PTR,38
6085273,frh04,test,corn,MIS,47
6085288,frh04,test,permanent meadows,PPH,38
6085309,frh04,test,permanent meadows,PPH,22
6085335,frh04,test,corn,MIE,24
6085353,frh04,test,permanent meadows,PRL,54
6085392,frh04,test,corn,MIS,26
6085404,frh04,test,corn,MIS,26
6085419,frh04,test,corn,MIE,24
6085420,frh04,test,corn,MIE,24
6085443,frh04,test,corn,MIE,24
6085484,frh04,test,wheat,BTH,22
6085516,frh04,test,temporary meadows,RGA,38
6085630,frh04,test,temporary meadows,PTR,54
6085636,frh04,test,permanent meadows,PPH,24
6085649,frh04,test,permanent meadows,PRL,38
6085847,frh04,test,barley,ORH,24
6085851,frh04,test,permanent meadows,PRL,24
6086027,frh04,test,wheat,BTH,47
6086085,frh04,test,temporary meadows,PTR,38
6086088,frh04,test,temporary meadows,PTR,38
6086117,frh04,test,temporary meadows,PTR,24
6086133,frh04,test,corn,MIE,22
6086134,frh04,test,corn,MIE,22
6086239,frh04,test,corn,MIE,38
6086273,frh04,test,temporary meadows,RGA,24
6086314,frh04,test,barley,ORH,26
6086321,frh04,test,temporary meadows,PTR,26
6086325,frh04,test,temporary meadows,PTR,26
6086353,frh04,test,temporary meadows,PTR,38
6086384,frh04,test,temporary meadows,RGA,24
6086403,frh04,test,corn,MIE,24
6086420,frh04,test,wheat,BTH,24
6086424,frh04,test,temporary meadows,PTR,24
6086433,frh04,test,corn,MIE,53
6086442,frh04,test,temporary meadows,PTR,53
6086477,frh04,test,temporary meadows,PTR,24
6086520,frh04,test,permanent meadows,PPH,53
6086537,frh04,test,permanent meadows,PRL,38
6086594,frh04,test,temporary meadows,PTR,24
6086601,frh04,test,permanent meadows,PPH,24
6086613,frh04,test,corn,MIS,24
6086641,frh04,test,temporary meadows,PTR,54
6086657,frh04,test,temporary meadows,PTR,24
6086663,frh04,test,temporary meadows,RGA,24
6086673,frh04,test,wheat,BTH,24
6086674,frh04,test,corn,MIE,24
6086683,frh04,test,corn,MIE,24
6086694,frh04,test,temporary meadows,RGA,24
6086700,frh04,test,barley,ORH,24
6086719,frh04,test,corn,MIE,53
6086779,frh04,test,temporary meadows,PTR,24
6086820,frh04,test,permanent meadows,PPH,24
6086855,frh04,test,corn,MIE,24
6086860,frh04,test,corn,MIE,24
6086864,frh04,test,wheat,BTH,24
6086866,frh04,test,temporary meadows,PTR,24
6086898,frh04,test,permanent meadows,PPH,38
6086937,frh04,test,corn,MIE,24
6086960,frh04,test,permanent meadows,PPH,38
6086974,frh04,test,temporary meadows,PTR,22
6086982,frh04,test,corn,MIE,22
6086997,frh04,test,temporary meadows,PTR,24
6087039,frh04,test,corn,MIE,22
6087086,frh04,test,permanent meadows,PRL,22
6087117,frh04,test,temporary meadows,RGA,26
6087230,frh04,test,temporary meadows,PTR,38
6087231,frh04,test,temporary meadows,PTR,38
6087255,frh04,test,barley,ORH,47
6087383,frh04,test,permanent meadows,PRL,24
6087385,frh04,test,permanent meadows,PRL,24
6087491,frh04,test,corn,MIS,24
6087501,frh04,test,barley,ORH,22
6087561,frh04,test,wheat,BTH,53
6087570,frh04,test,corn,MIS,24
6087581,frh04,test,rapeseed,CZH,24
6087609,frh04,test,permanent meadows,PPH,26
6087614,frh04,test,wheat,BTH,26
6087625,frh04,test,temporary meadows,RGA,38
6087698,frh04,test,temporary meadows,PTR,22
6087706,frh04,test,temporary meadows,PTR,22
6087725,frh04,test,permanent meadows,PPH,24
6087742,frh04,test,permanent meadows,PPH,22
6087744,frh04,test,wheat,BTH,24
6087770,frh04,test,permanent meadows,PPH,38
6087773,frh04,test,permanent meadows,PPH,38
6087794,frh04,test,permanent meadows,PPH,22
6087803,frh04,test,temporary meadows,PTR,22
6087808,frh04,test,permanent meadows,PPH,22
6087809,frh04,test,permanent meadows,PPH,38
6087840,frh04,test,temporary meadows,PTR,58
6087841,frh04,test,corn,MIS,58
6087951,frh04,test,temporary meadows,RGA,24
6088031,frh04,test,wheat,BTH,26
6088078,frh04,test,temporary meadows,PTR,22
6088200,frh04,test,permanent meadows,PPH,22
6088212,frh04,test,temporary meadows,RGA,24
6088228,frh04,test,corn,MIE,22
6088229,frh04,test,permanent meadows,PRL,22
6088232,frh04,test,permanent meadows,PPH,24
6088273,frh04,test,permanent meadows,PRL,53
6088305,frh04,test,temporary meadows,PTR,22
6088310,frh04,test,corn,MIE,24
6088326,frh04,test,temporary meadows,PTR,24
6088366,frh04,test,wheat,BTH,26
6088385,frh04,test,corn,MIE,26
6088420,frh04,test,permanent meadows,PRL,24
6088527,frh04,test,permanent meadows,PRL,53
6088554,frh04,test,barley,ORP,53
6088577,frh04,test,corn,MIE,53
6088614,frh04,test,corn,MIS,22
6088615,frh04,test,rapeseed,CZH,22
6088634,frh04,test,barley,ORH,40
6088640,frh04,test,corn,MIS,40
6088673,frh04,test,temporary meadows,PTR,62
6088702,frh04,test,corn,MIE,24
6088739,frh04,test,temporary meadows,PTR,22
6088782,frh04,test,temporary meadows,PTR,38
6088784,frh04,test,permanent meadows,PPH,38
6088849,frh04,test,rapeseed,CZH,22
6088867,frh04,test,corn,MIS,22
6088871,frh04,test,wheat,BTH,22
6088937,frh04,test,wheat,BTH,22
6088956,frh04,test,corn,MIE,38
6089049,frh04,test,corn,MIS,22
6089090,frh04,test,permanent meadows,PPH,58
6089143,frh04,test,corn,MIS,22
6089185,frh04,test,temporary meadows,RGA,47
6089259,frh04,test,permanent meadows,PPH,53
6089309,frh04,test,corn,MIE,24
6089316,frh04,test,barley,ORH,62
6089379,frh04,test,corn,MIE,24
6089388,frh04,test,permanent meadows,PRL,24
6089399,frh04,test,permanent meadows,PPH,22
6089402,frh04,test,wheat,BTH,22
6089404,frh04,test,wheat,BTH,22
6089412,frh04,test,corn,MIE,22
6089432,frh04,test,corn,MIE,38
6089503,frh04,test,corn,MIS,24
6089522,frh04,test,corn,MIE,38
6089553,frh04,test,wheat,BTH,26
6089631,frh04,test,temporary meadows,PTR,26
6089662,frh04,test,temporary meadows,RGA,24
6089696,frh04,test,wheat,BTH,22
6089733,frh04,test,barley,ORH,26
6089868,frh04,test,corn,MIE,22
6089883,frh04,test,orchards,VRG,26
6089884,frh04,test,corn,MIS,26
6089917,frh04,test,corn,MIS,26
6089976,frh04,test,permanent meadows,PPH,32
6089992,frh04,test,temporary meadows,PTR,26
6090016,frh04,test,corn,MIE,22
6090027,frh04,test,rapeseed,CZH,26
6090042,frh04,test,wheat,BTH,24
6090053,frh04,test,temporary meadows,PTR,26
6090066,frh04,test,temporary meadows,PTR,26
6090075,frh04,test,wheat,BTH,26
6090112,frh04,test,permanent meadows,PRL,53
6090186,frh04,test,permanent meadows,PPH,24
6090202,frh04,test,temporary meadows,PTR,26
6090250,frh04,test,permanent meadows,PRL,38
6090251,frh04,test,corn,MIE,38
6090324,frh04,test,corn,MIE,53
6090396,frh04,test,temporary meadows,PTR,26
6090407,frh04,test,temporary meadows,RGA,58
6090443,frh04,test,corn,MIS,22
6090458,frh04,test,corn,MIE,24
6090506,frh04,test,corn,MIE,26
6090598,frh04,test,corn,MIS,22
6090601,frh04,test,wheat,BTH,22
6090611,frh04,test,temporary meadows,PTR,24
6090673,frh04,test,wheat,BTH,22
6090680,frh04,test,barley,ORH,22
6090779,frh04,test,corn,MIE,38
6090890,frh04,test,temporary meadows,RGA,22
6090920,frh04,test,wheat,BTH,58
6090922,frh04,test,corn,MIE,53
6090955,frh04,test,temporary meadows,PTR,40
6091069,frh04,test,temporary meadows,PTR,24
6091074,frh04,test,wheat,BTH,26
6091143,frh04,test,corn,MIE,24
6091153,frh04,test,temporary meadows,PTR,40
6091172,frh04,test,permanent meadows,PRL,24
6091173,frh04,test,permanent meadows,PPH,24
6091186,frh04,test,temporary meadows,RGA,24
6091216,frh04,test,wheat,BTH,38
6091277,frh04,test,temporary meadows,PTR,22
6091285,frh04,test,temporary meadows,PTR,22
6091382,frh04,test,temporary meadows,RGA,22
6091395,frh04,test,corn,MIS,58
6091414,frh04,test,corn,MIS,62
6091423,frh04,test,wheat,BTH,53
6091443,frh04,test,corn,MIS,38
6091448,frh04,test,corn,MIE,26
6091466,frh04,test,barley,ORH,26
6091475,frh04,test,wheat,BTH,22
6091504,frh04,test,permanent meadows,PRL,24
6091531,frh04,test,temporary meadows,PTR,26
6091554,frh04,test,permanent meadows,PRL,22
6091562,frh04,test,corn,MIE,22
6091566,frh04,test,temporary meadows,RGA,22
6091589,frh04,test,wheat,BTH,22
6091603,frh04,test,wheat,BTH,58
6091632,frh04,test,temporary meadows,PTR,26
6091698,frh04,test,permanent meadows,PRL,24
6091720,frh04,test,corn,MIE,38
6091882,frh04,test,temporary meadows,PTR,26
6091890,frh04,test,permanent meadows,PRL,26
6091960,frh04,test,corn,MIE,24
6091967,frh04,test,corn,MIS,26
6092043,frh04,test,temporary meadows,RGA,26
6092060,frh04,test,wheat,BTH,26
6092132,frh04,test,permanent meadows,PRL,26
6092143,frh04,test,corn,MIE,24
6092302,frh04,test,temporary meadows,RGA,24
6092331,frh04,test,temporary meadows,PTR,22
6092438,frh04,test,temporary meadows,RGA,47
6092450,frh04,test,temporary meadows,PTR,26
6092583,frh04,test,corn,MIS,53
6092593,frh04,test,barley,ORH,26
6092693,frh04,test,corn,MIS,26
6092729,frh04,test,wheat,BTH,22
6092736,frh04,test,wheat,BTH,22
6092809,frh04,test,wheat,BTH,22
6092831,frh04,test,corn,MIS,22
6092853,frh04,test,temporary meadows,PTR,58
6092860,frh04,test,temporary meadows,RGA,24
6092883,frh04,test,wheat,BTH,22
6092887,frh04,test,corn,MIE,22
6092940,frh04,test,temporary meadows,RGA,58
6092967,frh04,test,permanent meadows,PRL,22
6092972,frh04,test,temporary meadows,RGA,22
6092980,frh04,test,wheat,BTH,22
6093016,frh04,test,corn,MIE,58
6093090,frh04,test,corn,MIE,53
6093099,frh04,test,corn,MIE,53
6093140,frh04,test,permanent meadows,PPH,22
6093183,frh04,test,permanent meadows,PPH,58
6093201,frh04,test,permanent meadows,PPH,22
6093328,frh04,test,corn,MIE,38
6093404,frh04,test,barley,ORH,22
6093451,frh04,test,wheat,BTH,26
6093469,frh04,test,wheat,BTP,24
6093502,frh04,test,corn,MIE,22
6093512,frh04,test,permanent meadows,PPH,24
6093557,frh04,test,temporary meadows,PTR,24
6093602,frh04,test,temporary meadows,PTR,58
6093627,frh04,test,temporary meadows,PTR,22
6093666,frh04,test,permanent meadows,PPH,38
6093670,frh04,test,permanent meadows,PPH,38
6093951,frh04,test,wheat,BTH,24
6093958,frh04,test,wheat,BTH,24
6093959,frh04,test,wheat,BTH,24
6093988,frh04,test,temporary meadows,RGA,24
6094005,frh04,test,temporary meadows,PTR,38
6094053,frh04,test,permanent meadows,PPH,22
6094126,frh04,test,rapeseed,CZH,22
6094128,frh04,test,temporary meadows,PTR,22
6094177,frh04,test,temporary meadows,RGA,24
6094178,frh04,test,permanent meadows,PPH,24
6094233,frh04,test,wheat,BTH,24
6094251,frh04,test,temporary meadows,RGA,24
6094274,frh04,test,temporary meadows,RGA,38
6094293,frh04,test,permanent meadows,PPH,38
6094313,frh04,test,temporary meadows,PTR,24
6094346,frh04,test,temporary meadows,RGA,53
6094404,frh04,test,permanent meadows,PPH,38
6094426,frh04,test,temporary meadows,PTR,24
6094514,frh04,test,temporary meadows,PTR,26
6094525,frh04,test,corn,MIE,24
6094588,frh04,test,wheat,BTH,38
6094628,frh04,test,permanent meadows,PRL,54
6094685,frh04,test,orchards,VRG,53
6094726,frh04,test,temporary meadows,PTR,24
6094766,frh04,test,corn,MIE,22
6094773,frh04,test,corn,MIS,26
6094778,frh04,test,barley,ORH,47
6094847,frh04,test,temporary meadows,PTR,24
6094854,frh04,test,temporary meadows,PTR,24
6094862,frh04,test,temporary meadows,RGA,22
6094947,frh04,test,rapeseed,CZH,22
6094951,frh04,test,corn,MIS,47
6094976,frh04,test,wheat,BTH,38
6094978,frh04,test,permanent meadows,PRL,38
6095121,frh04,test,temporary meadows,RGA,22
6095244,frh04,test,barley,ORH,24
6095353,frh04,test,rapeseed,CZH,22
6095466,frh04,test,temporary meadows,RGA,38
6095488,frh04,test,corn,MIE,38
6095515,frh04,test,temporary meadows,PTR,22
6095540,frh04,test,temporary meadows,PTR,26
6095595,frh04,test,permanent meadows,PPH,26
6095609,frh04,test,permanent meadows,PPH,38
6095688,frh04,test,permanent meadows,PPH,38
6095747,frh04,test,corn,MIS,24
6095762,frh04,test,corn,MIE,22
6095763,frh04,test,corn,MIE,22
6095796,frh04,test,temporary meadows,PTR,22
6095856,frh04,test,corn,MIE,26
6096025,frh04,test,corn,MIE,24
6096064,frh04,test,wheat,BTH,22
6096089,frh04,test,wheat,BTH,22
6096167,frh04,test,permanent meadows,PRL,24
6096197,frh04,test,wheat,BTH,24
6096201,frh04,test,corn,MIE,24
6096267,frh04,test,corn,MIS,47
6096272,frh04,test,corn,MIS,47
6096327,frh04,test,corn,MIE,24
6096375,frh04,test,temporary meadows,PTR,22
6096382,frh04,test,corn,MIE,22
6096392,frh04,test,corn,MIE,22
6096413,frh04,test,corn,MIS,47
6096460,frh04,test,temporary meadows,PTR,24
6096496,frh04,test,permanent meadows,PPH,24
6096504,frh04,test,permanent meadows,PPH,26
6096521,frh04,test,corn,MIE,22
6096575,frh04,test,corn,MIE,22
6096623,frh04,test,corn,MIE,53
6096633,frh04,test,corn,MIE,22
6096669,frh04,test,wheat,BTH,22
6096711,frh04,test,permanent meadows,PRL,53
6096714,frh04,test,permanent meadows,PRL,53
6096740,frh04,test,permanent meadows,PRL,22
6096741,frh04,test,permanent meadows,PPH,22
6096817,frh04,test,temporary meadows,RGA,26
6096831,frh04,test,permanent meadows,PRL,22
6096847,frh04,test,permanent meadows,PPH,22
6096890,frh04,test,temporary meadows,PTR,26
6096936,frh04,test,permanent meadows,PPH,22
6096937,frh04,test,wheat,BTH,22
6096940,frh04,test,permanent meadows,PPH,22
6096962,frh04,test,corn,MIE,38
6096978,frh04,test,permanent meadows,PRL,38
6096987,frh04,test,temporary meadows,PTR,24
6097113,frh04,test,temporary meadows,PTR,22
6097124,frh04,test,rapeseed,CZH,22
6097131,frh04,test,permanent meadows,PRL,38
6097138,frh04,test,temporary meadows,PTR,58
6097179,frh04,test,permanent meadows,PPH,54
6097182,frh04,test,temporary meadows,PTR,54
6097195,frh04,test,rapeseed,CZH,38
6097208,frh04,test,temporary meadows,RGA,24
6097306,frh04,test,permanent meadows,PRL,24
6097424,frh04,test,wheat,BTH,22
6097448,frh04,test,corn,MIE,22
6097489,frh04,test,temporary meadows,PTR,22
6097572,frh04,test,corn,MIE,22
6097594,frh04,test,temporary meadows,PTR,53
6097598,frh04,test,corn,MIE,54
6097625,frh04,test,barley,ORH,47
6097650,frh04,test,temporary meadows,RGA,26
6097669,frh04,test,corn,MIS,38
6097688,frh04,test,permanent meadows,PPH,38
6097699,frh04,test,corn,MIE,22
6097717,frh04,test,permanent meadows,PPH,38
6097761,frh04,test,corn,MIS,22
6097788,frh04,test,permanent meadows,PPH,53
6097891,frh04,test,corn,MIE,22
6097892,frh04,test,barley,ORH,22
6097920,frh04,test,temporary meadows,RGA,24
6098022,frh04,test,permanent meadows,PPH,38
6098039,frh04,test,permanent meadows,PPH,38
6098066,frh04,test,temporary meadows,RGA,22
6098193,frh04,test,corn,MIS,53
6098194,frh04,test,temporary meadows,RGA,53
6098242,frh04,test,orchards,VRG,26
6098291,frh04,test,corn,MIE,26
6098298,frh04,test,temporary meadows,PTR,53
6098420,frh04,test,corn,MIE,22
6098449,frh04,test,wheat,BTH,22
6098452,frh04,test,corn,MIE,26
6098556,frh04,test,wheat,BTH,53
6098562,frh04,test,permanent meadows,PRL,38
6098617,frh04,test,temporary meadows,PTR,58
6098714,frh04,test,barley,ORP,24
6098725,frh04,test,temporary meadows,RGA,24
6098845,frh04,test,wheat,BTH,25
6098953,frh04,test,permanent meadows,PPH,53
6098958,frh04,test,temporary meadows,PTR,38
6099037,frh04,test,permanent meadows,PPH,38
6099057,frh04,test,corn,MIE,24
6099063,frh04,test,temporary meadows,PTR,24
6099095,frh04,test,permanent meadows,PPH,58
6099113,frh04,test,temporary meadows,PTR,47
6099153,frh04,test,temporary meadows,RGA,24
6099211,frh04,test,temporary meadows,RGA,22
6099243,frh04,test,barley,ORP,26
6099250,frh04,test,permanent meadows,PPH,38
6099255,frh04,test,temporary meadows,PTR,33
6099290,frh04,test,corn,MIS,32
6099291,frh04,test,corn,MIS,32
6099297,frh04,test,corn,MIS,32
6099319,frh04,test,temporary meadows,RGA,22
6099391,frh04,test,corn,MIE,38
6099435,frh04,test,corn,MIE,40
6099466,frh04,test,temporary meadows,PTR,38
6099480,frh04,test,permanent meadows,PPH,38
6099482,frh04,test,temporary meadows,PTR,38
6099495,frh04,test,temporary meadows,RGA,22
6099506,frh04,test,orchards,VRG,26
6099636,frh04,test,temporary meadows,PTR,26
6099645,frh04,test,temporary meadows,RGA,22
6099652,frh04,test,corn,MIE,24
6099654,frh04,test,temporary meadows,RGA,24
6099662,frh04,test,permanent meadows,PPH,38
6099706,frh04,test,permanent meadows,PPH,38
6099782,frh04,test,corn,MIE,22
6099786,frh04,test,corn,MIE,22
6099826,frh04,test,corn,MIE,24
6099827,frh04,test,permanent meadows,PPH,24
6099863,frh04,test,permanent meadows,PRL,53
6099872,frh04,test,corn,MIE,22
6099894,frh04,test,wheat,BTH,22
6099940,frh04,test,corn,MIS,58
6099959,frh04,test,permanent meadows,PRL,55
6099969,frh04,test,corn,MIE,22
6099989,frh04,test,wheat,BTH,22
6100033,frh04,test,permanent meadows,PPH,58
6100035,frh04,test,permanent meadows,PRL,58
6100085,frh04,test,wheat,BTH,38
6100113,frh04,test,rapeseed,CZH,22
6100276,frh04,test,corn,MIE,24
6100314,frh04,test,temporary meadows,PTR,53
6100325,frh04,test,corn,MIE,53
6100382,frh04,test,wheat,BTH,24
6100424,frh04,test,temporary meadows,PTR,53
6100444,frh04,test,permanent meadows,PRL,47
6100451,frh04,test,temporary meadows,PTR,47
6100469,frh04,test,temporary meadows,PTR,24
6100528,frh04,test,corn,MIE,22
6100598,frh04,test,temporary meadows,PTR,22
6100604,frh04,test,permanent meadows,PPH,38
6100611,frh04,test,permanent meadows,PPH,24
6100641,frh04,test,temporary meadows,RGA,26
6100649,frh04,test,wheat,BTH,22
6100674,frh04,test,temporary meadows,PTR,35
6100810,frh04,test,corn,MIE,26
6100855,frh04,test,wheat,BTH,22
6100893,frh04,test,temporary meadows,RGA,26
6100965,frh04,test,permanent meadows,PPH,26
6100994,frh04,test,barley,ORH,40
6101022,frh04,test,permanent meadows,PPH,53
6101084,frh04,test,corn,MIS,58
6101105,frh04,test,rapeseed,CZH,26
6101124,frh04,test,permanent meadows,PPH,47
6101139,frh04,test,wheat,BTH,24
6101242,frh04,test,wheat,BTH,24
6101306,frh04,test,temporary meadows,RGA,22
6101313,frh04,test,wheat,BTH,24
6101362,frh04,test,permanent meadows,PRL,22
6101374,frh04,test,corn,MIE,22
6101414,frh04,test,permanent meadows,PPH,26
6101424,frh04,test,wheat,BTH,26
6101480,frh04,test,temporary meadows,PTR,53
6101506,frh04,test,wheat,BTH,26
6101583,frh04,test,permanent meadows,PPH,53
6101607,frh04,test,permanent meadows,PPH,38
6101620,frh04,test,wheat,BTH,38
6101633,frh04,test,wheat,BTH,38
6101677,frh04,test,permanent meadows,PPH,26
6101684,frh04,test,temporary meadows,PTR,26
6101755,frh04,test,permanent meadows,PPH,24
6101772,frh04,test,corn,MIS,38
6101809,frh04,test,permanent meadows,PPH,22
6101810,frh04,test,permanent meadows,PPH,22
6101813,frh04,test,corn,MIE,22
6101821,frh04,test,corn,MIE,24
6101830,frh04,test,wheat,BTH,24
6101831,frh04,test,corn,MIE,24
6101834,frh04,test,permanent meadows,PRL,24
6101904,frh04,test,permanent meadows,PRL,24
6101909,frh04,test,wheat,BTH,24
6101947,frh04,test,permanent meadows,PPH,38
6101992,frh04,test,corn,MIS,38
6102076,frh04,test,corn,MIE,38
6102141,frh04,test,wheat,BTH,24
6102165,frh04,test,wheat,BTH,38
6102220,frh04,test,temporary meadows,RGA,33
6102236,frh04,test,temporary meadows,RGA,38
6102238,frh04,test,orchards,VRG,38
6102383,frh04,test,corn,MIS,26
6102468,frh04,test,permanent meadows,PPH,22
6102518,frh04,test,temporary meadows,RGA,22
6102520,frh04,test,barley,ORH,22
6102534,frh04,test,rapeseed,CZH,24
6102587,frh04,test,temporary meadows,PTR,38
6102591,frh04,test,temporary meadows,RGA,22
6102611,frh04,test,temporary meadows,PTR,22
6102678,frh04,test,wheat,BTH,38
6102743,frh04,test,temporary meadows,PTR,24
6102870,frh04,test,corn,MIE,58
6103006,frh04,test,permanent meadows,PPH,24
6103025,frh04,test,corn,MIS,22
6103030,frh04,test,wheat,BTH,22
6103072,frh04,test,wheat,BTH,47
6103079,frh04,test,corn,MIS,47
6103081,frh04,test,temporary meadows,PTR,24
6103114,frh04,test,temporary meadows,RGA,22
6103125,frh04,test,wheat,BTH,22
6103136,frh04,test,barley,ORH,26
6103196,frh04,test,barley,ORH,22
6103207,frh04,test,permanent meadows,PRL,22
6103210,frh04,test,temporary meadows,PTR,24
6103235,frh04,test,temporary meadows,RGA,26
6103297,frh04,test,corn,MIE,22
6103421,frh04,test,permanent meadows,PRL,26
6103431,frh04,test,corn,MIE,26
6103435,frh04,test,temporary meadows,PTR,26
6103480,frh04,test,permanent meadows,PPH,38
6103559,frh04,test,temporary meadows,RGA,24
6103565,frh04,test,corn,MIE,24
6103578,frh04,test,wheat,BTH,24
6103649,frh04,test,wheat,BTH,22
6103714,frh04,test,temporary meadows,RGA,38
6103749,frh04,test,temporary meadows,PTR,22
6103760,frh04,test,temporary meadows,RGA,24
6103833,frh04,test,temporary meadows,PTR,22
6104008,frh04,test,temporary meadows,PTR,22
6104014,frh04,test,permanent meadows,PRL,22
6104150,frh04,test,permanent meadows,PRL,53
6104154,frh04,test,corn,MIS,24
6104186,frh04,test,wheat,BTH,24
6104190,frh04,test,barley,ORH,38
6104244,frh04,test,corn,MIS,58
6104284,frh04,test,corn,MIS,22
6104313,frh04,test,temporary meadows,PTR,22
6104337,frh04,test,temporary meadows,PTR,43
6104382,frh04,test,corn,MIE,38
6104385,frh04,test,temporary meadows,PTR,38
6104438,frh04,test,corn,MIE,47
6104476,frh04,test,permanent meadows,PRL,22
6104482,frh04,test,corn,MIE,22
6104488,frh04,test,rapeseed,CZH,38
6104497,frh04,test,corn,MIE,53
6104647,frh04,test,temporary meadows,RGA,38
6104678,frh04,test,corn,MIE,22
6104761,frh04,test,permanent meadows,PPH,38
6104788,frh04,test,permanent meadows,PPH,22
6104827,frh04,test,corn,MIE,32
6104924,frh04,test,corn,MIE,43
6105024,frh04,test,temporary meadows,PTR,38
6105056,frh04,test,corn,MIS,22
6105059,frh04,test,corn,MIS,22
6105101,frh04,test,permanent meadows,PRL,24
6105108,frh04,test,permanent meadows,PRL,24
6105172,frh04,test,permanent meadows,PPH,22
6105179,frh04,test,temporary meadows,PTR,62
6105185,frh04,test,wheat,BTH,24
6105197,frh04,test,temporary meadows,RGA,24
6105295,frh04,test,permanent meadows,PRL,22
6105366,frh04,test,temporary meadows,RGA,22
6105372,frh04,test,wheat,BTH,22
6105377,frh04,test,wheat,BTH,22
6105383,frh04,test,wheat,BTH,26
6105395,frh04,test,permanent meadows,PRL,22
6105418,frh04,test,temporary meadows,PTR,22
6105492,frh04,test,temporary meadows,RGA,38
6105502,frh04,test,permanent meadows,PPH,38
6105532,frh04,test,corn,MIS,38
6105561,frh04,test,permanent meadows,PPH,38
6105626,frh04,test,temporary meadows,PTR,24
6105698,frh04,test,corn,MIE,58
6105742,frh04,test,corn,MIS,26
6105852,frh04,test,temporary meadows,PTR,27
6105865,frh04,test,permanent meadows,PPH,24
6105866,frh04,test,corn,MIE,24
6105871,frh04,test,permanent meadows,PRL,24
6105905,frh04,test,temporary meadows,RGA,58
6105983,frh04,test,permanent meadows,PRL,22
6106015,frh04,test,corn,MIE,29
6106042,frh04,test,wheat,BTH,22
6106069,frh04,test,temporary meadows,PTR,47
6106088,frh04,test,temporary meadows,RGA,24
6106184,frh04,test,wheat,BTH,26
6106209,frh04,test,permanent meadows,PPH,26
6106223,frh04,test,temporary meadows,RGA,38
6106225,frh04,test,permanent meadows,PPH,38
6106260,frh04,test,permanent meadows,PPH,53
6106275,frh04,test,permanent meadows,PPH,26
6106301,frh04,test,permanent meadows,PPH,38
6106322,frh04,test,temporary meadows,PTR,24
6106364,frh04,test,permanent meadows,PRL,53
6106399,frh04,test,corn,MIS,38
6106400,frh04,test,temporary meadows,RGA,38
6106437,frh04,test,permanent meadows,PPH,24
6106482,frh04,test,permanent meadows,PPH,26
6106495,frh04,test,temporary meadows,PTR,53
6106512,frh04,test,temporary meadows,PTR,58
6106521,frh04,test,corn,MIS,38
6106610,frh04,test,corn,MIS,24
6106614,frh04,test,wheat,BTH,24
6106624,frh04,test,corn,MIE,53
6106652,frh04,test,wheat,BTH,22
6106803,frh04,test,corn,MIS,38
6106853,frh04,test,permanent meadows,PRL,58
6106865,frh04,test,corn,MIS,22
6106893,frh04,test,corn,MIE,22
6106918,frh04,test,temporary meadows,RGA,22
6106921,frh04,test,corn,MIE,22
6107015,frh04,test,temporary meadows,RGA,24
6107016,frh04,test,temporary meadows,RGA,24
6107047,frh04,test,corn,MIE,26
6107158,frh04,test,barley,ORP,26
6107170,frh04,test,permanent meadows,PPH,24
6107172,frh04,test,temporary meadows,PTR,24
6107193,frh04,test,corn,MIE,22
6107195,frh04,test,corn,MIE,22
6107215,frh04,test,corn,MIE,26
6107239,frh04,test,corn,MIS,26
6107241,frh04,test,barley,ORP,26
6107281,frh04,test,corn,MIE,24
6107287,frh04,test,permanent meadows,PRL,24
6107344,frh04,test,wheat,BTH,22
6107358,frh04,test,corn,MIE,24
6107360,frh04,test,barley,ORH,26
6107402,frh04,test,barley,ORH,24
6107409,frh04,test,permanent meadows,PPH,24
6107563,frh04,test,wheat,BTH,53
6107617,frh04,test,permanent meadows,PPH,24
6107696,frh04,test,corn,MIE,32
6107711,frh04,test,wheat,BTH,24
6107712,frh04,test,permanent meadows,PPH,22
6107758,frh04,test,corn,MIE,24
6107764,frh04,test,temporary meadows,PTR,26
6107839,frh04,test,barley,ORH,58
6107841,frh04,test,wheat,BTH,58
6107851,frh04,test,temporary meadows,PTR,26
6107879,frh04,test,corn,MIS,26
6107903,frh04,test,corn,MIE,26
6107914,frh04,test,wheat,BTH,26
6108007,frh04,test,temporary meadows,PTR,38
6108048,frh04,test,barley,ORH,26
6108055,frh04,test,permanent meadows,PRL,24
6108056,frh04,test,permanent meadows,PRL,24
6108098,frh04,test,permanent meadows,PPH,38
6108231,frh04,test,rapeseed,CZH,22
6108243,frh04,test,barley,ORH,24
6108264,frh04,test,temporary meadows,PTR,24
6108268,frh04,test,temporary meadows,RGA,26
6108298,frh04,test,corn,MIE,22
6108299,frh04,test,corn,MIE,22
6108342,frh04,test,permanent meadows,PPH,24
6108363,frh04,test,wheat,BTH,22
6108368,frh04,test,corn,MIS,22
6108430,frh04,test,barley,ORH,24
6108465,frh04,test,corn,MIS,47
6108474,frh04,test,corn,MIE,58
6108641,frh04,test,permanent meadows,PPH,24
6108654,frh04,test,corn,MIE,24
6108656,frh04,test,permanent meadows,PPH,22
6108735,frh04,test,permanent meadows,PRL,53
6108827,frh04,test,corn,MIS,22
6108931,frh04,test,temporary meadows,PTR,53
6108938,frh04,test,wheat,BTH,53
6108988,frh04,test,permanent meadows,PRL,24
6109012,frh04,test,temporary meadows,PTR,26
6109093,frh04,test,permanent meadows,PPH,32
6109104,frh04,test,corn,MIE,22
6109111,frh04,test,corn,MIE,26
6109172,frh04,test,temporary meadows,RGA,22
6109193,frh04,test,wheat,BTH,28
6109207,frh04,test,corn,MIE,22
6109339,frh04,test,temporary meadows,RGA,22
6109389,frh04,test,wheat,BTH,24
6109413,frh04,test,corn,MIS,26
6109418,frh04,test,corn,MIS,26
6109446,frh04,test,temporary meadows,RGA,22
6109461,frh04,test,permanent meadows,PRL,24
6109478,frh04,test,wheat,BTH,22
6109481,frh04,test,wheat,BTH,22
6109537,frh04,test,corn,MIS,22
6109566,frh04,test,temporary meadows,PTR,40
6109575,frh04,test,wheat,BTH,22
6109594,frh04,test,corn,MIS,24
6109645,frh04,test,permanent meadows,PPH,22
6109656,frh04,test,temporary meadows,PTR,40
6109668,frh04,test,permanent meadows,PRL,22
6109729,frh04,test,corn,MIE,23
6109826,frh04,test,permanent meadows,PRL,22
6109836,frh04,test,corn,MIE,24
6109865,frh04,test,corn,MIS,38
6109985,frh04,test,corn,MIE,22
6109986,frh04,test,corn,MIE,22
6110002,frh04,test,orchards,VRG,24
6110004,frh04,test,barley,ORH,24
6110094,frh04,test,temporary meadows,PTR,22
6110189,frh04,test,barley,ORH,22
6110213,frh04,test,temporary meadows,RGA,32
6110217,frh04,test,temporary meadows,PTR,24
6110379,frh04,test,temporary meadows,RGA,24
6110417,frh04,test,wheat,BTH,22
6110506,frh04,test,wheat,BTH,24
6110534,frh04,test,corn,MIE,26
6110630,frh04,test,wheat,BTH,38
6110654,frh04,test,temporary meadows,PTR,26
6110686,frh04,test,corn,MIE,24
6110729,frh04,test,temporary meadows,PTR,53
6110762,frh04,test,corn,MIE,22
6110814,frh04,test,temporary meadows,RGA,22
6110896,frh04,test,permanent meadows,PPH,24
6110918,frh04,test,corn,MIS,22
6110935,frh04,test,corn,MIS,26
6111002,frh04,test,corn,MIS,22
6111069,frh04,test,corn,MIE,24
6111090,frh04,test,wheat,BTH,22
6111100,frh04,test,corn,MIS,22
6111162,frh04,test,corn,MIE,26
6111174,frh04,test,corn,MIE,26
6111182,frh04,test,corn,MIE,26
6111189,frh04,test,permanent meadows,PPH,26
6111217,frh04,test,corn,MIE,22
6111239,frh04,test,permanent meadows,PRL,26
6111249,frh04,test,wheat,BTH,58
6111282,frh04,test,temporary meadows,PTR,38
6111284,frh04,test,temporary meadows,PTR,22
6111332,frh04,test,wheat,BTH,26
6111341,frh04,test,temporary meadows,PTR,26
6111412,frh04,test,permanent meadows,PRL,30
6111413,frh04,test,wheat,BTH,33
6111438,frh04,test,corn,MIS,58
6111453,frh04,test,rapeseed,CZH,22
6111462,frh04,test,permanent meadows,PPH,26
6111463,frh04,test,corn,MIE,24
6111546,frh04,test,temporary meadows,RGA,32
6111575,frh04,test,permanent meadows,PPH,24
6111600,frh04,test,corn,MIE,26
6111604,frh04,test,permanent meadows,PRL,26
6111607,frh04,test,corn,MIE,26
6111641,frh04,test,corn,MIS,22
6111651,frh04,test,corn,MIS,22
6111654,frh04,test,corn,MIE,26
6111695,frh04,test,temporary meadows,RGA,26
6111710,frh04,test,wheat,BTH,58
6111723,frh04,test,corn,MIS,22
6111734,frh04,test,temporary meadows,PTR,26
6111896,frh04,test,rapeseed,CZH,22
6111920,frh04,test,temporary meadows,RGA,24
6111927,frh04,test,corn,MIE,24
6111933,frh04,test,temporary meadows,RGA,24
6111960,frh04,test,corn,MIE,24
6111970,frh04,test,permanent meadows,PPH,24
6112014,frh04,test,temporary meadows,RGA,24
6112020,frh04,test,corn,MIS,22
6112040,frh04,test,temporary meadows,PTR,24
6112085,frh04,test,corn,MIE,22
6112141,frh04,test,corn,MIE,26
6112172,frh04,test,barley,ORH,22
6112209,frh04,test,temporary meadows,PTR,26
6112217,frh04,test,corn,MIE,22
6112227,frh04,test,corn,MIE,26
6112284,frh04,test,corn,MIS,47
6112329,frh04,test,temporary meadows,PTR,53
6112392,frh04,test,corn,MIE,53
6112415,frh04,test,permanent meadows,PPH,53
6112459,frh04,test,corn,MIS,26
6112465,frh04,test,permanent meadows,PPH,24
6112516,frh04,test,wheat,BTH,47
6112546,frh04,test,orchards,VRG,26
6112576,frh04,test,temporary meadows,RGA,26
6112656,frh04,test,wheat,BTH,38
6112719,frh04,test,corn,MIE,38
6112745,frh04,test,temporary meadows,PTR,26
6112913,frh04,test,temporary meadows,RGA,22
6112933,frh04,test,corn,MIE,26
6112972,frh04,test,permanent meadows,PRL,38
6112975,frh04,test,temporary meadows,PTR,38
6113052,frh04,test,temporary meadows,RGA,38
6113091,frh04,test,wheat,BTH,22
6113105,frh04,test,barley,ORP,38
6113106,frh04,test,temporary meadows,RGA,38
6113121,frh04,test,temporary meadows,RGA,38
6113125,frh04,test,temporary meadows,RGA,38
6113128,frh04,test,temporary meadows,RGA,38
6113175,frh04,test,wheat,BTH,22
6113196,frh04,test,permanent meadows,PPH,38
6113224,frh04,test,wheat,BTH,38
6113242,frh04,test,wheat,BTH,26
6113252,frh04,test,permanent meadows,PPH,26
6113388,frh04,test,permanent meadows,PPH,47
6113444,frh04,test,permanent meadows,PPH,53
6113518,frh04,test,permanent meadows,PPH,24
6113524,frh04,test,temporary meadows,PTR,24
6113533,frh04,test,corn,MIE,24
6113553,frh04,test,barley,ORH,38
6113556,frh04,test,corn,MIS,38
6113579,frh04,test,wheat,BTH,24
6113609,frh04,test,permanent meadows,PPH,38
6113692,frh04,test,rapeseed,CZH,22
6113712,frh04,test,corn,MIS,53
6113754,frh04,test,temporary meadows,RGA,22
6113770,frh04,test,wheat,BTH,24
6113781,frh04,test,wheat,BTH,24
6113807,frh04,test,corn,MIS,53
6113937,frh04,test,permanent meadows,PRL,28
6113952,frh04,test,temporary meadows,PTR,38
6114016,frh04,test,temporary meadows,PTR,58
6114074,frh04,test,wheat,BTH,53
6114122,frh04,test,corn,MIE,29
6114137,frh04,test,permanent meadows,PRL,22
6114138,frh04,test,temporary meadows,PTR,22
6114142,frh04,test,permanent meadows,PPH,22
6114143,frh04,test,wheat,BTH,53
6114169,frh04,test,corn,MIE,32
6114204,frh04,test,temporary meadows,RGA,28
6114206,frh04,test,permanent meadows,PRL,29
6114279,frh04,test,permanent meadows,PRL,24
6114285,frh04,test,permanent meadows,PPH,24
6114317,frh04,test,corn,MIE,53
6114408,frh04,test,permanent meadows,PPH,26
6114489,frh04,test,corn,MIE,22
6114496,frh04,test,corn,MIS,22
6114504,frh04,test,wheat,BTH,22
6114541,frh04,test,permanent meadows,PPH,24
6114556,frh04,test,temporary meadows,PTR,24
6114634,frh04,test,corn,MIE,26
6114654,frh04,test,corn,MIE,24
6114722,frh04,test,corn,MIE,24
6114796,frh04,test,temporary meadows,PTR,22
6114800,frh04,test,wheat,BTH,26
6114849,frh04,test,wheat,BTH,22
6114853,frh04,test,corn,MIS,22
6114865,frh04,test,wheat,BTH,26
6114872,frh04,test,temporary meadows,RGA,24
6114976,frh04,test,temporary meadows,RGA,24
6114987,frh04,test,barley,ORH,22
6114999,frh04,test,temporary meadows,RGA,38
6115031,frh04,test,permanent meadows,PRL,22
6115033,frh04,test,temporary meadows,RGA,22
6115062,frh04,test,corn,MIE,24
6115082,frh04,test,permanent meadows,PPH,38
6115197,frh04,test,corn,MIS,38
6115200,frh04,test,permanent meadows,PPH,38
6115203,frh04,test,permanent meadows,PPH,38
6115223,frh04,test,permanent meadows,PPH,58
6115225,frh04,test,temporary meadows,PTR,53
6115227,frh04,test,wheat,BTH,53
6115265,frh04,test,corn,MIS,38
6115281,frh04,test,temporary meadows,PTR,38
6115303,frh04,test,permanent meadows,PRL,22
6115668,frh04,test,permanent meadows,PRL,58
6115694,frh04,test,temporary meadows,RGA,38
6115708,frh04,test,temporary meadows,PTR,22
6115734,frh04,test,barley,ORH,26
6115826,frh04,test,permanent meadows,PRL,38
6115833,frh04,test,temporary meadows,PTR,38
6115838,frh04,test,corn,MIS,47
6115840,frh04,test,corn,MIS,47
6115932,frh04,test,temporary meadows,RGA,22
6115951,frh04,test,temporary meadows,PTR,40
6116058,frh04,test,permanent meadows,PRL,53
6116099,frh04,test,temporary meadows,PTR,58
6116116,frh04,test,temporary meadows,PTR,22
6116124,frh04,test,corn,MIE,40
6116200,frh04,test,temporary meadows,PTR,22
6116220,frh04,test,orchards,VRG,38
6116222,frh04,test,orchards,VRG,38
6116234,frh04,test,orchards,VRG,38
6116281,frh04,test,wheat,BTH,22
6116283,frh04,test,barley,ORP,38
6116315,frh04,test,temporary meadows,PTR,38
6116358,frh04,test,temporary meadows,RGA,38
6116367,frh04,test,wheat,BTH,22
6116375,frh04,test,permanent meadows,PPH,22
6116407,frh04,test,wheat,BTH,22
6116503,frh04,test,barley,ORH,26
6116520,frh04,test,permanent meadows,PRL,26
6116544,frh04,test,permanent meadows,PPH,38
6116568,frh04,test,temporary meadows,PTR,24
6116572,frh04,test,corn,MIE,24
6116606,frh04,test,temporary meadows,PTR,26
6116622,frh04,test,corn,MIE,24
6116625,frh04,test,barley,ORH,24
6116626,frh04,test,corn,MIE,24
6116813,frh04,test,wheat,BTH,22
6116822,frh04,test,permanent meadows,PRL,22
6116828,frh04,test,temporary meadows,PTR,24
6116919,frh04,test,corn,MIE,22
6116928,frh04,test,corn,MIE,22
6116961,frh04,test,corn,MIS,22
6116977,frh04,test,wheat,BTH,26
6116986,frh04,test,temporary meadows,RGA,22
6117165,frh04,test,wheat,BTH,47
6117209,frh04,test,wheat,BTH,22
6117262,frh04,test,wheat,BTH,38
6117264,frh04,test,temporary meadows,RGA,38
6117265,frh04,test,wheat,BTH,38
6117287,frh04,test,barley,ORH,24
6117292,frh04,test,corn,MIS,24
6117293,frh04,test,corn,MIS,24
6117295,frh04,test,corn,MIS,24
6117305,frh04,test,corn,MIE,24
6117417,frh04,test,wheat,BTH,53
6117457,frh04,test,barley,ORH,38
6117476,frh04,test,temporary meadows,RGA,22
6117516,frh04,test,wheat,BTH,22
6117526,frh04,test,corn,MIE,22
6117532,frh04,test,temporary meadows,PTR,22
6117550,frh04,test,corn,MIE,38
6117590,frh04,test,rapeseed,CZH,26
6117601,frh04,test,corn,MIE,22
6117607,frh04,test,corn,MIE,22
6117642,frh04,test,corn,MIS,22
6117647,frh04,test,wheat,BTH,22
6117673,frh04,test,rapeseed,CZH,22
6117676,frh04,test,corn,MIE,22
6117774,frh04,test,temporary meadows,PTR,22
6117776,frh04,test,permanent meadows,PPH,22
6117785,frh04,test,permanent meadows,PPH,24
6117844,frh04,test,corn,MIS,22
6117865,frh04,test,temporary meadows,RGA,22
6117893,frh04,test,corn,MIS,58
6117921,frh04,test,corn,MIE,24
6117964,frh04,test,corn,MIE,22
6117976,frh04,test,temporary meadows,PTR,58
6118005,frh04,test,temporary meadows,RGA,24
6118029,frh04,test,rapeseed,CZH,22
6118088,frh04,test,permanent meadows,PPH,38
6118135,frh04,test,corn,MIE,26
6118202,frh04,test,corn,MIE,22
6118225,frh04,test,temporary meadows,PTR,38
6118263,frh04,test,temporary meadows,PTR,24
6118293,frh04,test,wheat,BTH,22
6118315,frh04,test,corn,MIE,26
6118379,frh04,test,corn,MIS,47
6118423,frh04,test,permanent meadows,PPH,32
6118438,frh04,test,rapeseed,CZH,47
6118439,frh04,test,wheat,BTH,47
6118498,frh04,test,permanent meadows,PPH,38
6118576,frh04,test,permanent meadows,PPH,38
6118610,frh04,test,permanent meadows,PPH,22
6118636,frh04,test,permanent meadows,PPH,24
6118657,frh04,test,permanent meadows,PPH,38
6118676,frh04,test,permanent meadows,PPH,38
6118681,frh04,test,corn,MIE,38
6118887,frh04,test,temporary meadows,PTR,24
6118888,frh04,test,temporary meadows,PTR,24
6118895,frh04,test,corn,MIE,54
6118908,frh04,test,temporary meadows,PTR,54
6118963,frh04,test,temporary meadows,RGA,58
6118997,frh04,test,temporary meadows,PTR,54
6119012,frh04,test,permanent meadows,PPH,24
6119078,frh04,test,temporary meadows,PTR,38
6119093,frh04,test,temporary meadows,RGA,22
6119125,frh04,test,permanent meadows,PPH,24
6119148,frh04,test,temporary meadows,PTR,26
6119174,frh04,test,wheat,BTH,24
6119212,frh04,test,temporary meadows,PTR,38
6119226,frh04,test,temporary meadows,PTR,22
6119227,frh04,test,temporary meadows,PTR,22
6119235,frh04,test,corn,MIE,22
6119270,frh04,test,temporary meadows,PTR,24
6119298,frh04,test,temporary meadows,PTR,22
6119300,frh04,test,corn,MIS,22
6119315,frh04,test,temporary meadows,PTR,22
6119360,frh04,test,temporary meadows,PTR,24
6119375,frh04,test,temporary meadows,PTR,24
6119451,frh04,test,temporary meadows,PTR,38
6119458,frh04,test,corn,MIE,24
6119475,frh04,test,temporary meadows,PTR,24
6119497,frh04,test,wheat,BTH,58
6119505,frh04,test,barley,ORP,53
6119548,frh04,test,barley,ORH,44
6119550,frh04,test,temporary meadows,RGA,47
6119591,frh04,test,corn,MIS,58
6119658,frh04,test,corn,MIE,24
6119690,frh04,test,temporary meadows,PTR,26
6119691,frh04,test,temporary meadows,PTR,26
6119696,frh04,test,permanent meadows,PPH,38
6119758,frh04,test,permanent meadows,PPH,24
6119783,frh04,test,corn,MIS,22
6119789,frh04,test,rapeseed,CZH,40
6119808,frh04,test,permanent meadows,PPH,38
6119838,frh04,test,permanent meadows,PRL,22
6119850,frh04,test,temporary meadows,RGA,58
6119860,frh04,test,temporary meadows,PTR,22
6119877,frh04,test,corn,MIE,22
6119885,frh04,test,permanent meadows,PRL,32
6119982,frh04,test,wheat,BTH,22
6120053,frh04,test,corn,MIE,38
6120079,frh04,test,permanent meadows,PPH,24
6120090,frh04,test,permanent meadows,PRL,26
6120092,frh04,test,permanent meadows,PRL,26
6120117,frh04,test,permanent meadows,PRL,58
6120150,frh04,test,temporary meadows,PTR,38
6120156,frh04,test,temporary meadows,RGA,24
6120163,frh04,test,permanent meadows,PPH,24
6120192,frh04,test,permanent meadows,PPH,24
6120210,frh04,test,temporary meadows,RGA,38
6120234,frh04,test,temporary meadows,PTR,38
6120320,frh04,test,rapeseed,CZH,38
6120349,frh04,test,permanent meadows,PPH,24
6120355,frh04,test,rapeseed,CZH,22
6120401,frh04,test,temporary meadows,PTR,22
6120444,frh04,test,permanent meadows,PPH,24
6120511,frh04,test,barley,ORP,40
6120514,frh04,test,corn,MIE,24
6120515,frh04,test,corn,MIE,24
6120555,frh04,test,temporary meadows,PTR,22
6120594,frh04,test,temporary meadows,PTR,24
6120641,frh04,test,barley,ORH,47
6120684,frh04,test,corn,MIE,26
6120733,frh04,test,temporary meadows,PTR,22
6120788,frh04,test,temporary meadows,PTR,26
6120857,frh04,test,wheat,BTH,26
6120879,frh04,test,corn,MIE,26
6120901,frh04,test,permanent meadows,PRL,53
6120902,frh04,test,corn,MIE,53
6120905,frh04,test,barley,ORH,53
6120916,frh04,test,wheat,BTH,22
6120937,frh04,test,temporary meadows,RGA,38
6120993,frh04,test,temporary meadows,PTR,22
6121019,frh04,test,corn,MIE,58
6121054,frh04,test,temporary meadows,RGA,22
6121063,frh04,test,permanent meadows,PPH,22
6121088,frh04,test,corn,MIE,22
6121249,frh04,test,corn,MIE,22
6121281,frh04,test,permanent meadows,PPH,40
6121298,frh04,test,permanent meadows,PRL,24
6121380,frh04,test,corn,MIE,24
6121408,frh04,test,corn,MIE,22
6121521,frh04,test,temporary meadows,PTR,24
6121604,frh04,test,permanent meadows,PPH,24
6121629,frh04,test,permanent meadows,PPH,22
6121649,frh04,test,temporary meadows,RGA,22
6121673,frh04,test,temporary meadows,RGA,58
6121709,frh04,test,temporary meadows,RGA,38
6121714,frh04,test,wheat,BTH,24
6121729,frh04,test,corn,MIE,22
6121743,frh04,test,temporary meadows,RGA,24
6121756,frh04,test,wheat,BTH,26
6121819,frh04,test,wheat,BTH,24
6121870,frh04,test,temporary meadows,RGA,26
6121872,frh04,test,barley,ORH,26
6121902,frh04,test,temporary meadows,RGA,38
6121926,frh04,test,permanent meadows,PPH,24
6121964,frh04,test,temporary meadows,PTR,22
6121967,frh04,test,temporary meadows,PTR,22
6121968,frh04,test,temporary meadows,RGA,26
6122012,frh04,test,temporary meadows,PTR,26
6122091,frh04,test,rapeseed,CZH,24
6122122,frh04,test,corn,MIE,38
6122174,frh04,test,temporary meadows,PTR,24
6122183,frh04,test,temporary meadows,PTR,24
6122257,frh04,test,corn,MIE,24
6122260,frh04,test,temporary meadows,RGA,24
6122298,frh04,test,wheat,BTH,26
6122315,frh04,test,temporary meadows,PTR,22
6122317,frh04,test,temporary meadows,PTR,22
6122344,frh04,test,temporary meadows,PTR,22
6122425,frh04,test,wheat,BTH,24
6122457,frh04,test,barley,ORH,22
6122460,frh04,test,wheat,BTH,22
6122467,frh04,test,wheat,BTH,22
6122494,frh04,test,corn,MIE,22
6122531,frh04,test,temporary meadows,RGA,24
6122535,frh04,test,permanent meadows,PRL,24
6122538,frh04,test,permanent meadows,PPH,24
6122560,frh04,test,permanent meadows,PPH,22
6122653,frh04,test,permanent meadows,PRL,22
6122661,frh04,test,permanent meadows,PRL,22
6122682,frh04,test,corn,MIS,58
6122716,frh04,test,corn,MIE,47
6122718,frh04,test,corn,MIE,47
6122726,frh04,test,corn,MIE,24
6122734,frh04,test,permanent meadows,PPH,32
6122782,frh04,test,permanent meadows,PPH,58
6122788,frh04,test,permanent meadows,PPH,58
6122795,frh04,test,corn,MIE,38
6122814,frh04,test,permanent meadows,PPH,26
6122931,frh04,test,wheat,BTH,40
6122941,frh04,test,permanent meadows,PPH,24
6122962,frh04,test,temporary meadows,PTR,40
6122969,frh04,test,corn,MIE,26
6122981,frh04,test,wheat,BTH,26
6123047,frh04,test,wheat,BTH,24
6123058,frh04,test,wheat,BTH,26
6123105,frh04,test,permanent meadows,PRL,38
6123107,frh04,test,temporary meadows,PTR,38
6123112,frh04,test,permanent meadows,PRL,38
6123179,frh04,test,corn,MIS,26
6123200,frh04,test,corn,MIE,38
6123232,frh04,test,corn,MIE,22
6123389,frh04,test,wheat,BTH,24
6123631,frh04,test,wheat,BTH,47
6123719,frh04,test,temporary meadows,PTR,22
6123721,frh04,test,wheat,BTH,22
6123730,frh04,test,permanent meadows,PPH,26
6123793,frh04,test,rapeseed,CZH,24
6123856,frh04,test,permanent meadows,PRL,24
6123859,frh04,test,temporary meadows,RGA,24
6123871,frh04,test,temporary meadows,RGA,26
6123932,frh04,test,rapeseed,CZH,24
6123946,frh04,test,barley,ORH,24
6123982,frh04,test,corn,MIE,26
6123999,frh04,test,corn,MIS,26
6124016,frh04,test,barley,ORP,38
6124068,frh04,test,corn,MIE,22
6124078,frh04,test,temporary meadows,RGA,24
6124100,frh04,test,corn,MIS,26
6124118,frh04,test,wheat,BTH,24
6124122,frh04,test,corn,MIE,24
6124142,frh04,test,wheat,BTH,22
6124152,frh04,test,temporary meadows,PTR,22
6124176,frh04,test,permanent meadows,PPH,38
6124256,frh04,test,temporary meadows,PTR,38
6124276,frh04,test,wheat,BTH,24
6124351,frh04,test,corn,MIS,38
6124394,frh04,test,corn,MIE,26
6124449,frh04,test,permanent meadows,PRL,22
6124491,frh04,test,temporary meadows,PTR,24
6124519,frh04,test,corn,MIE,60
6124538,frh04,test,wheat,BTH,22
6124551,frh04,test,temporary meadows,PTR,38
6124578,frh04,test,permanent meadows,PRL,24
6124648,frh04,test,temporary meadows,PTR,24
6124650,frh04,test,wheat,BTH,24
6124676,frh04,test,permanent meadows,PPH,38
6124684,frh04,test,corn,MIE,38
6124689,frh04,test,barley,ORH,22
6124751,frh04,test,corn,MIE,22
6124868,frh04,test,wheat,BTH,22
6124919,frh04,test,corn,MIE,22
6125033,frh04,test,wheat,BTH,24
6125089,frh04,test,permanent meadows,PPH,38
6125155,frh04,test,temporary meadows,PTR,38
6125167,frh04,test,wheat,BTH,58
6125191,frh04,test,corn,MIS,24
6125197,frh04,test,permanent meadows,PPH,24
6125228,frh04,test,temporary meadows,PTR,24
6125265,frh04,test,wheat,BTH,58
6125322,frh04,test,corn,MIE,38
6125346,frh04,test,permanent meadows,PPH,38
6125379,frh04,test,corn,MIE,26
6125423,frh04,test,permanent meadows,PPH,38
6125432,frh04,test,corn,MIE,38
6125434,frh04,test,corn,MIE,58
6125446,frh04,test,wheat,BTH,24
6125477,frh04,test,corn,MIS,38
6125478,frh04,test,wheat,BTH,38
6125495,frh04,test,corn,MIE,38
6125608,frh04,test,corn,MIS,38
6125610,frh04,test,corn,MIS,58
6125708,frh04,test,temporary meadows,PTR,47
6125711,frh04,test,corn,MIS,47
6125749,frh04,test,temporary meadows,PTR,24
6125768,frh04,test,temporary meadows,PTR,38
6125783,frh04,test,temporary meadows,PTR,38
6125824,frh04,test,corn,MIS,38
6125840,frh04,test,corn,MIS,47
6125873,frh04,test,temporary meadows,PTR,38
6125928,frh04,test,permanent meadows,PPH,38
6125951,frh04,test,temporary meadows,PTR,47
6125961,frh04,test,permanent meadows,PRL,22
6125962,frh04,test,corn,MIS,22
6126016,frh04,test,temporary meadows,PTR,38
6126036,frh04,test,wheat,BTH,22
6126045,frh04,test,wheat,BTH,62
6126068,frh04,test,corn,MIE,22
6126092,frh04,test,temporary meadows,RGA,38
6126099,frh04,test,corn,MIS,38
6126100,frh04,test,corn,MIS,38
6126101,frh04,test,wheat,BTH,47
6126136,frh04,test,temporary meadows,RGA,38
6126151,frh04,test,temporary meadows,PTR,22
6126154,frh04,test,temporary meadows,PTR,22
6126172,frh04,test,corn,MIE,22
6126178,frh04,test,temporary meadows,RGA,22
6126189,frh04,test,permanent meadows,PPH,22
6126207,frh04,test,rapeseed,CZH,38
6126231,frh04,test,corn,MIS,22
6126251,frh04,test,temporary meadows,PTR,53
6126266,frh04,test,temporary meadows,RGA,53
6126274,frh04,test,wheat,BTH,58
6126354,frh04,test,barley,ORH,53
6126406,frh04,test,permanent meadows,PRL,24
6126433,frh04,test,corn,MIE,22
6126448,frh04,test,corn,MIE,38
6126507,frh04,test,temporary meadows,PTR,22
6126512,frh04,test,temporary meadows,PTR,22
6126528,frh04,test,permanent meadows,PRL,22
6126643,frh04,test,temporary meadows,RGA,42
6126664,frh04,test,wheat,BTH,38
6126690,frh04,test,permanent meadows,PPH,38
6126714,frh04,test,corn,MIE,38
6126740,frh04,test,temporary meadows,PTR,38
6126762,frh04,test,orchards,PFR,24
6126881,frh04,test,temporary meadows,PTR,24
6126935,frh04,test,temporary meadows,PTR,24
6126974,frh04,test,temporary meadows,PTR,24
6127050,frh04,test,temporary meadows,PTR,24
6127093,frh04,test,permanent meadows,PRL,38
6127211,frh04,test,corn,MIE,24
6127233,frh04,test,temporary meadows,PTR,22
6127274,frh04,test,wheat,BTH,24
6127313,frh04,test,permanent meadows,PPH,53
6127372,frh04,test,corn,MIE,38
6127383,frh04,test,corn,MIE,22
6127415,frh04,test,temporary meadows,PTR,38
6127543,frh04,test,corn,MIE,24
6127549,frh04,test,temporary meadows,PTR,22
6127585,frh04,test,wheat,BTH,22
6127592,frh04,test,wheat,BTH,22
6127678,frh04,test,temporary meadows,RGA,38
6127716,frh04,test,barley,ORH,38
6127877,frh04,test,wheat,BTH,26
6127880,frh04,test,temporary meadows,PTR,22
6127893,frh04,test,corn,MIE,22
6127913,frh04,test,permanent meadows,PRL,26
6128028,frh04,test,wheat,BTH,53
6128043,frh04,test,temporary meadows,PTR,53
6128046,frh04,test,corn,MIE,53
6128067,frh04,test,temporary meadows,PTR,38
6128111,frh04,test,corn,MIE,22
6128130,frh04,test,corn,MIE,26
6128149,frh04,test,temporary meadows,PTR,38
6128180,frh04,test,corn,MIE,38
6128243,frh04,test,corn,MIS,47
6128270,frh04,test,permanent meadows,PRL,22
6128274,frh04,test,corn,MIE,22
6128323,frh04,test,temporary meadows,PTR,24
6128363,frh04,test,corn,MIE,22
6128380,frh04,test,permanent meadows,PRL,22
6128445,frh04,test,rapeseed,CZH,22
6128473,frh04,test,permanent meadows,PRL,22
6128626,frh04,test,wheat,BTH,22
6128745,frh04,test,temporary meadows,PTR,58
6128789,frh04,test,temporary meadows,RGA,22
6128816,frh04,test,temporary meadows,RGA,22
6128842,frh04,test,corn,MIE,24
6128854,frh04,test,temporary meadows,PTR,24
6128876,frh04,test,temporary meadows,PTR,38
6128943,frh04,test,barley,ORH,24
6128992,frh04,test,temporary meadows,PTR,26
6129013,frh04,test,permanent meadows,PRL,22
6129081,frh04,test,temporary meadows,RGA,24
6129085,frh04,test,temporary meadows,RGA,24
6129089,frh04,test,temporary meadows,RGA,24
6129145,frh04,test,temporary meadows,PTR,22
6129157,frh04,test,corn,MIE,22
6129173,frh04,test,permanent meadows,PRL,26
6129176,frh04,test,permanent meadows,PRL,26
6129222,frh04,test,temporary meadows,RGA,24
6129261,frh04,test,wheat,BTH,26
6129286,frh04,test,wheat,BTH,24
6129307,frh04,test,corn,MIE,22
6129357,frh04,test,permanent meadows,PPH,22
6129369,frh04,test,wheat,BTH,24
6129456,frh04,test,temporary meadows,PTR,24
6129485,frh04,test,corn,MIE,22
6129582,frh04,test,corn,MIE,22
6129591,frh04,test,corn,MIS,22
6129644,frh04,test,wheat,BTH,40
6129719,frh04,test,temporary meadows,RGA,24
6129738,frh04,test,corn,MIE,38
6129773,frh04,test,permanent meadows,PPH,24
6129832,frh04,test,corn,MIE,38
6129849,frh04,test,corn,MIS,22
6129917,frh04,test,temporary meadows,PTR,22
6129935,frh04,test,corn,MIE,26
6129938,frh04,test,temporary meadows,PTR,26
6130089,frh04,test,wheat,BTH,22
6130109,frh04,test,temporary meadows,PTR,29
6130122,frh04,test,corn,MIE,24
6130179,frh04,test,permanent meadows,PPH,22
6130212,frh04,test,corn,MIE,26
6130286,frh04,test,wheat,BTH,26
6130301,frh04,test,temporary meadows,RGA,26
6130318,frh04,test,temporary meadows,PTR,22
6130350,frh04,test,corn,MIE,26
6130359,frh04,test,temporary meadows,PTR,22
6130366,frh04,test,barley,ORH,22
6130390,frh04,test,permanent meadows,PPH,22
6130401,frh04,test,wheat,BTH,22
6130463,frh04,test,temporary meadows,PTR,24
6130572,frh04,test,temporary meadows,PTR,47
6130606,frh04,test,temporary meadows,RGA,22
6130612,frh04,test,temporary meadows,RGA,22
6130628,frh04,test,barley,ORH,24
6130637,frh04,test,permanent meadows,PPH,24
6130664,frh04,test,wheat,BTH,38
6130748,frh04,test,permanent meadows,PPH,24
6130753,frh04,test,corn,MIE,56
6130754,frh04,test,temporary meadows,PTR,54
6130894,frh04,test,permanent meadows,PRL,24
6130897,frh04,test,permanent meadows,PRL,24
6130933,frh04,test,temporary meadows,PTR,22
6130982,frh04,test,permanent meadows,PRL,24
6131008,frh04,test,corn,MIS,26
6131078,frh04,test,permanent meadows,PPH,22
6131082,frh04,test,wheat,BTH,22
6131114,frh04,test,temporary meadows,RGA,24
6131146,frh04,test,corn,MIS,22
6131181,frh04,test,permanent meadows,PRL,22
6131187,frh04,test,permanent meadows,PRL,22
6131192,frh04,test,permanent meadows,PRL,24
6131218,frh04,test,temporary meadows,PTR,23
6131243,frh04,test,wheat,BTH,24
6131368,frh04,test,permanent meadows,PRL,22
6131401,frh04,test,corn,MIE,24
6131500,frh04,test,permanent meadows,PPH,38
6131505,frh04,test,barley,ORH,38
6131570,frh04,test,corn,MIS,38
6131594,frh04,test,temporary meadows,PTR,22
6131671,frh04,test,temporary meadows,PTR,22
6131698,frh04,test,corn,MIS,22
6131736,frh04,test,temporary meadows,PTR,26
6131763,frh04,test,permanent meadows,PPH,38
6131881,frh04,test,permanent meadows,PRL,54
6131900,frh04,test,permanent meadows,PPH,38
6131950,frh04,test,temporary meadows,PTR,24
6131967,frh04,test,temporary meadows,PTR,38
6132032,frh04,test,barley,ORH,22
6132113,frh04,test,temporary meadows,RGA,24
6132156,frh04,test,wheat,BTH,26
6132275,frh04,test,temporary meadows,RGA,22
6132303,frh04,test,temporary meadows,PTR,38
6132315,frh04,test,wheat,BTH,22
6132328,frh04,test,corn,MIS,22
6132346,frh04,test,wheat,BTH,22
6132347,frh04,test,wheat,BTH,22
6132535,frh04,test,temporary meadows,RGA,24
6132555,frh04,test,temporary meadows,PTR,38
6132560,frh04,test,temporary meadows,PTR,38
6132594,frh04,test,temporary meadows,PTR,38
6132595,frh04,test,temporary meadows,RGA,38
6132637,frh04,test,temporary meadows,PTR,53
6132646,frh04,test,temporary meadows,RGA,38
6132659,frh04,test,corn,MIE,22
6132718,frh04,test,wheat,BTH,38
6132789,frh04,test,permanent meadows,PRL,24
6132791,frh04,test,corn,MIE,22
6132819,frh04,test,wheat,BTH,22
6132824,frh04,test,barley,ORH,38
6132825,frh04,test,barley,ORH,38
6132868,frh04,test,corn,MIE,22
6132925,frh04,test,temporary meadows,RGA,38
6132971,frh04,test,temporary meadows,PTR,47
6133055,frh04,test,temporary meadows,PTR,38
6133060,frh04,test,corn,MIE,38
6133063,frh04,test,corn,MIE,38
6133078,frh04,test,permanent meadows,PPH,22
6133079,frh04,test,wheat,BTH,22
6133109,frh04,test,corn,MIS,38
6133168,frh04,test,temporary meadows,RGA,26
6133173,frh04,test,wheat,BTH,22
6133207,frh04,test,temporary meadows,PTR,47
6133223,frh04,test,corn,MIE,24
6133268,frh04,test,corn,MIS,24
6133340,frh04,test,permanent meadows,PPH,24
6133368,frh04,test,corn,MIE,24
6133382,frh04,test,permanent meadows,PPH,24
6133436,frh04,test,permanent meadows,PPH,24
6133485,frh04,test,temporary meadows,PTR,22
6133499,frh04,test,permanent meadows,PRL,24
6133503,frh04,test,permanent meadows,PRL,24
6133504,frh04,test,permanent meadows,PRL,24
6133522,frh04,test,permanent meadows,PPH,24
6133525,frh04,test,permanent meadows,PPH,24
6133536,frh04,test,temporary meadows,PTR,47
6133574,frh04,test,temporary meadows,RGA,26
6133587,frh04,test,wheat,BTH,24
6133646,frh04,test,temporary meadows,RGA,22
6133682,frh04,test,permanent meadows,PPH,24
6133684,frh04,test,wheat,BTH,22
6133760,frh04,test,temporary meadows,RGA,24
6133811,frh04,test,corn,MIS,26
6133847,frh04,test,wheat,BTH,26
6134010,frh04,test,temporary meadows,PTR,53
6134019,frh04,test,corn,MIE,22
6134069,frh04,test,temporary meadows,PTR,24
6134135,frh04,test,temporary meadows,PTR,58
6134140,frh04,test,temporary meadows,PTR,26
6134142,frh04,test,temporary meadows,PTR,26
6134187,frh04,test,barley,ORP,53
6134239,frh04,test,corn,MIE,24
6134279,frh04,test,temporary meadows,RGA,24
6134297,frh04,test,temporary meadows,PTR,26
6134305,frh04,test,permanent meadows,PPH,58
6134312,frh04,test,wheat,BTH,58
6134430,frh04,test,temporary meadows,PTR,24
6134444,frh04,test,wheat,BTH,22
6134460,frh04,test,wheat,BTH,53
6134532,frh04,test,temporary meadows,PTR,22
6134585,frh04,test,corn,MIE,38
6134616,frh04,test,wheat,BTH,22
6134629,frh04,test,temporary meadows,PTR,38
6134730,frh04,test,temporary meadows,RGA,47
6134732,frh04,test,wheat,BTH,47
6134736,frh04,test,wheat,BTH,47
6134766,frh04,test,corn,MIE,22
6134899,frh04,test,wheat,BTH,24
6134917,frh04,test,corn,MIS,22
6134992,frh04,test,wheat,BTH,22
6134995,frh04,test,corn,MIE,22
6135017,frh04,test,barley,ORP,47
6135035,frh04,test,permanent meadows,PPH,24
6135052,frh04,test,corn,MIE,38
6135117,frh04,test,permanent meadows,PRL,22
6135124,frh04,test,temporary meadows,PTR,38
6135136,frh04,test,permanent meadows,PRL,22
6135178,frh04,test,temporary meadows,PTR,22
6135317,frh04,test,permanent meadows,PPH,53
6135386,frh04,test,temporary meadows,PTR,22
6135414,frh04,test,permanent meadows,PPH,53
6135422,frh04,test,corn,MIS,26
6135447,frh04,test,wheat,BTH,43
6135485,frh04,test,corn,MIE,53
6135569,frh04,test,permanent meadows,PPH,24
6135748,frh04,test,wheat,BTH,40
6135774,frh04,test,temporary meadows,RGA,40
6135789,frh04,test,temporary meadows,PTR,24
6135821,frh04,test,rapeseed,CZH,38
6135824,frh04,test,wheat,BTH,38
6135829,frh04,test,orchards,PFR,24
6135863,frh04,test,temporary meadows,PTR,47
6135900,frh04,test,wheat,BTH,38
6135929,frh04,test,temporary meadows,PTR,38
6136055,frh04,test,wheat,BTH,26
6136082,frh04,test,temporary meadows,PTR,22
6136097,frh04,test,wheat,BTH,58
6136124,frh04,test,corn,MIE,26
6136180,frh04,test,wheat,BTH,22
6136185,frh04,test,wheat,BTH,22
6136234,frh04,test,temporary meadows,RGA,26
6136239,frh04,test,temporary meadows,RGA,24
6136244,frh04,test,wheat,BTH,58
6136299,frh04,test,temporary meadows,RGA,22
6136311,frh04,test,temporary meadows,RGA,22
6136365,frh04,test,temporary meadows,RGA,22
6136371,frh04,test,corn,MIE,22
6136372,frh04,test,corn,MIE,22
6136386,frh04,test,wheat,BTH,22
6136405,frh04,test,barley,ORH,22
6136444,frh04,test,permanent meadows,PPH,38
6136540,frh04,test,permanent meadows,PRL,32
6136563,frh04,test,wheat,BTH,47
6136618,frh04,test,corn,MIS,32
6136707,frh04,test,permanent meadows,PPH,22
6136722,frh04,test,corn,MIE,22
6136759,frh04,test,permanent meadows,PPH,32
6136773,frh04,test,corn,MIS,47
6136783,frh04,test,wheat,BTH,62
6136796,frh04,test,temporary meadows,PTR,62
6136847,frh04,test,permanent meadows,PRL,38
6136870,frh04,test,rapeseed,CZH,38
6136883,frh04,test,permanent meadows,PRL,38
6136920,frh04,test,temporary meadows,PTR,26
6136974,frh04,test,corn,MIE,53
6137025,frh04,test,temporary meadows,PTR,26
6137043,frh04,test,permanent meadows,PPH,24
6137081,frh04,test,temporary meadows,PTR,38
6137116,frh04,test,permanent meadows,PPH,38
6137150,frh04,test,temporary meadows,RGA,47
6137228,frh04,test,corn,MIS,22
6137235,frh04,test,temporary meadows,RGA,47
6137363,frh04,test,corn,MIE,22
6137384,frh04,test,temporary meadows,RGA,38
6137410,frh04,test,wheat,BTH,26
6137414,frh04,test,wheat,BTH,22
6137500,frh04,test,temporary meadows,PTR,24
6137527,frh04,test,corn,MIS,22
6137542,frh04,test,wheat,BTH,22
6137575,frh04,test,corn,MIE,38
6137606,frh04,test,temporary meadows,PTR,22
6137616,frh04,test,wheat,BTH,22
6137617,frh04,test,temporary meadows,PTR,22
6137658,frh04,test,wheat,BTH,38
6137719,frh04,test,wheat,BTH,22
6137720,frh04,test,temporary meadows,RGA,22
6137741,frh04,test,corn,MIS,32
6137757,frh04,test,corn,MIS,39
6137798,frh04,test,temporary meadows,PTR,40
6137857,frh04,test,permanent meadows,PPH,24
6137893,frh04,test,temporary meadows,PTR,26
6137928,frh04,test,permanent meadows,PPH,24
6137932,frh04,test,temporary meadows,PTR,24
6138077,frh04,test,permanent meadows,PPH,22
6138139,frh04,test,wheat,BTH,38
6138154,frh04,test,temporary meadows,RGA,22
6138179,frh04,test,wheat,BTH,24
6138195,frh04,test,temporary meadows,PTR,38
6138253,frh04,test,temporary meadows,RGA,22
6138299,frh04,test,temporary meadows,PTR,24
6138311,frh04,test,barley,ORP,24
6138330,frh04,test,permanent meadows,PPH,38
6138333,frh04,test,barley,ORH,38
6138371,frh04,test,wheat,BTH,38
6138485,frh04,test,permanent meadows,PPH,24
6138490,frh04,test,corn,MIE,38
6138503,frh04,test,corn,MIE,38
6138517,frh04,test,corn,MIS,58
6138581,frh04,test,permanent meadows,PPH,38
6138632,frh04,test,corn,MIE,24
6138634,frh04,test,corn,MIE,24
6138701,frh04,test,temporary meadows,RGA,24
6138767,frh04,test,wheat,BTH,22
6138775,frh04,test,wheat,BTH,22
6138779,frh04,test,rapeseed,CZH,22
6138798,frh04,test,corn,MIE,24
6138818,frh04,test,temporary meadows,RGA,38
6138819,frh04,test,corn,MIS,38
6138863,frh04,test,permanent meadows,PPH,24
6138887,frh04,test,corn,MIS,47
6138889,frh04,test,wheat,BTP,47
6138934,frh04,test,corn,MIE,24
6139078,frh04,test,wheat,BTH,47
6139081,frh04,test,wheat,BTH,47
6139082,frh04,test,wheat,BTH,38
6139138,frh04,test,permanent meadows,PPH,24
6139139,frh04,test,permanent meadows,PPH,24
6139178,frh04,test,corn,MIS,47
6139253,frh04,test,temporary meadows,PTR,24
6139275,frh04,test,permanent meadows,PRL,53
6139364,frh04,test,temporary meadows,RGA,24
6139426,frh04,test,temporary meadows,PTR,24
6139433,frh04,test,wheat,BTH,24
6139441,frh04,test,temporary meadows,PTR,38
6139445,frh04,test,corn,MIE,24
6139452,frh04,test,corn,MIE,24
6139464,frh04,test,wheat,BTH,58
6139554,frh04,test,orchards,VRG,58
6139580,frh04,test,temporary meadows,PTR,38
6139617,frh04,test,temporary meadows,PTR,22
6139625,frh04,test,wheat,BTH,22
6139626,frh04,test,permanent meadows,PPH,22
6139650,frh04,test,temporary meadows,RGA,58
6139731,frh04,test,wheat,BTH,22
6139851,frh04,test,corn,MIS,58
6139902,frh04,test,temporary meadows,PTR,24
6139945,frh04,test,temporary meadows,RGA,38
6139995,frh04,test,barley,ORH,22
6139998,frh04,test,temporary meadows,PTR,22
6140200,frh04,test,temporary meadows,PTR,38
6140203,frh04,test,temporary meadows,PTR,38
6140242,frh04,test,wheat,BTH,22
6140347,frh04,test,temporary meadows,PTR,36
6140370,frh04,test,barley,ORH,38
6140376,frh04,test,temporary meadows,RGA,24
6140493,frh04,test,corn,MIS,26
6140511,frh04,test,barley,ORH,27
6140546,frh04,test,corn,MIS,22
6140549,frh04,test,barley,ORH,26
6140591,frh04,test,temporary meadows,RGA,22
6140671,frh04,test,temporary meadows,PTR,22
6140705,frh04,test,wheat,BTH,38
6140756,frh04,test,wheat,BTH,22
6140762,frh04,test,temporary meadows,PTR,26
6140774,frh04,test,temporary meadows,PTR,26
6140782,frh04,test,wheat,BTH,47
6140785,frh04,test,permanent meadows,PPH,47
6140789,frh04,test,wheat,BTH,47
6140795,frh04,test,temporary meadows,PTR,47
6140814,frh04,test,permanent meadows,PPH,24
6140852,frh04,test,corn,MIE,26
6140883,frh04,test,temporary meadows,PTR,47
6140946,frh04,test,corn,MIE,22
6140999,frh04,test,barley,ORH,38
6141007,frh04,test,corn,MIE,53
6141008,frh04,test,temporary meadows,RGA,24
6141106,frh04,test,permanent meadows,PRL,38
6141154,frh04,test,permanent meadows,PPH,38
6141264,frh04,test,corn,MIE,22
6141285,frh04,test,corn,MIE,22
6141308,frh04,test,temporary meadows,PTR,38
6141320,frh04,test,temporary meadows,PTR,38
6141342,frh04,test,corn,MIS,26
6141434,frh04,test,barley,ORH,22
6141467,frh04,test,wheat,BTH,38
6141520,frh04,test,temporary meadows,PTR,26
6141573,frh04,test,temporary meadows,PTR,47
6141598,frh04,test,corn,MIE,22
6141617,frh04,test,corn,MIS,53
6141639,frh04,test,permanent meadows,PRL,24
6141727,frh04,test,permanent meadows,PPH,24
6141751,frh04,test,barley,ORH,38
6141883,frh04,test,wheat,BTH,38
6141915,frh04,test,corn,MIS,58
6141917,frh04,test,permanent meadows,PPH,24
6141952,frh04,test,corn,MIE,38
6142056,frh04,test,corn,MIS,47
6142110,frh04,test,permanent meadows,PPH,26
6142128,frh04,test,permanent meadows,PPH,22
6142194,frh04,test,corn,MIS,38
6142195,frh04,test,rapeseed,CZP,38
6142388,frh04,test,barley,ORH,24
6142419,frh04,test,permanent meadows,PRL,24
6142471,frh04,test,permanent meadows,PPH,38
6142485,frh04,test,temporary meadows,PTR,38
6142491,frh04,test,orchards,VRG,22
6142521,frh04,test,corn,MIS,26
6142522,frh04,test,corn,MIS,26
6142610,frh04,test,permanent meadows,PRL,24
6142701,frh04,test,corn,MIS,24
6142763,frh04,test,temporary meadows,RGA,32
6142802,frh04,test,permanent meadows,PPH,26
6142826,frh04,test,temporary meadows,PTR,54
6142886,frh04,test,permanent meadows,PPH,54
6142897,frh04,test,permanent meadows,PPH,54
6142901,frh04,test,permanent meadows,PRL,54
6142915,frh04,test,corn,MIS,58
6142931,frh04,test,corn,MIS,38
6142932,frh04,test,permanent meadows,PPH,38
6142951,frh04,test,permanent meadows,PPH,26
6143026,frh04,test,wheat,BTH,38
6143027,frh04,test,temporary meadows,PTR,38
6143061,frh04,test,temporary meadows,RGA,41
6143070,frh04,test,permanent meadows,PPH,38
6143103,frh04,test,corn,MIS,58
6143179,frh04,test,permanent meadows,PPH,38
6143190,frh04,test,temporary meadows,PTR,38
6143385,frh04,test,temporary meadows,PTR,26
6143399,frh04,test,wheat,BTH,22
6143406,frh04,test,barley,ORP,38
6143433,frh04,test,corn,MIE,24
6143450,frh04,test,temporary meadows,PTR,38
6143508,frh04,test,corn,MIE,26
6143537,frh04,test,corn,MIS,47
6143641,frh04,test,barley,ORH,26
6143665,frh04,test,permanent meadows,PRL,24
6143671,frh04,test,corn,MIS,24
6143711,frh04,test,barley,ORP,24
6143814,frh04,test,corn,MIS,26
6143816,frh04,test,corn,MIS,22
6143840,frh04,test,permanent meadows,PPH,24
6143841,frh04,test,wheat,BTH,24
6143862,frh04,test,temporary meadows,RGA,22
6143876,frh04,test,corn,MIE,22
6143945,frh04,test,corn,MIS,24
6144027,frh04,test,corn,MIS,47
6144096,frh04,test,temporary meadows,PTR,47
6144114,frh04,test,permanent meadows,PPH,22
6144245,frh04,test,corn,MIS,22
6144261,frh04,test,permanent meadows,PRL,38
6144268,frh04,test,corn,MIE,38
6144305,frh04,test,permanent meadows,PRL,32
6144306,frh04,test,orchards,VRG,24
6144399,frh04,test,permanent meadows,PPH,24
6144437,frh04,test,temporary meadows,PTR,32
6144514,frh04,test,temporary meadows,PTR,32
6144533,frh04,test,permanent meadows,PPH,24
6144537,frh04,test,permanent meadows,PPH,24
6144642,frh04,test,temporary meadows,PTR,32
6144696,frh04,test,rapeseed,CZH,24
6144706,frh04,test,wheat,BTH,22
6144711,frh04,test,barley,ORP,22
6144734,frh04,test,permanent meadows,PPH,24
6144793,frh04,test,corn,MIS,38
6144807,frh04,test,wheat,BTH,38
6144808,frh04,test,temporary meadows,PTR,38
6144828,frh04,test,temporary meadows,RGA,22
6144847,frh04,test,wheat,BTH,26
6144917,frh04,test,corn,MIE,24
6144989,frh04,test,corn,MIS,24
6145008,frh04,test,permanent meadows,PPH,24
6145011,frh04,test,temporary meadows,PTR,24
6145028,frh04,test,wheat,BTH,22
6145049,frh04,test,temporary meadows,PTR,24
6145067,frh04,test,corn,MIE,38
6145161,frh04,test,temporary meadows,RGA,38
6145192,frh04,test,wheat,BTH,58
6145196,frh04,test,corn,MIS,58
6145242,frh04,test,wheat,BTH,22
6145261,frh04,test,corn,MIS,26
6145282,frh04,test,temporary meadows,PTR,58
6145329,frh04,test,barley,ORH,38
6145332,frh04,test,barley,ORH,38
6145355,frh04,test,corn,MIE,24
6145421,frh04,test,corn,MIS,22
6145501,frh04,test,wheat,BTH,22
6145648,frh04,test,temporary meadows,PTR,38
6145655,frh04,test,barley,ORP,38
6145709,frh04,test,wheat,BTH,38
6145764,frh04,test,corn,MIS,47
6145768,frh04,test,temporary meadows,PTR,38
6145837,frh04,test,corn,MIS,58
6145842,frh04,test,permanent meadows,PRL,24
6145847,frh04,test,permanent meadows,PRL,24
6145865,frh04,test,permanent meadows,PPH,38
6145911,frh04,test,permanent meadows,PPH,24
6145914,frh04,test,temporary meadows,PTR,24
6145927,frh04,test,permanent meadows,PPH,38
6145963,frh04,test,temporary meadows,PTR,38
6146081,frh04,test,temporary meadows,PTR,24
6146160,frh04,test,corn,MIE,26
6146175,frh04,test,wheat,BTH,38
6146272,frh04,test,corn,MIE,38
6146319,frh04,test,rapeseed,CZH,38
6146393,frh04,test,wheat,BTH,24
6146501,frh04,test,corn,MIE,24
6146511,frh04,test,temporary meadows,PTR,38
6146523,frh04,test,corn,MIE,26
6146550,frh04,test,barley,ORH,24
6146583,frh04,test,permanent meadows,PPH,24
6146641,frh04,test,wheat,BTH,22
6146652,frh04,test,rapeseed,CZH,22
6146658,frh04,test,permanent meadows,PPH,38
6146703,frh04,test,temporary meadows,RGA,24
6146738,frh04,test,permanent meadows,PRL,22
6146739,frh04,test,barley,ORH,24
6146802,frh04,test,wheat,BTH,38
6146806,frh04,test,corn,MIE,24
6146868,frh04,test,permanent meadows,PPH,24
6146894,frh04,test,corn,MIE,22
6146911,frh04,test,wheat,BTH,24
6147139,frh04,test,temporary meadows,RGA,24
6147143,frh04,test,temporary meadows,RGA,24
6147201,frh04,test,corn,MIS,24
6147211,frh04,test,wheat,BTH,24
6147213,frh04,test,barley,ORH,24
6147407,frh04,test,permanent meadows,PPH,38
6147410,frh04,test,corn,MIS,38
6147426,frh04,test,permanent meadows,PPH,38
6147432,frh04,test,barley,ORH,38
6147443,frh04,test,wheat,BTH,53
6147467,frh04,test,barley,ORH,26
6147519,frh04,test,corn,MIS,40
6147626,frh04,test,permanent meadows,PPH,26
6147667,frh04,test,wheat,BTH,24
6147725,frh04,test,permanent meadows,PRL,38
6147787,frh04,test,permanent meadows,PPH,26
6147820,frh04,test,temporary meadows,PTR,47
6147829,frh04,test,temporary meadows,PTR,47
6147842,frh04,test,temporary meadows,PTR,38
6147852,frh04,test,permanent meadows,PRL,38
6148010,frh04,test,temporary meadows,PTR,24
6148016,frh04,test,permanent meadows,PPH,24
6148042,frh04,test,temporary meadows,PTR,22
6148103,frh04,test,permanent meadows,PPH,24
6148133,frh04,test,wheat,BTH,22
6148152,frh04,test,permanent meadows,PRL,26
6148171,frh04,test,permanent meadows,PPH,24
6148178,frh04,test,rapeseed,CZH,24
6148247,frh04,test,wheat,BTH,22
6148290,frh04,test,temporary meadows,PTR,24
6148350,frh04,test,temporary meadows,PTR,22
6148354,frh04,test,corn,MIE,24
6148423,frh04,test,temporary meadows,PTR,22
6148524,frh04,test,temporary meadows,PTR,22
6148595,frh04,test,corn,MIE,22
6148680,frh04,test,wheat,BTH,38
6148738,frh04,test,permanent meadows,PPH,38
6148792,frh04,test,temporary meadows,PTR,38
6148824,frh04,test,barley,ORH,22
6148882,frh04,test,corn,MIS,31
6148887,frh04,test,corn,MIS,24
6148934,frh04,test,corn,MIE,26
6148937,frh04,test,corn,MIE,26
6148960,frh04,test,temporary meadows,PTR,26
6149041,frh04,test,temporary meadows,PTR,22
6149076,frh04,test,temporary meadows,RGA,38
6149321,frh04,test,permanent meadows,PPH,22
6149369,frh04,test,temporary meadows,PTR,38
6149441,frh04,test,permanent meadows,PPH,22
6149530,frh04,test,temporary meadows,RGA,36
6149543,frh04,test,barley,ORP,22
6149558,frh04,test,permanent meadows,PPH,38
6149579,frh04,test,temporary meadows,PTR,22
6149590,frh04,test,permanent meadows,PRL,47
6149658,frh04,test,temporary meadows,PTR,38
6149687,frh04,test,permanent meadows,PPH,47
6149758,frh04,test,temporary meadows,PTR,38
6149778,frh04,test,permanent meadows,PPH,24
6149834,frh04,test,permanent meadows,PPH,38
6149841,frh04,test,temporary meadows,PTR,38
6149852,frh04,test,rapeseed,CZH,26
6149956,frh04,test,temporary meadows,RGA,22
6149978,frh04,test,corn,MIS,24
6150035,frh04,test,temporary meadows,PTR,38
6150055,frh04,test,temporary meadows,PTR,24
6150069,frh04,test,temporary meadows,PTR,24
6150124,frh04,test,temporary meadows,PTR,38
6150144,frh04,test,temporary meadows,PTR,24
6150227,frh04,test,corn,MIE,38
6150316,frh04,test,corn,MIE,40
6150326,frh04,test,corn,MIE,30
6150331,frh04,test,temporary meadows,RGA,53
6150341,frh04,test,corn,MIE,24
6150347,frh04,test,permanent meadows,PPH,24
6150348,frh04,test,corn,MIE,24
6150436,frh04,test,permanent meadows,PPH,38
6150447,frh04,test,barley,ORH,22
6150457,frh04,test,temporary meadows,RGA,22
6150459,frh04,test,wheat,BTH,26
6150461,frh04,test,temporary meadows,RGA,26
6150525,frh04,test,wheat,BTH,22
6150537,frh04,test,temporary meadows,RGA,24
6150559,frh04,test,corn,MIE,22
6150574,frh04,test,temporary meadows,RGA,47
6150583,frh04,test,permanent meadows,PRL,40
6150591,frh04,test,corn,MIE,38
6150615,frh04,test,permanent meadows,PPH,22
6150632,frh04,test,temporary meadows,RGA,24
6150691,frh04,test,temporary meadows,RGA,38
6150736,frh04,test,temporary meadows,RGA,38
6150745,frh04,test,corn,MIE,24
6150779,frh04,test,corn,MIE,24
6150782,frh04,test,corn,MIE,24
6150837,frh04,test,temporary meadows,PTR,38
6150857,frh04,test,corn,MIS,22
6150859,frh04,test,rapeseed,CZH,22
6150864,frh04,test,corn,MIE,24
6150999,frh04,test,corn,MIE,62
6151001,frh04,test,temporary meadows,PTR,62
6151072,frh04,test,corn,MIE,38
6151131,frh04,test,temporary meadows,RGA,53
6151181,frh04,test,wheat,BTH,24
6151252,frh04,test,wheat,BTH,22
6151263,frh04,test,temporary meadows,RGA,53
6151354,frh04,test,permanent meadows,PRL,22
6151362,frh04,test,permanent meadows,PPH,60
6151371,frh04,test,corn,MIE,24
6151373,frh04,test,wheat,BTH,26
6151378,frh04,test,temporary meadows,RGA,53
6151389,frh04,test,permanent meadows,PPH,53
6151391,frh04,test,corn,MIE,53
6151426,frh04,test,temporary meadows,PTR,24
6151445,frh04,test,temporary meadows,PTR,26
6151446,frh04,test,corn,MIE,26
6151460,frh04,test,permanent meadows,PRL,22
6151495,frh04,test,corn,MIE,24
6151530,frh04,test,temporary meadows,PTR,62
6151538,frh04,test,corn,MIS,22
6151694,frh04,test,wheat,BTH,22
6151757,frh04,test,corn,MIS,53
6151765,frh04,test,wheat,BTH,53
6151780,frh04,test,temporary meadows,PTR,22
6151784,frh04,test,temporary meadows,PTR,22
6151813,frh04,test,corn,MIE,24
6151864,frh04,test,temporary meadows,PTR,22
6151894,frh04,test,temporary meadows,RGA,24
6151902,frh04,test,temporary meadows,PTR,24
6151930,frh04,test,wheat,BTH,22
6151992,frh04,test,temporary meadows,PTR,38
6152023,frh04,test,wheat,BTH,24
6152091,frh04,test,permanent meadows,PRL,38
6152149,frh04,test,permanent meadows,PPH,22
6152166,frh04,test,permanent meadows,PRL,24
6152224,frh04,test,corn,MIE,22
6152228,frh04,test,temporary meadows,PTR,22
6152278,frh04,test,permanent meadows,PPH,38
6152513,frh04,test,temporary meadows,RGA,22
6152575,frh04,test,temporary meadows,PTR,24
6152691,frh04,test,temporary meadows,PTR,38
6152713,frh04,test,temporary meadows,PTR,24
6152729,frh04,test,corn,MIE,24
6152741,frh04,test,permanent meadows,PPH,24
6152771,frh04,test,corn,MIE,32
6152805,frh04,test,wheat,BTH,26
6152833,frh04,test,permanent meadows,PPH,24
6152844,frh04,test,temporary meadows,RGA,24
6152901,frh04,test,temporary meadows,PTR,38
6152947,frh04,test,temporary meadows,RGA,47
6152966,frh04,test,temporary meadows,PTR,24
6153062,frh04,test,temporary meadows,PTR,24
6153104,frh04,test,temporary meadows,PTR,26
6153120,frh04,test,permanent meadows,PPH,22
6153137,frh04,test,corn,MIE,24
6153178,frh04,test,corn,MIE,26
6153198,frh04,test,barley,ORH,38
6153231,frh04,test,barley,ORH,22
6153251,frh04,test,temporary meadows,PTR,38
6153281,frh04,test,corn,MIE,38
6153354,frh04,test,corn,MIE,24
6153374,frh04,test,temporary meadows,PTR,24
6153421,frh04,test,corn,MIE,24
6153501,frh04,test,corn,MIE,22
6153595,frh04,test,permanent meadows,PPH,24
6153666,frh04,test,temporary meadows,PTR,26
6153754,frh04,test,temporary meadows,PTR,58
6153787,frh04,test,corn,MIE,22
6153790,frh04,test,permanent meadows,PRL,22
6153795,frh04,test,permanent meadows,PRL,38
6153804,frh04,test,temporary meadows,PTR,38
6153829,frh04,test,corn,MIE,47
6153830,frh04,test,temporary meadows,RGA,58
6153908,frh04,test,temporary meadows,PTR,22
6153966,frh04,test,temporary meadows,PTR,22
6154086,frh04,test,permanent meadows,PPH,38
6154119,frh04,test,corn,MIE,24
6154136,frh04,test,temporary meadows,RGA,24
6154242,frh04,test,temporary meadows,PTR,26
6154267,frh04,test,barley,ORH,38
6154295,frh04,test,temporary meadows,PTR,53
6154362,frh04,test,permanent meadows,PPH,38
6154424,frh04,test,temporary meadows,RGA,24
6154432,frh04,test,permanent meadows,PPH,38
6154465,frh04,test,temporary meadows,PTR,38
6154467,frh04,test,barley,ORH,38
6154527,frh04,test,temporary meadows,PTR,58
6154530,frh04,test,permanent meadows,PPH,58
6154535,frh04,test,corn,MIE,58
6154661,frh04,test,corn,MIE,53
6154721,frh04,test,temporary meadows,PTR,24
6154863,frh04,test,permanent meadows,PRL,58
6154887,frh04,test,corn,MIE,33
6154937,frh04,test,permanent meadows,PPH,38
6154972,frh04,test,temporary meadows,RGA,53
6155121,frh04,test,temporary meadows,RGA,58
6155163,frh04,test,corn,MIE,22
6155266,frh04,test,corn,MIE,24
6155287,frh04,test,corn,MIS,58
6155298,frh04,test,temporary meadows,PTR,24
6155306,frh04,test,permanent meadows,PPH,24
6155307,frh04,test,temporary meadows,PTR,24
6155327,frh04,test,temporary meadows,PTR,24
6155336,frh04,test,temporary meadows,PTR,24
6155406,frh04,test,temporary meadows,PTR,24
6155429,frh04,test,temporary meadows,PTR,24
6155435,frh04,test,temporary meadows,PTR,24
6155453,frh04,test,temporary meadows,PTR,58
6155461,frh04,test,wheat,BTH,22
6155468,frh04,test,temporary meadows,PTR,22
6155523,frh04,test,temporary meadows,PTR,38
6155570,frh04,test,corn,MIS,22
6155666,frh04,test,temporary meadows,PTR,40
6155758,frh04,test,temporary meadows,PTR,22
6155765,frh04,test,corn,MIE,22
6155783,frh04,test,temporary meadows,PTR,24
6155785,frh04,test,permanent meadows,PRL,24
6155830,frh04,test,wheat,BTH,58
6155846,frh04,test,permanent meadows,PPH,58
6155873,frh04,test,corn,MIE,22
6155939,frh04,test,temporary meadows,PTR,58
6155951,frh04,test,temporary meadows,RGA,22
6155980,frh04,test,wheat,BTH,47
6156005,frh04,test,temporary meadows,PTR,24
6156020,frh04,test,corn,MIE,24
6156028,frh04,test,corn,MIE,25
6156036,frh04,test,temporary meadows,PTR,24
6156049,frh04,test,corn,MIE,26
6156069,frh04,test,wheat,BTH,47
6156081,frh04,test,corn,MIE,38
6156085,frh04,test,wheat,BTH,38
6156104,frh04,test,temporary meadows,PTR,37
6156140,frh04,test,temporary meadows,PTR,26
6156161,frh04,test,temporary meadows,PTR,38
6156166,frh04,test,corn,MIE,38
6156182,frh04,test,temporary meadows,PTR,40
6156232,frh04,test,permanent meadows,PRL,38
6156388,frh04,test,temporary meadows,RGA,24
6156403,frh04,test,temporary meadows,RGA,26
6156410,frh04,test,corn,MIE,26
6156447,frh04,test,permanent meadows,PRL,37
6156457,frh04,test,corn,MIE,35
6156493,frh04,test,temporary meadows,RGA,26
6156554,frh04,test,temporary meadows,PTR,38
6156578,frh04,test,corn,MIE,22
6156596,frh04,test,corn,MIE,24
6156598,frh04,test,barley,ORH,24
6156604,frh04,test,barley,ORH,24
6156697,frh04,test,permanent meadows,PPH,24
6156700,frh04,test,temporary meadows,PTR,24
6156755,frh04,test,corn,MIE,24
6156758,frh04,test,temporary meadows,RGA,26
6156763,frh04,test,corn,MIE,26
6156807,frh04,test,barley,ORH,22
6156809,frh04,test,corn,MIE,58
6156842,frh04,test,corn,MIE,22
6156877,frh04,test,permanent meadows,PPH,24
6156882,frh04,test,wheat,BTH,24
6156905,frh04,test,corn,MIE,22
6156956,frh04,test,permanent meadows,PPH,38
6156959,frh04,test,permanent meadows,PPH,38
6157003,frh04,test,corn,MIE,22
6157005,frh04,test,wheat,BTH,22
6157010,frh04,test,temporary meadows,RGA,22
6157023,frh04,test,corn,MIE,24
6157054,frh04,test,temporary meadows,PTR,38
6157073,frh04,test,permanent meadows,PRL,22
6157084,frh04,test,temporary meadows,RGA,22
6157161,frh04,test,corn,MIE,24
6157180,frh04,test,temporary meadows,RGA,22
6157277,frh04,test,permanent meadows,PPH,24
6157333,frh04,test,temporary meadows,RGA,38
6157339,frh04,test,temporary meadows,RGA,38
6157354,frh04,test,temporary meadows,PTR,24
6157363,frh04,test,permanent meadows,PPH,24
6157409,frh04,test,permanent meadows,PPH,22
6157477,frh04,test,barley,ORH,26
6157486,frh04,test,permanent meadows,PPH,23
6157566,frh04,test,corn,MIE,26
6157611,frh04,test,corn,MIE,24
6157671,frh04,test,wheat,BTH,22
6157698,frh04,test,temporary meadows,PTR,40
6157724,frh04,test,corn,MIE,26
6157766,frh04,test,wheat,BTH,58
6157773,frh04,test,permanent meadows,PRL,58
6157801,frh04,test,temporary meadows,RGA,58
6157809,frh04,test,corn,MIE,47
6157824,frh04,test,permanent meadows,PRL,22
6157854,frh04,test,corn,MIS,58
6157857,frh04,test,permanent meadows,PRL,58
6157871,frh04,test,temporary meadows,RGA,58
6157877,frh04,test,temporary meadows,RGA,58
6157912,frh04,test,corn,MIE,22
6157951,frh04,test,temporary meadows,PTR,40
6158022,frh04,test,temporary meadows,PTR,22
6158059,frh04,test,temporary meadows,PTR,26
6158064,frh04,test,temporary meadows,PTR,26
6158093,frh04,test,permanent meadows,PPH,38
6158194,frh04,test,temporary meadows,PTR,24
6158219,frh04,test,wheat,BTH,22
6158273,frh04,test,corn,MIE,26
6158282,frh04,test,temporary meadows,PTR,24
6158314,frh04,test,wheat,BTH,22
6158326,frh04,test,rapeseed,CZH,22
6158331,frh04,test,corn,MIE,38
6158338,frh04,test,wheat,BTH,38
6158342,frh04,test,temporary meadows,PTR,38
6158367,frh04,test,temporary meadows,PTR,24
6158376,frh04,test,corn,MIE,24
6158389,frh04,test,permanent meadows,PRL,53
6158412,frh04,test,corn,MIE,38
6158415,frh04,test,corn,MIE,38
6158446,frh04,test,temporary meadows,PTR,24
6158449,frh04,test,wheat,BTH,24
6158501,frh04,test,permanent meadows,PRL,53
6158620,frh04,test,corn,MIE,24
6158659,frh04,test,permanent meadows,PRL,54
6158685,frh04,test,wheat,BTH,22
6158708,frh04,test,permanent meadows,PRL,62
6158742,frh04,test,permanent meadows,PRL,53
6158828,frh04,test,permanent meadows,PRL,22
6158851,frh04,test,temporary meadows,PTR,38
6158853,frh04,test,wheat,BTH,22
6158956,frh04,test,rapeseed,CZH,58
6159101,frh04,test,temporary meadows,PTR,22
6159119,frh04,test,corn,MIS,22
6159145,frh04,test,wheat,BTH,22
6159158,frh04,test,permanent meadows,PPH,38
6159218,frh04,test,temporary meadows,PTR,38
6159219,frh04,test,barley,ORH,38
6159279,frh04,test,permanent meadows,PPH,26
6159320,frh04,test,temporary meadows,RGA,24
6159328,frh04,test,temporary meadows,RGA,24
6159329,frh04,test,temporary meadows,RGA,24
6159331,frh04,test,permanent meadows,PPH,53
6159340,frh04,test,permanent meadows,PPH,53
6159346,frh04,test,permanent meadows,PRL,38
6159349,frh04,test,orchards,VRG,26
6159399,frh04,test,wheat,BTH,22
6159400,frh04,test,corn,MIS,22
6159416,frh04,test,corn,MIS,58
6159469,frh04,test,wheat,BTH,40
6159478,frh04,test,permanent meadows,PRL,24
6159562,frh04,test,temporary meadows,PTR,47
6159572,frh04,test,permanent meadows,PPH,38
6159600,frh04,test,corn,MIS,58
6159616,frh04,test,permanent meadows,PPH,38
6159681,frh04,test,permanent meadows,PPH,54
6159715,frh04,test,permanent meadows,PRL,38
6159721,frh04,test,corn,MIE,38
6159746,frh04,test,permanent meadows,PRL,24
6159870,frh04,test,corn,MIS,38
6159924,frh04,test,orchards,VRG,53
6159929,frh04,test,permanent meadows,PPH,22
6159940,frh04,test,corn,MIE,24
6159976,frh04,test,permanent meadows,PRL,58
6159993,frh04,test,corn,MIS,26
6160056,frh04,test,corn,MIE,24
6160123,frh04,test,temporary meadows,RGA,22
6160135,frh04,test,corn,MIE,22
6160157,frh04,test,temporary meadows,RGA,24
6160182,frh04,test,corn,MIS,53
6160257,frh04,test,wheat,BTH,53
6160269,frh04,test,corn,MIS,38
6160279,frh04,test,wheat,BTH,22
6160367,frh04,test,temporary meadows,RGA,53
6160375,frh04,test,temporary meadows,RGA,53
6160394,frh04,test,corn,MIS,22
6160431,frh04,test,corn,MIE,24
6160511,frh04,test,temporary meadows,RGA,53
6160584,frh04,test,wheat,BTH,38
6160659,frh04,test,permanent meadows,PPH,38
6160664,frh04,test,wheat,BTH,26
6160680,frh04,test,permanent meadows,PRL,22
6160707,frh04,test,temporary meadows,PTR,24
6160722,frh04,test,temporary meadows,PTR,24
6160739,frh04,test,temporary meadows,PTR,22
6160813,frh04,test,corn,MIE,24
6160825,frh04,test,temporary meadows,PTR,24
6160878,frh04,test,corn,MIE,47
6160910,frh04,test,wheat,BTH,22
6160913,frh04,test,corn,MIS,22
6161010,frh04,test,permanent meadows,PPH,38
6161045,frh04,test,wheat,BTH,26
6161068,frh04,test,permanent meadows,PRL,22
6161107,frh04,test,temporary meadows,PTR,38
6161112,frh04,test,temporary meadows,PTR,38
6161130,frh04,test,permanent meadows,PPH,62
6161146,frh04,test,corn,MIE,22
6161149,frh04,test,wheat,BTH,22
6161226,frh04,test,permanent meadows,PRL,53
6161271,frh04,test,corn,MIS,26
6161350,frh04,test,wheat,BTH,22
6161356,frh04,test,wheat,BTH,22
6161371,frh04,test,corn,MIE,38
6161386,frh04,test,wheat,BTH,38
6161393,frh04,test,corn,MIE,24
6161429,frh04,test,permanent meadows,PRL,26
6161438,frh04,test,corn,MIE,26
6161542,frh04,test,permanent meadows,PRL,24
6161582,frh04,test,corn,MIS,22
6161602,frh04,test,wheat,BTH,24
6161638,frh04,test,temporary meadows,PTR,58
6161642,frh04,test,temporary meadows,PTR,24
6161657,frh04,test,temporary meadows,PTR,24
6161677,frh04,test,permanent meadows,PPH,32
6161757,frh04,test,permanent meadows,PPH,54
6161775,frh04,test,permanent meadows,PRL,54
6161786,frh04,test,temporary meadows,PTR,24
6161801,frh04,test,corn,MIE,24
6161855,frh04,test,temporary meadows,PTR,54
6161911,frh04,test,corn,MIS,53
6161955,frh04,test,temporary meadows,PTR,54
6161957,frh04,test,wheat,BTH,38
6161974,frh04,test,permanent meadows,PRL,24
6162004,frh04,test,corn,MIS,22
6162021,frh04,test,wheat,BTH,38
6162026,frh04,test,temporary meadows,PTR,24
6162041,frh04,test,permanent meadows,PPH,24
6162047,frh04,test,corn,MIS,22
6162096,frh04,test,temporary meadows,RGA,26
6162106,frh04,test,wheat,BTH,38
6162116,frh04,test,corn,MIS,38
6162122,frh04,test,permanent meadows,PRL,22
6162204,frh04,test,corn,MIS,38
6162216,frh04,test,temporary meadows,PTR,24
6162220,frh04,test,wheat,BTH,24
6162237,frh04,test,corn,MIE,24
6162307,frh04,test,temporary meadows,PTR,53
6162326,frh04,test,corn,MIE,24
6162337,frh04,test,temporary meadows,PTR,24
6162450,frh04,test,temporary meadows,PTR,24
6162471,frh04,test,corn,MIE,38
6162593,frh04,test,permanent meadows,PPH,24
6162615,frh04,test,temporary meadows,PTR,24
6162629,frh04,test,permanent meadows,PPH,24
6162657,frh04,test,temporary meadows,PTR,26
6162757,frh04,test,corn,MIE,22
6162775,frh04,test,wheat,BTH,38
6162795,frh04,test,wheat,BTH,24
6162797,frh04,test,corn,MIE,24
6162800,frh04,test,temporary meadows,PTR,24
6162804,frh04,test,permanent meadows,PRL,53
6162830,frh04,test,temporary meadows,RGA,24
6162848,frh04,test,temporary meadows,RGA,24
6162871,frh04,test,wheat,BTH,22
6162932,frh04,test,temporary meadows,RGA,24
6162947,frh04,test,corn,MIE,22
6163026,frh04,test,temporary meadows,RGA,24
6163190,frh04,test,temporary meadows,RGA,38
6163256,frh04,test,wheat,BTH,22
6163260,frh04,test,temporary meadows,RGA,24
6163271,frh04,test,corn,MIS,47
6163274,frh04,test,permanent meadows,PRL,38
6163279,frh04,test,permanent meadows,PPH,38
6163313,frh04,test,temporary meadows,RGA,22
6163316,frh04,test,corn,MIE,22
6163337,frh04,test,permanent meadows,PPH,24
6163364,frh04,test,wheat,BTH,47
6163389,frh04,test,temporary meadows,PTR,53
6163424,frh04,test,temporary meadows,PTR,26
6163520,frh04,test,temporary meadows,PTR,38
6163521,frh04,test,temporary meadows,PTR,22
6163612,frh04,test,temporary meadows,RGA,24
6163619,frh04,test,permanent meadows,PRL,38
6163623,frh04,test,permanent meadows,PRL,38
6163710,frh04,test,permanent meadows,PPH,38
6163738,frh04,test,permanent meadows,PRL,22
6163739,frh04,test,corn,MIE,22
6163745,frh04,test,corn,MIE,22
6163787,frh04,test,wheat,BTH,24
6163806,frh04,test,permanent meadows,PPH,38
6163816,frh04,test,corn,MIE,38
6163819,frh04,test,temporary meadows,PTR,38
6163836,frh04,test,temporary meadows,PTR,22
6163910,frh04,test,corn,MIS,47
6163912,frh04,test,wheat,BTH,47
6163915,frh04,test,permanent meadows,PPH,24
6163956,frh04,test,permanent meadows,PPH,26
6164001,frh04,test,wheat,BTH,22
6164060,frh04,test,permanent meadows,PRL,24
6164061,frh04,test,permanent meadows,PRL,24
6164079,frh04,test,permanent meadows,PPH,24
6164163,frh04,test,permanent meadows,PPH,24
6164214,frh04,test,temporary meadows,PTR,24
6164227,frh04,test,rapeseed,CZH,26
6164270,frh04,test,temporary meadows,PTR,26
6164308,frh04,test,barley,ORH,22
6164345,frh04,test,temporary meadows,RGA,47
6164354,frh04,test,corn,MIE,26
6164461,frh04,test,corn,MIE,24
6164478,frh04,test,permanent meadows,PPH,24
6164523,frh04,test,wheat,BTH,22
6164531,frh04,test,temporary meadows,RGA,47
6164592,frh04,test,temporary meadows,RGA,47
6164658,frh04,test,temporary meadows,PTR,38
6164737,frh04,test,permanent meadows,PPH,38
6164759,frh04,test,temporary meadows,RGA,47
6164793,frh04,test,corn,MIE,24
6164803,frh04,test,temporary meadows,PTR,26
6164882,frh04,test,temporary meadows,PTR,26
6164920,frh04,test,permanent meadows,PPH,22
6164998,frh04,test,temporary meadows,PTR,38
6165000,frh04,test,rapeseed,CZH,38
6165013,frh04,test,permanent meadows,PPH,24
6165029,frh04,test,temporary meadows,PTR,26
6165031,frh04,test,permanent meadows,PPH,26
6165073,frh04,test,corn,MIE,22
6165112,frh04,test,permanent meadows,PRL,22
6165171,frh04,test,barley,ORH,26
6165184,frh04,test,temporary meadows,RGA,24
6165203,frh04,test,corn,MIE,22
6165315,frh04,test,temporary meadows,RGA,22
6165321,frh04,test,corn,MIS,22
6165354,frh04,test,corn,MIE,24
6165364,frh04,test,corn,MIE,24
6165480,frh04,test,barley,ORH,33
6165485,frh04,test,temporary meadows,PTR,33
6165538,frh04,test,temporary meadows,PTR,22
6165539,frh04,test,temporary meadows,PTR,22
6165642,frh04,test,temporary meadows,PTR,24
6165713,frh04,test,permanent meadows,PPH,24
6165718,frh04,test,permanent meadows,PRL,24
6165735,frh04,test,corn,MIE,24
6165804,frh04,test,temporary meadows,RGA,24
6165853,frh04,test,wheat,BTH,24
6165875,frh04,test,wheat,BTH,24
6165877,frh04,test,corn,MIE,24
6165963,frh04,test,permanent meadows,PRL,22
6166085,frh04,test,permanent meadows,PPH,38
6166232,frh04,test,temporary meadows,PTR,24
6166234,frh04,test,temporary meadows,PTR,24
6166245,frh04,test,permanent meadows,PRL,62
6166252,frh04,test,temporary meadows,PTR,42
6166298,frh04,test,corn,MIE,38
6166345,frh04,test,orchards,VRG,47
6166376,frh04,test,corn,MIE,26
6166381,frh04,test,temporary meadows,PTR,38
6166385,frh04,test,temporary meadows,PTR,38
6166401,frh04,test,temporary meadows,PTR,38
6166569,frh04,test,permanent meadows,PRL,38
6166585,frh04,test,permanent meadows,PPH,38
6166613,frh04,test,temporary meadows,RGA,54
6166652,frh04,test,temporary meadows,PTR,22
6166707,frh04,test,temporary meadows,PTR,24
6166713,frh04,test,corn,MIE,24
6166742,frh04,test,corn,MIE,38
6166751,frh04,test,temporary meadows,RGA,35
6166776,frh04,test,corn,MIE,24
6166796,frh04,test,temporary meadows,PTR,58
6166803,frh04,test,permanent meadows,PPH,24
6166808,frh04,test,permanent meadows,PPH,24
6166842,frh04,test,temporary meadows,RGA,24
6166881,frh04,test,permanent meadows,PPH,58
6166883,frh04,test,barley,ORH,22
6166890,frh04,test,wheat,BTH,22
6166921,frh04,test,barley,ORH,22
6166956,frh04,test,corn,MIE,24
6166976,frh04,test,temporary meadows,RGA,22
6166984,frh04,test,wheat,BTH,22
6167082,frh04,test,permanent meadows,PRL,38
6167129,frh04,test,wheat,BTH,54
6167151,frh04,test,temporary meadows,PTR,38
6167163,frh04,test,corn,MIE,38
6167237,frh04,test,wheat,BTH,22
6167240,frh04,test,temporary meadows,PTR,38
6167241,frh04,test,temporary meadows,PTR,22
6167245,frh04,test,corn,MIE,22
6167357,frh04,test,permanent meadows,PPH,24
6167413,frh04,test,rapeseed,CZH,38
6167416,frh04,test,rapeseed,CZH,38
6167442,frh04,test,permanent meadows,PPH,24
6167443,frh04,test,corn,MIE,24
6167478,frh04,test,temporary meadows,PTR,47
6167483,frh04,test,temporary meadows,PTR,47
6167625,frh04,test,rapeseed,CZH,38
6167675,frh04,test,corn,MIE,24
6167726,frh04,test,corn,MIS,26
6167731,frh04,test,permanent meadows,PPH,26
6167831,frh04,test,wheat,BTH,24
6167853,frh04,test,permanent meadows,PRL,38
6167865,frh04,test,temporary meadows,RGA,38
6167894,frh04,test,corn,MIE,22
6167901,frh04,test,corn,MIE,22
6167938,frh04,test,corn,MIE,24
6168104,frh04,test,wheat,BTH,22
6168146,frh04,test,corn,MIE,22
6168172,frh04,test,temporary meadows,RGA,22
6168199,frh04,test,permanent meadows,PPH,24
6168212,frh04,test,permanent meadows,PRL,38
6168238,frh04,test,permanent meadows,PPH,38
6168242,frh04,test,corn,MIE,38
6168270,frh04,test,permanent meadows,PPH,26
6168294,frh04,test,corn,MIE,26
6168346,frh04,test,barley,ORH,38
6168397,frh04,test,wheat,BTH,22
6168398,frh04,test,corn,MIE,22
6168422,frh04,test,temporary meadows,PTR,38
6168435,frh04,test,temporary meadows,PTR,38
6168483,frh04,test,permanent meadows,PRL,38
6168489,frh04,test,temporary meadows,RGA,38
6168506,frh04,test,temporary meadows,RGA,22
6168616,frh04,test,corn,MIE,24
6168651,frh04,test,corn,MIE,24
6168660,frh04,test,permanent meadows,PPH,38
6168662,frh04,test,corn,MIE,38
6168687,frh04,test,corn,MIS,24
6168706,frh04,test,temporary meadows,RGA,22
6168823,frh04,test,temporary meadows,RGA,22
6168840,frh04,test,permanent meadows,PPH,24
6168924,frh04,test,permanent meadows,PRL,38
6168933,frh04,test,permanent meadows,PPH,38
6169047,frh04,test,temporary meadows,RGA,22
6169091,frh04,test,orchards,VRG,24
6169100,frh04,test,temporary meadows,RGA,22
6169103,frh04,test,temporary meadows,RGA,22
6169113,frh04,test,temporary meadows,PTR,24
6169122,frh04,test,barley,ORP,24
6169129,frh04,test,permanent meadows,PRL,22
6169161,frh04,test,corn,MIS,38
6169200,frh04,test,temporary meadows,PTR,24
6169212,frh04,test,permanent meadows,PPH,24
6169227,frh04,test,temporary meadows,PTR,24
6169272,frh04,test,wheat,BTH,38
6169284,frh04,test,rapeseed,CZH,22
6169330,frh04,test,permanent meadows,PPH,22
6169356,frh04,test,wheat,BTH,38
6169367,frh04,test,permanent meadows,PPH,26
6169432,frh04,test,permanent meadows,PPH,22
6169448,frh04,test,wheat,BTH,22
6169499,frh04,test,permanent meadows,PRL,22
6169500,frh04,test,permanent meadows,PRL,22
6169544,frh04,test,temporary meadows,RGA,22
6169576,frh04,test,temporary meadows,RGA,26
6169623,frh04,test,corn,MIE,22
6169662,frh04,test,temporary meadows,PTR,33
6169674,frh04,test,permanent meadows,PPH,22
6169698,frh04,test,corn,MIS,38
6169739,frh04,test,corn,MIS,22
6169757,frh04,test,temporary meadows,PTR,22
6169761,frh04,test,wheat,BTH,22
6169789,frh04,test,corn,MIS,22
6169812,frh04,test,rapeseed,CZH,47
6169938,frh04,test,wheat,BTH,22
6169974,frh04,test,temporary meadows,PTR,22
6170062,frh04,test,corn,MIE,22
6170067,frh04,test,permanent meadows,PPH,38
6170099,frh04,test,corn,MIE,38
6170103,frh04,test,temporary meadows,PTR,38
6170202,frh04,test,temporary meadows,RGA,22
6170211,frh04,test,temporary meadows,RGA,22
6170229,frh04,test,permanent meadows,PPH,22
6170257,frh04,test,corn,MIE,38
6170281,frh04,test,permanent meadows,PPH,24
6170342,frh04,test,wheat,BTH,22
6170397,frh04,test,permanent meadows,PRL,38
6170416,frh04,test,temporary meadows,RGA,58
6170496,frh04,test,temporary meadows,RGA,24
6170573,frh04,test,permanent meadows,PRL,24
6170631,frh04,test,rapeseed,CZH,38
6170642,frh04,test,temporary meadows,RGA,24
6170657,frh04,test,permanent meadows,PPH,28
6170684,frh04,test,permanent meadows,PPH,38
6170703,frh04,test,temporary meadows,PTR,24
6170718,frh04,test,permanent meadows,PPH,24
6170803,frh04,test,permanent meadows,PPH,38
6170860,frh04,test,temporary meadows,PTR,24
6170927,frh04,test,corn,MIE,26
6170974,frh04,test,permanent meadows,PPH,58
6171013,frh04,test,temporary meadows,RGA,22
6171017,frh04,test,temporary meadows,RGA,22
6171061,frh04,test,permanent meadows,PPH,26
6171144,frh04,test,corn,MIE,32
6171151,frh04,test,temporary meadows,PTR,62
6171197,frh04,test,temporary meadows,RGA,24
6171256,frh04,test,temporary meadows,RGA,22
6171321,frh04,test,permanent meadows,PPH,24
6171411,frh04,test,temporary meadows,RGA,24
6171456,frh04,test,corn,MIE,26
6171502,frh04,test,corn,MIE,22
6171513,frh04,test,permanent meadows,PPH,38
6171526,frh04,test,wheat,BTH,24
6171572,frh04,test,corn,MIE,22
6171578,frh04,test,wheat,BTH,22
6171597,frh04,test,permanent meadows,PPH,38
6171608,frh04,test,temporary meadows,PTR,24
6171619,frh04,test,temporary meadows,PTR,24
6171626,frh04,test,rapeseed,CZH,24
6171642,frh04,test,temporary meadows,RGA,22
6171650,frh04,test,temporary meadows,RGA,22
6171691,frh04,test,corn,MIE,24
6171727,frh04,test,corn,MIE,26
6171741,frh04,test,permanent meadows,PPH,24
6171768,frh04,test,corn,MIE,38
6171769,frh04,test,temporary meadows,RGA,38
6171793,frh04,test,corn,MIE,38
6171809,frh04,test,permanent meadows,PPH,53
6171878,frh04,test,permanent meadows,PRL,38
6171881,frh04,test,permanent meadows,PRL,47
6171957,frh04,test,temporary meadows,PTR,24
6172059,frh04,test,temporary meadows,PTR,53
6172111,frh04,test,temporary meadows,PTR,58
6172130,frh04,test,wheat,BTH,53
6172135,frh04,test,wheat,BTH,53
6172290,frh04,test,permanent meadows,PRL,24
6172302,frh04,test,temporary meadows,PTR,38
6172349,frh04,test,barley,ORH,24
6172350,frh04,test,barley,ORH,24
6172359,frh04,test,temporary meadows,RGA,24
6172362,frh04,test,temporary meadows,RGA,24
6172408,frh04,test,barley,ORH,22
6172443,frh04,test,permanent meadows,PRL,24
6172475,frh04,test,rapeseed,CZH,22
6172476,frh04,test,rapeseed,CZH,22
6172482,frh04,test,permanent meadows,PRL,24
6172491,frh04,test,temporary meadows,PTR,24
6172501,frh04,test,barley,ORH,22
6172539,frh04,test,wheat,BTH,22
6172541,frh04,test,corn,MIS,22
6172583,frh04,test,corn,MIS,22
6172589,frh04,test,wheat,BTH,22
6172611,frh04,test,barley,ORH,22
6172631,frh04,test,corn,MIE,62
6172647,frh04,test,permanent meadows,PPH,26
6172676,frh04,test,corn,MIS,24
6172813,frh04,test,permanent meadows,PPH,24
6172824,frh04,test,corn,MIE,38
6172848,frh04,test,barley,ORH,24
6172967,frh04,test,wheat,BTH,60
6172988,frh04,test,corn,MIS,38
6173016,frh04,test,temporary meadows,PTR,38
6173066,frh04,test,barley,ORH,26
6173098,frh04,test,permanent meadows,PPH,58
6173107,frh04,test,temporary meadows,PTR,24
6173142,frh04,test,temporary meadows,PTR,24
6173271,frh04,test,orchards,VRG,53
6173283,frh04,test,permanent meadows,PRL,38
6173339,frh04,test,permanent meadows,PPH,58
6173372,frh04,test,temporary meadows,RGA,38
6173375,frh04,test,corn,MIE,62
6173379,frh04,test,barley,ORH,38
6173385,frh04,test,corn,MIE,62
6173514,frh04,test,temporary meadows,RGA,58
6173534,frh04,test,permanent meadows,PPH,38
6173544,frh04,test,barley,ORH,26
6173548,frh04,test,permanent meadows,PRL,24
6173599,frh04,test,wheat,BTH,47
6173652,frh04,test,corn,MIE,53
6173673,frh04,test,temporary meadows,PTR,26
6173692,frh04,test,corn,MIE,40
6173694,frh04,test,wheat,BTH,40
6173728,frh04,test,corn,MIE,24
6173750,frh04,test,permanent meadows,PRL,26
6173781,frh04,test,temporary meadows,PTR,26
6173799,frh04,test,permanent meadows,PRL,26
6173873,frh04,test,temporary meadows,RGA,38
6173928,frh04,test,wheat,BTH,38
6173964,frh04,test,temporary meadows,PTR,24
6173995,frh04,test,permanent meadows,PRL,38
6174065,frh04,test,permanent meadows,PRL,22
6174077,frh04,test,temporary meadows,PTR,38
6174079,frh04,test,permanent meadows,PRL,38
6174168,frh04,test,temporary meadows,PTR,24
6174176,frh04,test,temporary meadows,PTR,38
6174187,frh04,test,permanent meadows,PPH,22
6174189,frh04,test,permanent meadows,PPH,38
6174233,frh04,test,corn,MIE,24
6174259,frh04,test,temporary meadows,PTR,24
6174263,frh04,test,temporary meadows,PTR,24
6174284,frh04,test,permanent meadows,PRL,24
6174290,frh04,test,permanent meadows,PPH,38
6174433,frh04,test,corn,MIE,26
6174473,frh04,test,temporary meadows,PTR,23
6174595,frh04,test,permanent meadows,PRL,24
6174608,frh04,test,temporary meadows,PTR,58
6174632,frh04,test,permanent meadows,PPH,24
6174639,frh04,test,rapeseed,CZH,22
6174649,frh04,test,wheat,BTH,62
6174661,frh04,test,wheat,BTH,53
6174776,frh04,test,temporary meadows,RGA,24
6174858,frh04,test,permanent meadows,PPH,58
6174870,frh04,test,temporary meadows,PTR,33
6174880,frh04,test,permanent meadows,PPH,24
6174892,frh04,test,corn,MIS,26
6174897,frh04,test,wheat,BTH,22
6174900,frh04,test,temporary meadows,RGA,22
6174910,frh04,test,temporary meadows,RGA,22
6174956,frh04,test,permanent meadows,PPH,38
6175002,frh04,test,wheat,BTH,38
6175012,frh04,test,rapeseed,CZH,62
6175023,frh04,test,temporary meadows,RGA,53
6175109,frh04,test,permanent meadows,PPH,24
6175143,frh04,test,temporary meadows,RGA,38
6175211,frh04,test,temporary meadows,RGA,38
6175238,frh04,test,corn,MIE,24
6175281,frh04,test,temporary meadows,PTR,58
6175294,frh04,test,temporary meadows,PTR,47
6175329,frh04,test,permanent meadows,PPH,24
6175341,frh04,test,temporary meadows,RGA,24
6175357,frh04,test,permanent meadows,PPH,24
6175582,frh04,test,corn,MIS,53
6175656,frh04,test,temporary meadows,PTR,38
6175721,frh04,test,wheat,BTH,53
6175746,frh04,test,permanent meadows,PPH,24
6175767,frh04,test,wheat,BTH,22
6175832,frh04,test,permanent meadows,PRL,26
6175872,frh04,test,corn,MIE,22
6175897,frh04,test,temporary meadows,RGA,38
6175908,frh04,test,permanent meadows,PRL,26
6175924,frh04,test,corn,MIE,26
6175963,frh04,test,permanent meadows,PPH,32
6176075,frh04,test,corn,MIE,24
6176084,frh04,test,barley,ORH,24
6176150,frh04,test,orchards,VRG,24
6176264,frh04,test,corn,MIE,24
6176266,frh04,test,barley,ORH,24
6176290,frh04,test,corn,MIS,22
6176377,frh04,test,temporary meadows,RGA,24
6176412,frh04,test,permanent meadows,PRL,24
6176419,frh04,test,permanent meadows,PRL,24
6176446,frh04,test,temporary meadows,RGA,38
6176488,frh04,test,barley,ORH,22
6176528,frh04,test,temporary meadows,PTR,22
6176550,frh04,test,temporary meadows,PTR,38
6176623,frh04,test,corn,MIS,53
6176644,frh04,test,permanent meadows,PPH,22
6176686,frh04,test,temporary meadows,RGA,38
6176733,frh04,test,temporary meadows,PTR,38
6176780,frh04,test,temporary meadows,RGA,24
6176994,frh04,test,corn,MIE,26
6177097,frh04,test,temporary meadows,RGA,26
6177114,frh04,test,corn,MIE,38
6177131,frh04,test,permanent meadows,PPH,32
119495,frh01,train,wheat,BTH,22
1671420,frh02,train,wheat,BTH,38
1671496,frh02,train,rapeseed,CZH,38
1933775,frh01,train,permanent meadows,PRL,38
1933792,frh01,train,rapeseed,CZH,38
1933798,frh01,train,permanent meadows,PPH,38
1933855,frh01,train,permanent meadows,PRL,38
1933860,frh01,train,permanent meadows,PRL,38
1933861,frh01,train,wheat,BTH,26
1933872,frh01,train,wheat,BTH,25
1933875,frh01,train,rapeseed,CZH,25
1933884,frh01,train,rapeseed,CZH,39
1933895,frh01,train,wheat,BTH,38
1933948,frh01,train,barley,ORH,38
1933954,frh01,train,temporary meadows,RGA,38
1933964,frh01,train,barley,ORH,22
1933966,frh01,train,temporary meadows,PTR,22
1933970,frh01,train,rapeseed,CZH,22
1934001,frh01,train,wheat,BTH,40
1934033,frh01,train,temporary meadows,RGA,38
1934055,frh01,train,permanent meadows,PPH,60
1934076,frh01,train,barley,ORH,47
1934181,frh01,train,temporary meadows,RGA,47
1934182,frh01,train,temporary meadows,RGA,47
1934198,frh01,train,temporary meadows,PTR,38
1934203,frh01,train,rapeseed,CZH,38
1934211,frh01,train,rapeseed,CZH,38
1934246,frh01,train,temporary meadows,PTR,47
1934300,frh01,train,rapeseed,CZH,38
1934407,frh01,train,barley,ORH,55
1934545,frh01,train,rapeseed,CZH,38
1934613,frh01,train,corn,MIE,38
1934663,frh01,train,permanent meadows,PRL,38
1934689,frh01,train,temporary meadows,RGA,47
1934701,frh01,train,temporary meadows,RGA,38
1934736,frh01,train,temporary meadows,PTR,38
1934740,frh01,train,corn,MIE,38
1934790,frh01,train,wheat,BTH,22
1934799,frh01,train,orchards,VRG,22
1934825,frh01,train,barley,ORH,22
1934858,frh01,train,rapeseed,CZH,47
1934898,frh01,train,rapeseed,CZH,22
1934918,frh01,train,corn,MIE,40
1934922,frh01,train,temporary meadows,PTR,40
1934923,frh01,train,barley,ORH,40
1934927,frh01,train,barley,ORH,40
1934996,frh01,train,permanent meadows,PPH,38
1935009,frh01,train,permanent meadows,PRL,38
1935031,frh01,train,corn,MIE,22
1935033,frh01,train,barley,ORH,22
1935066,frh01,train,temporary meadows,PTR,38
1935142,frh01,train,orchards,VRG,40
1935183,frh01,train,wheat,BTH,38
1935185,frh01,train,barley,ORH,38
1935205,frh01,train,wheat,BTH,22
1935216,frh01,train,barley,ORH,40
1935219,frh01,train,wheat,BTH,40
1935233,frh01,train,temporary meadows,PTR,22
1935374,frh01,train,temporary meadows,PTR,22
1935448,frh01,train,barley,ORH,38
1935485,frh01,train,wheat,BTH,22
1935510,frh01,train,permanent meadows,PRL,22
1935565,frh01,train,wheat,BTH,22
1935586,frh01,train,temporary meadows,PTR,38
1935641,frh01,train,corn,MIS,22
1935649,frh01,train,barley,ORH,22
1935652,frh01,train,rapeseed,CZH,22
1935653,frh01,train,rapeseed,CZH,22
1935672,frh01,train,temporary meadows,RGA,38
1935674,frh01,train,temporary meadows,RGA,38
1935683,frh01,train,permanent meadows,PPH,40
1935696,frh01,train,wheat,BTH,39
1935701,frh01,train,permanent meadows,PPH,38
1935710,frh01,train,corn,MIE,38
1935737,frh01,train,corn,MIE,47
1935752,frh01,train,barley,ORH,38
1935838,frh01,train,permanent meadows,PRL,38
1935846,frh01,train,temporary meadows,PTR,38
1935848,frh01,train,rapeseed,CZH,38
1935880,frh01,train,permanent meadows,PPH,38
1935931,frh01,train,barley,ORH,38
1935991,frh01,train,temporary meadows,PTR,38
1936000,frh01,train,corn,MIE,38
1936024,frh01,train,orchards,VRG,38
1936045,frh01,train,temporary meadows,PTR,22
1936087,frh01,train,corn,MIE,22
1936089,frh01,train,temporary meadows,PTR,22
1936094,frh01,train,temporary meadows,PTR,38
1936112,frh01,train,permanent meadows,PPH,40
1936114,frh01,train,corn,MIE,38
1936164,frh01,train,barley,ORH,22
1936228,frh01,train,wheat,BTH,38
1936299,frh01,train,barley,ORH,38
1936367,frh01,train,temporary meadows,PTR,38
1936445,frh01,train,temporary meadows,RGA,38
1936465,frh01,train,barley,ORH,55
1936515,frh01,train,permanent meadows,PPH,60
1936553,frh01,train,corn,MIS,55
1936597,frh01,train,barley,ORH,22
1936661,frh01,train,temporary meadows,PTR,65
1936894,frh01,train,rapeseed,CZH,22
1936928,frh01,train,corn,MIE,22
1936929,frh01,train,orchards,VRG,22
1936938,frh01,train,orchards,VRG,22
1936940,frh01,train,permanent meadows,PPH,22
1936997,frh01,train,permanent meadows,PRL,22
1936998,frh01,train,orchards,VRG,22
1937027,frh01,train,permanent meadows,PPH,22
1937044,frh01,train,rapeseed,CZH,65
1937049,frh01,train,rapeseed,CZH,65
1937050,frh01,train,rapeseed,CZH,65
1937056,frh01,train,rapeseed,CZH,65
1937064,frh01,train,rapeseed,CZH,65
1937090,frh01,train,rapeseed,CZH,22
1937091,frh01,train,rapeseed,CZH,22
1937094,frh01,train,corn,MIE,22
1937106,frh01,train,wheat,BTH,22
1937133,frh01,train,corn,MIE,22
1937148,frh01,train,wheat,BTH,65
1937157,frh01,train,wheat,BTH,65
1937160,frh01,train,corn,MIE,38
1937194,frh01,train,temporary meadows,PTR,22
1937196,frh01,train,orchards,VRG,22
1937222,frh01,train,corn,MIE,22
1937223,frh01,train,corn,MIE,22
1937269,frh01,train,wheat,BTH,22
1937276,frh01,train,temporary meadows,RGA,22
1937322,frh01,train,temporary meadows,PTR,22
1937393,frh01,train,wheat,BTH,22
1937533,frh01,train,corn,MIE,38
1937569,frh01,train,wheat,BTH,22
1937605,frh01,train,barley,ORH,55
1937641,frh01,train,permanent meadows,PPH,22
1937655,frh01,train,wheat,BTH,22
1937658,frh01,train,orchards,VRG,22
1937676,frh01,train,wheat,BTH,22
1937724,frh01,train,temporary meadows,PTR,22
1937744,frh01,train,barley,ORH,38
1937804,frh01,train,permanent meadows,PRL,38
1937868,frh01,train,orchards,VRG,22
1937881,frh01,train,orchards,VRG,22
1937893,frh01,train,wheat,BTH,22
1937924,frh01,train,rapeseed,CZH,60
1937929,frh01,train,barley,ORH,60
1937972,frh01,train,barley,ORH,22
1937995,frh01,train,permanent meadows,PPH,47
1938016,frh01,train,temporary meadows,RGA,38
1938043,frh01,train,temporary meadows,PTR,22
1938079,frh01,train,rapeseed,CZH,38
1938083,frh01,train,wheat,BTH,38
1938101,frh01,train,temporary meadows,RGA,38
1938139,frh01,train,rapeseed,CZH,38
1938200,frh01,train,temporary meadows,PTR,38
1938260,frh01,train,corn,MIE,47
1938285,frh01,train,wheat,BTH,22
1938318,frh01,train,temporary meadows,PTR,38
1938373,frh01,train,wheat,BTH,55
1938376,frh01,train,wheat,BTH,55
1938468,frh01,train,temporary meadows,PTR,60
1938471,frh01,train,wheat,BTH,60
1938518,frh01,train,temporary meadows,PTR,47
1938558,frh01,train,corn,MIE,22
1938581,frh01,train,barley,ORH,38
1938610,frh01,train,wheat,BTH,22
1938624,frh01,train,wheat,BTH,38
1938645,frh01,train,wheat,BTH,40
1938676,frh01,train,corn,MIE,38
1938717,frh01,train,corn,MIE,38
1938719,frh01,train,permanent meadows,PPH,38
1938726,frh01,train,corn,MIE,38
1938777,frh01,train,orchards,VRG,22
1938778,frh01,train,orchards,VRG,22
1938780,frh01,train,orchards,VRG,22
1938791,frh01,train,wheat,BTH,22
1938826,frh01,train,wheat,BTH,40
1938827,frh01,train,wheat,BTH,40
1938856,frh01,train,wheat,BTH,38
1938929,frh01,train,temporary meadows,PTR,38
1938940,frh01,train,corn,MIE,22
1938972,frh01,train,permanent meadows,PPH,38
1939022,frh01,train,permanent meadows,PRL,38
1939040,frh01,train,wheat,BTH,22
1939044,frh01,train,corn,MIE,22
1939073,frh01,train,corn,MIE,38
1939085,frh01,train,temporary meadows,RGA,38
1939098,frh01,train,corn,MIE,22
1939125,frh01,train,permanent meadows,PPH,38
1939152,frh01,train,corn,MIE,38
1939248,frh01,train,temporary meadows,PTR,38
1939279,frh01,train,orchards,VRG,22
1939316,frh01,train,temporary meadows,PTR,60
1939321,frh01,train,permanent meadows,PPH,60
1939339,frh01,train,temporary meadows,RGA,38
1939369,frh01,train,orchards,VRG,38
1939459,frh01,train,permanent meadows,PPH,38
1939488,frh01,train,barley,ORP,22
1939528,frh01,train,wheat,BTH,55
1939539,frh01,train,corn,MIS,38
1939556,frh01,train,temporary meadows,PTR,38
1939594,frh01,train,corn,MIE,47
1939626,frh01,train,orchards,VRG,60
1939649,frh01,train,wheat,BTH,38
1939652,frh01,train,rapeseed,CZH,38
1939706,frh01,train,wheat,BTH,55
1939762,frh01,train,barley,ORH,38
1939806,frh01,train,barley,ORH,47
1939829,frh01,train,temporary meadows,PTR,38
1939892,frh01,train,barley,ORH,38
1939941,frh01,train,barley,ORH,22
1939967,frh01,train,permanent meadows,PPH,40
1939977,frh01,train,temporary meadows,RGA,40
1940000,frh01,train,temporary meadows,PTR,47
1940033,frh01,train,corn,MIE,47
1940041,frh01,train,corn,MIE,47
1940051,frh01,train,wheat,BTH,40
1940073,frh01,train,barley,ORH,38
1940076,frh01,train,permanent meadows,PPH,47
1940119,frh01,train,permanent meadows,PRL,38
1940124,frh01,train,wheat,BTH,38
1940151,frh01,train,barley,ORH,38
1940156,frh01,train,corn,MIE,38
1940248,frh01,train,corn,MIE,38
1940258,frh01,train,permanent meadows,PRL,38
1940264,frh01,train,barley,ORH,38
1940317,frh01,train,corn,MIE,40
1940333,frh01,train,permanent meadows,PPH,38
1940406,frh01,train,temporary meadows,PTR,38
1940505,frh01,train,permanent meadows,PPH,38
1940530,frh01,train,corn,MIS,60
1940592,frh01,train,rapeseed,CZH,22
1940598,frh01,train,barley,ORH,22
1940642,frh01,train,wheat,BTH,38
1940650,frh01,train,rapeseed,CZH,22
1940652,frh01,train,corn,MIS,22
1940668,frh01,train,permanent meadows,PRL,22
1940709,frh01,train,orchards,VRG,38
1940721,frh01,train,permanent meadows,PRL,38
1940745,frh01,train,orchards,VRG,22
1940761,frh01,train,permanent meadows,PPH,22
1940825,frh01,train,rapeseed,CZH,22
1940868,frh01,train,wheat,BTH,27
1940893,frh01,train,rapeseed,CZH,22
1940905,frh01,train,rapeseed,CZH,22
1940909,frh01,train,rapeseed,CZH,22
1940914,frh01,train,temporary meadows,PTR,22
1940918,frh01,train,corn,MIE,22
1940924,frh01,train,temporary meadows,RGA,38
1940931,frh01,train,orchards,VRG,22
1940939,frh01,train,permanent meadows,PRL,22
1940969,frh01,train,temporary meadows,PTR,38
1940995,frh01,train,permanent meadows,PPH,47
1941001,frh01,train,temporary meadows,PTR,47
1941102,frh01,train,permanent meadows,PRL,22
1941110,frh01,train,permanent meadows,PRL,38
1941116,frh01,train,wheat,BTH,38
1941170,frh01,train,rapeseed,CZH,22
1941174,frh01,train,rapeseed,CZH,22
1941183,frh01,train,rapeseed,CZH,22
1941203,frh01,train,barley,ORH,22
1941245,frh01,train,temporary meadows,PTR,38
1941252,frh01,train,temporary meadows,PTR,22
1941285,frh01,train,rapeseed,CZH,22
1941309,frh01,train,permanent meadows,PPH,38
1941316,frh01,train,temporary meadows,PTR,22
1941339,frh01,train,temporary meadows,PTR,47
1941368,frh01,train,permanent meadows,PPH,22
1941369,frh01,train,temporary meadows,PTR,22
1941391,frh01,train,barley,ORH,38
1941413,frh01,train,wheat,BTH,22
1941416,frh01,train,temporary meadows,PTR,22
1941454,frh01,train,rapeseed,CZH,22
1941456,frh01,train,rapeseed,CZH,22
1941473,frh01,train,corn,MIE,38
1941513,frh01,train,permanent meadows,PPH,38
1941534,frh01,train,wheat,BTH,38
1941541,frh01,train,barley,ORH,38
1941547,frh01,train,temporary meadows,PTR,38
1941589,frh01,train,rapeseed,CZH,22
1941690,frh01,train,corn,MIS,38
1941692,frh01,train,temporary meadows,RGA,38
1941698,frh01,train,wheat,BTH,38
1941702,frh01,train,permanent meadows,PPH,22
1941710,frh01,train,barley,ORP,22
1941727,frh01,train,permanent meadows,PPH,38
1941729,frh01,train,rapeseed,CZH,38
1941757,frh01,train,barley,ORH,38
1941798,frh01,train,orchards,VRG,33
1941799,frh01,train,rapeseed,CZH,38
1941855,frh01,train,temporary meadows,PTR,38
1941877,frh01,train,rapeseed,CZH,24
1941879,frh01,train,wheat,BTH,24
1941888,frh01,train,permanent meadows,PPH,36
1941906,frh01,train,corn,MIE,38
1941930,frh01,train,corn,MIE,22
1941969,frh01,train,rapeseed,CZH,32
1941976,frh01,train,rapeseed,CZH,26
1941998,frh01,train,permanent meadows,PPH,40
1942028,frh01,train,temporary meadows,PTR,38
1942109,frh01,train,corn,MIE,22
1942116,frh01,train,barley,ORH,22
1942121,frh01,train,rapeseed,CZH,22
1942126,frh01,train,wheat,BTH,22
1942128,frh01,train,rapeseed,CZH,22
1942133,frh01,train,rapeseed,CZH,47
1942205,frh01,train,orchards,VRG,22
1942247,frh01,train,temporary meadows,PTR,38
1942377,frh01,train,corn,MIE,60
1942384,frh01,train,rapeseed,CZH,38
1942391,frh01,train,corn,MIE,38
1942418,frh01,train,wheat,BTH,38
1942419,frh01,train,barley,ORH,38
1942441,frh01,train,corn,MIE,38
1942458,frh01,train,rapeseed,CZH,38
1942517,frh01,train,permanent meadows,PPH,40
1942539,frh01,train,corn,MIE,38
1942593,frh01,train,temporary meadows,PTR,38
1942612,frh01,train,wheat,BTH,40
1942613,frh01,train,barley,ORH,40
1942636,frh01,train,barley,ORH,65
1942637,frh01,train,corn,MIE,33
1942703,frh01,train,temporary meadows,PTR,65
1942718,frh01,train,temporary meadows,PTR,65
1942724,frh01,train,barley,ORH,65
1942735,frh01,train,corn,MIE,60
1942815,frh01,train,temporary meadows,RGA,60
1942816,frh01,train,wheat,BTH,60
1942818,frh01,train,temporary meadows,RGA,38
1942985,frh01,train,permanent meadows,PPH,38
1943042,frh02,train,permanent meadows,PPH,38
1943050,frh01,train,rapeseed,CZH,40
1943068,frh01,train,temporary meadows,PTR,40
1943193,frh01,train,barley,ORP,38
1943199,frh01,train,wheat,BTH,38
1943234,frh01,train,temporary meadows,PTR,38
1943271,frh01,train,permanent meadows,PRL,38
1943301,frh01,train,barley,ORH,38
1943336,frh01,train,barley,ORH,22
1943346,frh01,train,rapeseed,CZH,22
1943358,frh01,train,barley,ORH,38
1943423,frh01,train,temporary meadows,PTR,38
1943453,frh01,train,permanent meadows,PPH,47
1943467,frh01,train,barley,ORH,47
1943476,frh01,train,wheat,BTH,38
1943506,frh01,train,temporary meadows,PTR,38
1943582,frh01,train,temporary meadows,PTR,60
1943586,frh01,train,corn,MIE,60
1943605,frh01,train,permanent meadows,PPH,22
1943633,frh01,train,rapeseed,CZH,22
1943634,frh01,train,rapeseed,CZH,22
1943652,frh01,train,permanent meadows,PRL,47
1943658,frh01,train,permanent meadows,PRL,47
1943661,frh01,train,wheat,BTH,47
1943675,frh01,train,wheat,BTH,47
1943701,frh01,train,corn,MIS,22
1943706,frh01,train,wheat,BTH,38
1943766,frh01,train,wheat,BTH,22
1943801,frh01,train,wheat,BTH,47
1943829,frh01,train,rapeseed,CZH,22
1943836,frh01,train,rapeseed,CZH,22
1943853,frh01,train,corn,MIE,22
1943900,frh01,train,barley,ORP,55
1943921,frh01,train,rapeseed,CZH,22
1943927,frh01,train,rapeseed,CZH,22
1943963,frh01,train,rapeseed,CZH,22
1944038,frh01,train,orchards,VRG,22
1944059,frh01,train,corn,MIS,22
1944123,frh01,train,temporary meadows,PTR,22
1944152,frh01,train,rapeseed,CZH,22
1944168,frh01,train,permanent meadows,PPH,22
1944174,frh01,train,corn,MIE,22
1944182,frh01,train,corn,MIE,22
1944223,frh01,train,corn,MIS,47
1944234,frh01,train,temporary meadows,PTR,40
1944236,frh01,train,permanent meadows,PRL,40
1944259,frh01,train,permanent meadows,PPH,22
1944306,frh01,train,corn,MIS,65
1944311,frh01,train,corn,MIS,65
1944313,frh01,train,wheat,BTH,47
1944314,frh01,train,corn,MIS,47
1944329,frh01,train,permanent meadows,PPH,22
1944378,frh01,train,temporary meadows,RGA,38
1944387,frh01,train,orchards,VRG,22
1944407,frh01,train,barley,ORP,47
1944428,frh01,train,permanent meadows,PPH,38
1944474,frh01,train,barley,ORH,38
1944507,frh01,train,temporary meadows,RGA,38
1944528,frh01,train,wheat,BTH,22
1944559,frh01,train,rapeseed,CZH,60
1944561,frh01,train,rapeseed,CZH,60
1944581,frh01,train,barley,ORP,47
1944611,frh01,train,corn,MIE,55
1944688,frh01,train,wheat,BTH,55
1944720,frh01,train,rapeseed,CZH,22
1944750,frh01,train,rapeseed,CZH,47
1944751,frh01,train,rapeseed,CZH,47
1944800,frh01,train,rapeseed,CZH,22
1944900,frh01,train,rapeseed,CZH,22
1944907,frh01,train,rapeseed,CZH,22
1944948,frh01,train,orchards,VRG,40
1945007,frh01,train,rapeseed,CZH,22
1945008,frh01,train,rapeseed,CZH,22
1945014,frh01,train,barley,ORH,22
1945018,frh01,train,rapeseed,CZH,22
1945045,frh01,train,wheat,BTH,22
1945046,frh01,train,wheat,BTH,22
1945084,frh01,train,permanent meadows,PRL,38
1945125,frh01,train,rapeseed,CZH,38
1945190,frh01,train,permanent meadows,PRL,40
1945288,frh01,train,temporary meadows,PTR,22
1945351,frh01,train,rapeseed,CZH,38
1945406,frh01,train,temporary meadows,RGA,22
1945460,frh01,train,temporary meadows,PTR,38
1945494,frh01,train,wheat,BTH,22
1945522,frh01,train,permanent meadows,PPH,38
1945550,frh01,train,rapeseed,CZH,22
1945559,frh01,train,barley,ORH,22
1945631,frh01,train,corn,MIE,47
1945637,frh01,train,rapeseed,CZH,22
1945642,frh01,train,corn,MIS,22
1945643,frh01,train,corn,MIS,22
1945675,frh01,train,corn,MIE,22
1945705,frh01,train,orchards,VRG,47
1945738,frh01,train,wheat,BTH,40
1945748,frh01,train,rapeseed,CZH,22
1945754,frh01,train,orchards,VRG,22
1945764,frh01,train,orchards,VRG,38
1945845,frh01,train,rapeseed,CZH,22
1945864,frh01,train,permanent meadows,PPH,38
1945872,frh01,train,wheat,BTH,22
1945879,frh01,train,wheat,BTH,22
1945882,frh01,train,permanent meadows,PRL,22
1945900,frh01,train,permanent meadows,PPH,38
1945909,frh01,train,permanent meadows,PPH,38
1945936,frh01,train,rapeseed,CZH,22
1945950,frh02,train,barley,ORH,38
1945953,frh02,train,barley,ORH,38
1946023,frh01,train,barley,ORH,38
1946036,frh01,train,orchards,VRG,65
1946048,frh01,train,barley,ORH,65
1946085,frh01,train,temporary meadows,RGA,47
1946200,frh01,train,barley,ORH,22
1946203,frh01,train,permanent meadows,PPH,22
1946215,frh01,train,permanent meadows,PPH,38
1946217,frh01,train,barley,ORH,38
1946219,frh01,train,barley,ORH,38
1946220,frh01,train,corn,MIE,38
1946225,frh01,train,temporary meadows,RGA,38
1946283,frh01,train,wheat,BTH,22
1946304,frh01,train,permanent meadows,PPH,38
1946320,frh01,train,permanent meadows,PPH,22
1946321,frh01,train,barley,ORH,22
1946322,frh01,train,wheat,BTH,22
1946325,frh01,train,rapeseed,CZH,22
1946423,frh01,train,barley,ORH,40
1946484,frh01,train,rapeseed,CZH,38
1946495,frh01,train,rapeseed,CZH,22
1946521,frh01,train,temporary meadows,RGA,47
1946586,frh01,train,temporary meadows,PTR,60
1946662,frh01,train,orchards,VRG,22
1946678,frh01,train,barley,ORH,40
1946703,frh01,train,barley,ORH,40
1946732,frh01,train,rapeseed,CZH,22
1946733,frh01,train,rapeseed,CZH,22
1946743,frh01,train,corn,MIE,22
1946748,frh01,train,temporary meadows,RGA,22
1946758,frh01,train,orchards,VRG,22
1946769,frh01,train,corn,MIS,22
1946817,frh01,train,corn,MIE,22
1946819,frh01,train,corn,MIE,22
1946840,frh01,train,rapeseed,CZH,22
1946909,frh01,train,rapeseed,CZH,22
1946913,frh01,train,corn,MIE,22
1946919,frh01,train,rapeseed,CZH,22
1946998,frh01,train,rapeseed,CZH,22
1946999,frh01,train,permanent meadows,PPH,22
1947020,frh01,train,wheat,BTH,22
1947021,frh01,train,barley,ORH,22
1947034,frh01,train,corn,MIE,22
1947039,frh01,train,barley,ORH,38
1947138,frh01,train,barley,ORH,40
1947179,frh01,train,wheat,BTH,38
1947191,frh01,train,permanent meadows,PRL,38
1947238,frh01,train,wheat,BTH,22
1947290,frh01,train,barley,ORH,38
1947336,frh01,train,temporary meadows,PTR,22
1947361,frh01,train,barley,ORH,38
1947386,frh01,train,rapeseed,CZH,22
1947447,frh01,train,rapeseed,CZH,40
1947455,frh01,train,wheat,BTH,60
1947464,frh01,train,barley,ORH,55
1947546,frh01,train,temporary meadows,RGA,22
1947579,frh01,train,barley,ORH,38
1947686,frh01,train,permanent meadows,PPH,40
1947694,frh01,train,temporary meadows,PTR,38
1947719,frh01,train,wheat,BTH,38
1947744,frh01,train,temporary meadows,RGA,38
1947798,frh01,train,permanent meadows,PRL,22
1947820,frh01,train,temporary meadows,PTR,47
1947835,frh01,train,barley,ORH,38
1947839,frh01,train,permanent meadows,PPH,38
1948006,frh01,train,wheat,BTH,22
1948029,frh01,train,orchards,VRG,22
1948059,frh01,train,temporary meadows,PTR,55
1948094,frh01,train,permanent meadows,PRL,40
1948119,frh01,train,barley,ORH,22
1948241,frh01,train,wheat,BTH,55
1948268,frh01,train,temporary meadows,PTR,22
1948295,frh01,train,wheat,BTH,22
1948296,frh01,train,orchards,VRG,22
1948314,frh01,train,permanent meadows,PPH,22
1948387,frh01,train,rapeseed,CZH,38
1948459,frh01,train,orchards,VRG,60
1948476,frh01,train,permanent meadows,PPH,40
1948499,frh01,train,wheat,BTH,22
1948501,frh01,train,rapeseed,CZH,22
1948521,frh01,train,wheat,BTH,38
1948555,frh01,train,corn,MIE,22
1948569,frh01,train,permanent meadows,PRL,22
1948609,frh01,train,corn,MIE,22
1948646,frh01,train,corn,MIE,47
1948664,frh01,train,barley,ORH,22
1948670,frh01,train,corn,MIS,22
1948695,frh01,train,rapeseed,CZH,22
1948697,frh01,train,wheat,BTH,22
1948700,frh01,train,corn,MIE,22
1948702,frh01,train,rapeseed,CZH,22
1948803,frh01,train,temporary meadows,RGA,38
1948848,frh01,train,corn,MIE,38
1948959,frh01,train,temporary meadows,PTR,38
1948979,frh01,train,orchards,VRG,24
1948997,frh01,train,temporary meadows,RGA,38
1949018,frh01,train,permanent meadows,PRL,38
1949037,frh01,train,permanent meadows,PRL,38
1949231,frh01,train,corn,MIS,27
1949272,frh01,train,temporary meadows,PTR,38
1949345,frh01,train,wheat,BTH,22
1949374,frh01,train,wheat,BTH,47
1949379,frh01,train,temporary meadows,RGA,47
1949381,frh01,train,rapeseed,CZH,47
1949396,frh01,train,permanent meadows,PPH,38
1949441,frh01,train,temporary meadows,RGA,40
1949456,frh01,train,rapeseed,CZH,40
1949460,frh01,train,permanent meadows,PRL,47
1949492,frh01,train,temporary meadows,RGA,38
1949534,frh01,train,temporary meadows,RGA,40
1949560,frh01,train,barley,ORH,22
1949596,frh01,train,rapeseed,CZH,38
1949612,frh01,train,temporary meadows,RGA,22
1949615,frh01,train,corn,MIE,22
1949654,frh01,train,barley,ORH,22
1949659,frh01,train,rapeseed,CZH,22
1949669,frh01,train,barley,ORH,22
1949673,frh01,train,wheat,BTH,38
1949756,frh01,train,permanent meadows,PPH,22
1949815,frh01,train,temporary meadows,PTR,22
1949835,frh01,train,barley,ORH,22
1949837,frh01,train,barley,ORH,22
1949840,frh01,train,corn,MIE,22
1949880,frh01,train,wheat,BTH,22
1949885,frh01,train,barley,ORH,22
1949918,frh01,train,wheat,BTH,22
1949920,frh01,train,wheat,BTH,22
1949921,frh01,train,rapeseed,CZH,22
1949941,frh01,train,corn,MIE,40
1949996,frh01,train,barley,ORH,22
1950011,frh01,train,wheat,BTH,22
1950015,frh01,train,rapeseed,CZH,22
1950043,frh01,train,barley,ORH,22
1950051,frh01,train,rapeseed,CZH,47
1950055,frh01,train,rapeseed,CZH,22
1950058,frh01,train,permanent meadows,PRL,22
1950063,frh01,train,rapeseed,CZH,40
1950067,frh01,train,rapeseed,CZH,40
1950079,frh01,train,temporary meadows,PTR,38
1950178,frh01,train,rapeseed,CZH,22
1950235,frh01,train,permanent meadows,PRL,40
1950277,frh01,train,temporary meadows,RGA,22
1950313,frh01,train,permanent meadows,PRL,40
1950380,frh01,train,rapeseed,CZH,22
1950389,frh01,train,wheat,BTH,22
1950392,frh01,train,corn,MIE,40
1950448,frh01,train,orchards,VRG,22
1950484,frh01,train,temporary meadows,PTR,38
1950507,frh01,train,rapeseed,CZH,38
1950517,frh01,train,permanent meadows,PRL,38
1950522,frh01,train,corn,MIE,38
1950629,frh01,train,barley,ORH,22
1950636,frh01,train,barley,ORH,47
1950764,frh01,train,permanent meadows,PRL,60
1950779,frh01,train,corn,MIE,22
1950790,frh01,train,corn,MIE,22
1950805,frh01,train,permanent meadows,PPH,38
1950813,frh01,train,permanent meadows,PRL,38
1950828,frh01,train,rapeseed,CZH,22
1950864,frh01,train,rapeseed,CZH,47
1950929,frh01,train,wheat,BTH,22
1950948,frh01,train,permanent meadows,PPH,22
1950956,frh01,train,wheat,BTH,47
1950972,frh01,train,orchards,VRG,22
1950973,frh01,train,orchards,VRG,22
1950975,frh01,train,orchards,VRG,22
1950977,frh01,train,orchards,VRG,22
1950978,frh01,train,rapeseed,CZH,22
1950983,frh01,train,orchards,VRG,22
1950984,frh01,train,orchards,VRG,22
1950986,frh01,train,orchards,VRG,22
1951000,frh01,train,permanent meadows,PPH,38
1951017,frh01,train,wheat,BTH,47
1951025,frh01,train,wheat,BTH,38
1951084,frh01,train,wheat,BTH,38
1951102,frh01,train,wheat,BTH,47
1951138,frh01,train,orchards,VRG,22
1951139,frh01,train,orchards,VRG,22
1951142,frh01,train,orchards,VRG,22
1951144,frh01,train,orchards,VRG,22
1951147,frh01,train,orchards,VRG,22
1951150,frh01,train,orchards,VRG,22
1951157,frh01,train,orchards,VRG,22
1951183,frh01,train,permanent meadows,PPH,22
1951230,frh01,train,orchards,VRG,22
1951232,frh01,train,orchards,VRG,22
1951268,frh01,train,rapeseed,CZH,22
1951292,frh01,train,permanent meadows,PPH,22
1951335,frh01,train,barley,ORH,38
1951351,frh01,train,rapeseed,CZH,22
1951360,frh01,train,temporary meadows,PTR,22
1951373,frh01,train,rapeseed,CZH,38
1951375,frh01,train,rapeseed,CZH,38
1951384,frh01,train,wheat,BTH,38
1951406,frh01,train,barley,ORH,38
1951414,frh01,train,permanent meadows,PPH,38
1951448,frh01,train,permanent meadows,PRL,38
1951510,frh01,train,rapeseed,CZH,22
1951531,frh01,train,temporary meadows,PTR,47
1951541,frh01,train,temporary meadows,PTR,47
1951557,frh01,train,wheat,BTH,60
1951645,frh01,train,temporary meadows,PTR,38
1951654,frh01,train,temporary meadows,PTR,38
1951670,frh01,train,temporary meadows,PTR,38
1951732,frh01,train,temporary meadows,PTR,38
1951736,frh01,train,temporary meadows,PTR,38
1951739,frh01,train,wheat,BTH,38
1951761,frh01,train,rapeseed,CZH,22
1951776,frh01,train,temporary meadows,PTR,47
1951852,frh01,train,orchards,VRG,22
1951873,frh01,train,temporary meadows,RGA,38
1951951,frh01,train,orchards,VRG,22
1952005,frh01,train,rapeseed,CZH,22
1952089,frh01,train,rapeseed,CZH,22
1952144,frh01,train,corn,MIE,22
1952148,frh01,train,barley,ORH,22
1952162,frh01,train,rapeseed,CZH,47
1952165,frh01,train,rapeseed,CZH,47
1952180,frh01,train,rapeseed,CZH,38
1952215,frh01,train,temporary meadows,RGA,55
1952217,frh01,train,corn,MIE,55
1952268,frh01,train,wheat,BTH,38
1952280,frh01,train,rapeseed,CZH,38
1952316,frh01,train,wheat,BTH,38
1952372,frh01,train,rapeseed,CZH,38
1952388,frh01,train,temporary meadows,RGA,38
1952410,frh01,train,rapeseed,CZH,40
1952470,frh01,train,wheat,BTH,22
1952474,frh01,train,permanent meadows,PPH,22
1952484,frh01,train,wheat,BTH,22
1952494,frh01,train,rapeseed,CZH,40
1952516,frh01,train,barley,ORH,38
1952561,frh01,train,wheat,BTH,22
1952573,frh01,train,rapeseed,CZH,22
1952578,frh01,train,orchards,VRG,55
1952593,frh01,train,temporary meadows,RGA,40
1952623,frh01,train,corn,MIE,60
1952625,frh01,train,orchards,VRG,60
1952629,frh01,train,temporary meadows,PTR,60
1952659,frh01,train,barley,ORH,55
1952679,frh01,train,permanent meadows,PPH,38
1952694,frh01,train,barley,ORP,22
1952724,frh01,train,wheat,BTH,60
1952774,frh01,train,corn,MIE,22
1952806,frh01,train,wheat,BTH,40
1952822,frh01,train,temporary meadows,RGA,37
1952958,frh01,train,temporary meadows,PTR,38
1953039,frh01,train,corn,MIE,38
1953117,frh01,train,barley,ORH,47
1953125,frh01,train,orchards,VRG,40
1953148,frh01,train,barley,ORH,38
1953154,frh01,train,permanent meadows,PPH,38
1953155,frh01,train,permanent meadows,PPH,38
1953190,frh01,train,orchards,VRG,22
1953198,frh01,train,rapeseed,CZH,22
1953212,frh01,train,corn,MIE,60
1953235,frh01,train,temporary meadows,RGA,38
1953292,frh01,train,barley,ORH,22
1953306,frh01,train,corn,MIE,60
1953439,frh01,train,barley,ORH,22
1953533,frh01,train,temporary meadows,PTR,22
1953567,frh01,train,barley,ORH,47
1953601,frh01,train,rapeseed,CZH,22
1953620,frh01,train,wheat,BTH,22
1953632,frh01,train,rapeseed,CZH,47
1953640,frh01,train,rapeseed,CZH,22
1953643,frh01,train,temporary meadows,PTR,22
1953647,frh01,train,permanent meadows,PPH,22
1953683,frh01,train,permanent meadows,PPH,38
1953703,frh01,train,rapeseed,CZH,38
1953714,frh01,train,wheat,BTH,38
1953745,frh01,train,orchards,VRG,38
1953790,frh01,train,temporary meadows,PTR,38
1953825,frh01,train,permanent meadows,PRL,38
1953831,frh01,train,wheat,BTH,38
1953840,frh01,train,barley,ORH,22
1953848,frh01,train,rapeseed,CZH,22
1953868,frh01,train,rapeseed,CZH,38
1953871,frh01,train,barley,ORH,27
1953955,frh01,train,wheat,BTH,27
1953970,frh01,train,rapeseed,CZH,38
1954020,frh01,train,barley,ORP,55
1954045,frh01,train,barley,ORH,22
1954081,frh01,train,temporary meadows,PTR,38
1954132,frh01,train,barley,ORH,22
1954142,frh01,train,temporary meadows,PTR,60
1954166,frh01,train,barley,ORH,22
1954171,frh01,train,rapeseed,CZH,22
1954190,frh01,train,permanent meadows,PRL,60
1954255,frh01,train,orchards,VRG,22
1954264,frh01,train,rapeseed,CZH,22
1954320,frh01,train,orchards,VRG,22
1954348,frh01,train,barley,ORH,38
1954356,frh01,train,permanent meadows,PRL,38
1954378,frh01,train,barley,ORH,40
1954420,frh01,train,corn,MIS,55
1954427,frh01,train,barley,ORH,55
1954433,frh01,train,corn,MIE,22
1954494,frh01,train,temporary meadows,PTR,22
1954516,frh01,train,barley,ORH,55
1954517,frh01,train,barley,ORH,55
1954519,frh01,train,rapeseed,CZH,55
1954546,frh01,train,barley,ORH,22
1954556,frh01,train,orchards,VRG,22
1954564,frh01,train,rapeseed,CZH,40
1954597,frh01,train,wheat,BTH,22
1954598,frh01,train,rapeseed,CZH,22
1954622,frh01,train,orchards,VRG,22
1954668,frh01,train,barley,ORP,38
1954669,frh01,train,corn,MIE,22
1954683,frh01,train,barley,ORH,40
1954705,frh01,train,corn,MIE,47
1954711,frh01,train,corn,MIE,40
1954718,frh01,train,temporary meadows,PTR,40
1954751,frh01,train,temporary meadows,PTR,40
1954813,frh01,train,rapeseed,CZH,22
1954891,frh01,train,wheat,BTH,22
1955034,frh01,train,barley,ORH,22
1955049,frh01,train,rapeseed,CZH,22
1955090,frh01,train,orchards,VRG,47
1955162,frh01,train,barley,ORH,40
1955191,frh01,train,temporary meadows,RGA,38
1955211,frh01,train,wheat,BTH,47
1955231,frh01,train,rapeseed,CZH,22
1955246,frh01,train,temporary meadows,PTR,38
1955247,frh01,train,wheat,BTH,38
1955257,frh01,train,corn,MIE,38
1955270,frh01,train,orchards,VRG,22
1955273,frh01,train,orchards,VRG,22
1955276,frh01,train,orchards,VRG,22
1955281,frh01,train,rapeseed,CZH,22
1955314,frh01,train,temporary meadows,PTR,22
1955344,frh01,train,temporary meadows,PTR,38
1955418,frh01,train,temporary meadows,PTR,38
1955428,frh01,train,barley,ORH,47
1955434,frh01,train,permanent meadows,PPH,22
1955446,frh01,train,rapeseed,CZH,47
1955469,frh01,train,corn,MIE,22
1955471,frh01,train,orchards,VRG,22
1955477,frh01,train,temporary meadows,RGA,47
1955630,frh01,train,barley,ORP,22
1955660,frh01,train,barley,ORH,22
1955717,frh01,train,rapeseed,CZH,22
1955800,frh01,train,orchards,VRG,22
1955816,frh01,train,temporary meadows,PTR,38
1955859,frh01,train,barley,ORH,22
1955912,frh01,train,wheat,BTH,22
1955964,frh01,train,permanent meadows,PPH,22
1955992,frh01,train,orchards,VRG,23
1955998,frh01,train,corn,MIE,22
1956014,frh01,train,wheat,BTH,40
1956028,frh01,train,corn,MIE,22
1956087,frh01,train,wheat,BTH,22
1956096,frh01,train,rapeseed,CZH,22
1956098,frh01,train,rapeseed,CZH,22
1956111,frh01,train,wheat,BTH,22
1956133,frh01,train,corn,MIS,22
1956177,frh01,train,rapeseed,CZH,22
1956180,frh01,train,barley,ORH,22
1956189,frh01,train,permanent meadows,PPH,22
1956191,frh01,train,barley,ORH,22
1956215,frh01,train,barley,ORH,40
1956255,frh01,train,temporary meadows,PTR,40
1956312,frh01,train,wheat,BTH,40
1956314,frh01,train,corn,MIE,60
1956385,frh01,train,permanent meadows,PRL,38
1956407,frh01,train,rapeseed,CZH,22
1956417,frh01,train,rapeseed,CZH,22
1956421,frh01,train,orchards,VRG,22
1956422,frh01,train,orchards,VRG,22
1956469,frh01,train,permanent meadows,PPH,22
1956485,frh01,train,temporary meadows,PTR,38
1956508,frh01,train,barley,ORP,38
1956512,frh01,train,orchards,VRG,22
1956515,frh01,train,temporary meadows,PTR,22
1956532,frh01,train,rapeseed,CZH,60
1956535,frh01,train,rapeseed,CZH,60
1956662,frh01,train,temporary meadows,PTR,38
1956683,frh01,train,temporary meadows,PTR,22
1956714,frh01,train,permanent meadows,PPH,60
1956743,frh01,train,temporary meadows,PTR,22
1956768,frh01,train,barley,ORH,22
1956787,frh01,train,rapeseed,CZH,22
1956796,frh01,train,permanent meadows,PRL,60
1956802,frh01,train,orchards,VRG,22
1956809,frh01,train,orchards,VRG,22
1956828,frh01,train,wheat,BTH,22
1956840,frh01,train,rapeseed,CZH,38
1956898,frh01,train,permanent meadows,PPH,22
1956904,frh01,train,rapeseed,CZH,60
1956911,frh01,train,permanent meadows,PPH,22
1956961,frh01,train,corn,MIE,22
1956963,frh01,train,orchards,VRG,22
1956966,frh01,train,permanent meadows,PRL,55
1956990,frh01,train,rapeseed,CZH,60
1957059,frh01,train,permanent meadows,PRL,55
1957062,frh01,train,permanent meadows,PRL,55
1957160,frh01,train,barley,ORH,38
1957179,frh01,train,temporary meadows,PTR,40
1957212,frh01,train,temporary meadows,PTR,38
1957218,frh01,train,temporary meadows,PTR,38
1957226,frh01,train,wheat,BTH,38
1957323,frh01,train,corn,MIS,60
1957487,frh01,train,temporary meadows,PTR,38
1957488,frh01,train,wheat,BTH,38
1957502,frh01,train,wheat,BTH,22
1957505,frh01,train,barley,ORH,22
1957509,frh01,train,rapeseed,CZH,22
1957560,frh01,train,corn,MIE,38
1957616,frh01,train,rapeseed,CZH,22
1957647,frh01,train,wheat,BTH,38
1957656,frh01,train,barley,ORH,38
1957679,frh01,train,temporary meadows,PTR,38
1957699,frh01,train,rapeseed,CZH,22
1957705,frh01,train,rapeseed,CZH,22
1957706,frh01,train,rapeseed,CZH,22
1957714,frh01,train,wheat,BTH,22
1957757,frh01,train,temporary meadows,RGA,38
1957803,frh01,train,rapeseed,CZH,22
1957851,frh01,train,permanent meadows,PPH,38
1957892,frh01,train,rapeseed,CZH,22
1957907,frh01,train,wheat,BTH,40
1957929,frh01,train,temporary meadows,PTR,47
1957992,frh01,train,barley,ORP,55
1958038,frh01,train,barley,ORP,38
1958114,frh01,train,barley,ORH,55
1958179,frh01,train,temporary meadows,RGA,22
1958233,frh01,train,temporary meadows,PTR,60
1958237,frh01,train,barley,ORH,55
1958242,frh01,train,barley,ORH,60
1958250,frh01,train,wheat,BTH,60
1958268,frh01,train,barley,ORH,60
1958275,frh01,train,barley,ORH,22
1958286,frh01,train,corn,MIE,38
1958401,frh01,train,barley,ORH,38
1958441,frh01,train,temporary meadows,PTR,38
1958443,frh01,train,corn,MIE,38
1958473,frh01,train,barley,ORH,60
1958485,frh01,train,orchards,VRG,55
1958486,frh01,train,permanent meadows,PRL,55
1958614,frh01,train,permanent meadows,PRL,22
1958634,frh01,train,barley,ORH,60
1958651,frh01,train,wheat,BTH,22
1958661,frh01,train,barley,ORH,22
1958662,frh01,train,barley,ORH,22
1958692,frh01,train,temporary meadows,PTR,38
1958696,frh01,train,temporary meadows,PTR,38
1958709,frh01,train,barley,ORH,60
1958752,frh01,train,temporary meadows,PTR,22
1958780,frh01,train,temporary meadows,PTR,38
1958797,frh01,train,wheat,BTH,55
1958833,frh01,train,wheat,BTH,22
1958841,frh01,train,wheat,BTH,22
1958854,frh01,train,permanent meadows,PPH,22
1958894,frh01,train,rapeseed,CZH,22
1958936,frh01,train,orchards,VRG,55
1958958,frh01,train,wheat,BTH,60
1959010,frh01,train,barley,ORH,55
1959028,frh01,train,wheat,BTH,55
1959044,frh01,train,wheat,BTH,55
1959159,frh01,train,barley,ORH,40
1959162,frh01,train,rapeseed,CZH,40
1959166,frh01,train,permanent meadows,PRL,40
1959198,frh01,train,corn,MIE,22
1959245,frh01,train,permanent meadows,PPH,47
1959250,frh01,train,rapeseed,CZH,47
1959253,frh01,train,corn,MIS,40
1959262,frh01,train,wheat,BTH,22
1959278,frh01,train,temporary meadows,PTR,22
1959289,frh01,train,rapeseed,CZH,22
1959410,frh01,train,orchards,VRG,22
1959416,frh01,train,rapeseed,CZH,60
1959447,frh01,train,rapeseed,CZH,47
1959449,frh01,train,rapeseed,CZH,47
1959473,frh01,train,permanent meadows,PRL,22
1959474,frh01,train,rapeseed,CZH,22
1959488,frh01,train,orchards,VRG,22
1959504,frh01,train,temporary meadows,PTR,22
1959506,frh01,train,temporary meadows,PTR,22
1959517,frh01,train,wheat,BTH,22
1959520,frh01,train,barley,ORH,22
1959530,frh01,train,corn,MIE,38
1959557,frh01,train,corn,MIE,22
1959565,frh01,train,temporary meadows,RGA,22
1959598,frh01,train,wheat,BTH,22
1959640,frh01,train,temporary meadows,PTR,47
1959649,frh01,train,wheat,BTH,40
1959700,frh01,train,temporary meadows,PTR,38
1959704,frh01,train,temporary meadows,PTR,38
1959738,frh01,train,corn,MIS,40
1959742,frh01,train,temporary meadows,RGA,60
1959761,frh01,train,wheat,BTH,47
1959791,frh01,train,rapeseed,CZH,22
1959797,frh01,train,rapeseed,CZH,22
1959806,frh01,train,orchards,VRG,22
1959814,frh01,train,orchards,VRG,40
1959826,frh01,train,corn,MIS,40
1959829,frh01,train,temporary meadows,PTR,47
1959833,frh01,train,rapeseed,CZH,47
1959844,frh01,train,corn,MIE,38
1959845,frh01,train,temporary meadows,RGA,38
1959852,frh01,train,rapeseed,CZH,47
1959870,frh01,train,permanent meadows,PPH,22
1959872,frh01,train,orchards,VRG,22
1959900,frh01,train,wheat,BTH,38
1959909,frh01,train,rapeseed,CZH,47
1959937,frh01,train,corn,MIE,38
1959958,frh01,train,temporary meadows,RGA,47
1959963,frh01,train,rapeseed,CZH,47
1959965,frh01,train,permanent meadows,PRL,47
1959984,frh01,train,permanent meadows,PRL,38
1959990,frh01,train,rapeseed,CZH,47
1959997,frh01,train,temporary meadows,RGA,47
1960049,frh01,train,temporary meadows,RGA,22
1960070,frh01,train,corn,MIE,47
1960073,frh01,train,rapeseed,CZH,23
1960078,frh01,train,rapeseed,CZH,27
1960134,frh01,train,wheat,BTH,60
1960200,frh01,train,wheat,BTH,37
1960211,frh01,train,temporary meadows,PTR,60
1960325,frh01,train,temporary meadows,PTR,40
1960342,frh01,train,barley,ORH,60
1960374,frh01,train,temporary meadows,PTR,38
1960389,frh01,train,rapeseed,CZH,38
1960430,frh01,train,wheat,BTH,38
1960540,frh01,train,corn,MIE,22
1960662,frh01,train,corn,MIE,38
1960766,frh01,train,rapeseed,CZH,22
1960862,frh01,train,temporary meadows,RGA,22
1960937,frh01,train,temporary meadows,RGA,22
1960947,frh01,train,wheat,BTH,22
1960959,frh01,train,wheat,BTH,22
1960963,frh01,train,corn,MIE,22
1960984,frh01,train,barley,ORH,38
1961001,frh01,train,corn,MIS,47
1961007,frh01,train,temporary meadows,PTR,47
1961049,frh01,train,barley,ORP,38
1961094,frh01,train,temporary meadows,PTR,38
1961135,frh01,train,wheat,BTH,38
1961136,frh01,train,wheat,BTH,38
1961137,frh01,train,rapeseed,CZH,38
1961186,frh01,train,permanent meadows,PPH,38
1961350,frh01,train,rapeseed,CZH,22
1961365,frh01,train,barley,ORH,22
1961371,frh01,train,barley,ORH,22
1961424,frh01,train,rapeseed,CZH,22
1961436,frh01,train,rapeseed,CZH,22
1961443,frh01,train,rapeseed,CZH,22
1961453,frh01,train,wheat,BTH,22
1961545,frh01,train,corn,MIE,22
1961551,frh01,train,rapeseed,CZH,38
1961561,frh01,train,wheat,BTH,38
1961565,frh01,train,barley,ORH,38
1961653,frh01,train,rapeseed,CZH,40
1961655,frh01,train,rapeseed,CZH,40
1961658,frh01,train,rapeseed,CZH,40
1961662,frh01,train,corn,MIE,40
1961666,frh01,train,wheat,BTH,22
1961830,frh01,train,orchards,VRG,60
1961838,frh01,train,corn,MIS,38
1961848,frh01,train,wheat,BTH,22
1961855,frh01,train,corn,MIE,22
1961922,frh01,train,barley,ORH,38
1961954,frh01,train,barley,ORP,38
1961981,frh01,train,temporary meadows,PTR,60
1961993,frh01,train,rapeseed,CZH,25
1962021,frh01,train,rapeseed,CZH,38
1962023,frh01,train,rapeseed,CZH,38
1962054,frh01,train,rapeseed,CZH,22
1962090,frh01,train,rapeseed,CZH,22
1962096,frh01,train,wheat,BTH,22
1962124,frh01,train,rapeseed,CZH,22
1962135,frh01,train,rapeseed,CZH,22
1962166,frh01,train,temporary meadows,PTR,38
1962202,frh01,train,orchards,VRG,22
1962206,frh01,train,rapeseed,CZH,22
1962270,frh01,train,corn,MIS,22
1962318,frh01,train,corn,MIE,22
1962328,frh01,train,temporary meadows,PTR,22
1962331,frh01,train,barley,ORH,22
1962415,frh01,train,permanent meadows,PRL,38
1962431,frh01,train,orchards,VRG,38
1962445,frh01,train,permanent meadows,PRL,38
1962446,frh01,train,permanent meadows,PRL,38
1962447,frh01,train,permanent meadows,PRL,38
1962489,frh01,train,temporary meadows,RGA,22
1962492,frh01,train,temporary meadows,RGA,22
1962493,frh01,train,orchards,VRG,22
1962603,frh01,train,corn,MIE,65
1962766,frh01,train,orchards,VRG,60
1962784,frh01,train,wheat,BTH,47
1962813,frh01,train,barley,ORH,22
1962824,frh01,train,corn,MIE,22
1962827,frh01,train,temporary meadows,PTR,38
1962833,frh01,train,temporary meadows,PTR,38
1962894,frh01,train,wheat,BTP,38
1962895,frh01,train,wheat,BTP,38
1962930,frh01,train,corn,MIE,22
1963020,frh01,train,wheat,BTH,38
1963041,frh01,train,rapeseed,CZH,47
1963042,frh01,train,rapeseed,CZH,47
1963043,frh01,train,wheat,BTH,47
1963112,frh01,train,wheat,BTH,38
1963128,frh01,train,rapeseed,CZH,47
1963153,frh01,train,permanent meadows,PRL,47
1963193,frh01,train,corn,MIE,38
1963201,frh01,train,wheat,BTH,38
1963219,frh01,train,temporary meadows,PTR,40
1963228,frh01,train,orchards,VRG,22
1963232,frh01,train,permanent meadows,PRL,22
1963261,frh01,train,temporary meadows,RGA,38
1963290,frh01,train,orchards,VRG,38
1963295,frh01,train,corn,MIS,38
1963313,frh01,train,corn,MIE,38
1963352,frh01,train,corn,MIE,38
1963360,frh01,train,corn,MIE,38
1963385,frh01,train,permanent meadows,PPH,40
1963442,frh01,train,permanent meadows,PRL,38
1963465,frh01,train,corn,MIE,22
1963472,frh01,train,barley,ORH,22
1963527,frh01,train,wheat,BTH,22
1963575,frh01,train,barley,ORH,22
1963649,frh01,train,wheat,BTH,22
1963652,frh01,train,barley,ORH,22
1963682,frh01,train,permanent meadows,PRL,22
1963687,frh01,train,rapeseed,CZH,22
1963747,frh01,train,temporary meadows,RGA,22
1963767,frh01,train,wheat,BTH,22
1963855,frh01,train,barley,ORH,38
1963860,frh01,train,temporary meadows,RGA,47
1963889,frh01,train,corn,MIE,22
1963953,frh01,train,corn,MIE,38
1963961,frh01,train,orchards,VRG,22
1963982,frh01,train,wheat,BTH,22
1963993,frh01,train,temporary meadows,RGA,40
1964003,frh01,train,corn,MIE,40
1964019,frh01,train,orchards,VRG,22
1964116,frh01,train,temporary meadows,RGA,47
1964154,frh01,train,rapeseed,CZH,47
1964206,frh01,train,barley,ORH,47
1964220,frh01,train,corn,MIE,22
1964301,frh01,train,barley,ORH,47
1964308,frh01,train,barley,ORH,38
1964316,frh01,train,rapeseed,CZH,40
1964323,frh01,train,permanent meadows,PRL,38
1964335,frh01,train,permanent meadows,PRL,40
1964390,frh01,train,rapeseed,CZH,38
1964394,frh01,train,barley,ORH,38
1964398,frh01,train,wheat,BTH,38
1964410,frh01,train,temporary meadows,PTR,38
1964423,frh01,train,temporary meadows,PTR,27
1964452,frh01,train,temporary meadows,PTR,22
1964471,frh01,train,temporary meadows,RGA,47
1964481,frh01,train,wheat,BTH,38
1964493,frh01,train,rapeseed,CZH,38
1964504,frh01,train,corn,MIE,27
1964545,frh01,train,temporary meadows,RGA,47
1964577,frh01,train,permanent meadows,PPH,47
1964615,frh01,train,temporary meadows,RGA,22
1964725,frh01,train,barley,ORH,22
1964727,frh01,train,corn,MIS,22
1964740,frh01,train,rapeseed,CZH,47
1964751,frh01,train,wheat,BTH,47
1964756,frh01,train,temporary meadows,RGA,47
1964759,frh01,train,corn,MIE,47
1964801,frh01,train,temporary meadows,PTR,38
1964817,frh01,train,corn,MIE,22
1964829,frh01,train,temporary meadows,RGA,22
1964837,frh01,train,permanent meadows,PRL,38
1964845,frh01,train,wheat,BTH,38
1964849,frh01,train,wheat,BTH,38
1964865,frh01,train,orchards,VRG,22
1964918,frh01,train,barley,ORH,38
1964926,frh01,train,wheat,BTH,38
1964928,frh01,train,corn,MIE,38
1964931,frh01,train,wheat,BTH,38
1964958,frh01,train,wheat,BTH,22
1965102,frh01,train,corn,MIE,40
1965171,frh01,train,permanent meadows,PPH,38
1965179,frh01,train,corn,MIE,60
1965183,frh01,train,rapeseed,CZH,38
1965202,frh01,train,permanent meadows,PRL,47
1965242,frh01,train,temporary meadows,PTR,38
1965290,frh01,train,permanent meadows,PRL,47
1965301,frh01,train,barley,ORH,22
1965325,frh01,train,permanent meadows,PRL,22
1965357,frh01,train,rapeseed,CZH,22
1965400,frh01,train,wheat,BTH,60
1965403,frh01,train,wheat,BTH,60
1965439,frh01,train,barley,ORH,22
1965443,frh01,train,barley,ORH,22
1965461,frh01,train,rapeseed,CZH,40
1965468,frh01,train,rapeseed,CZH,40
1965475,frh01,train,rapeseed,CZH,40
1965483,frh01,train,corn,MIE,22
1965523,frh01,train,wheat,BTH,35
1965541,frh01,train,corn,MIS,60
1965561,frh01,train,permanent meadows,PRL,60
1965594,frh01,train,wheat,BTH,47
1965682,frh01,train,barley,ORH,22
1965715,frh01,train,wheat,BTH,40
1965758,frh01,train,barley,ORH,60
1965811,frh01,train,temporary meadows,PTR,40
1965813,frh01,train,wheat,BTH,40
1965897,frh01,train,barley,ORH,47
1965920,frh01,train,corn,MIS,38
1965936,frh01,train,barley,ORH,60
1965981,frh01,train,barley,ORH,38
1966019,frh01,train,wheat,BTH,38
1966025,frh01,train,barley,ORP,38
1966047,frh01,train,permanent meadows,PPH,60
1966056,frh01,train,temporary meadows,RGA,38
1966057,frh01,train,rapeseed,CZH,38
1966080,frh01,train,corn,MIE,60
1966140,frh01,train,orchards,VRG,47
1966143,frh01,train,orchards,VRG,47
1966147,frh01,train,orchards,VRG,47
1966170,frh01,train,wheat,BTH,38
1966195,frh01,train,rapeseed,CZH,22
1966199,frh01,train,wheat,BTH,55
1966203,frh01,train,wheat,BTH,55
1966213,frh01,train,rapeseed,CZH,55
1966235,frh01,train,permanent meadows,PRL,60
1966253,frh01,train,rapeseed,CZH,22
1966280,frh01,train,corn,MIS,22
1966288,frh01,train,wheat,BTH,55
1966330,frh01,train,temporary meadows,PTR,22
1966352,frh01,train,barley,ORH,22
1966369,frh01,train,rapeseed,CZH,40
1966370,frh01,train,rapeseed,CZH,40
1966386,frh01,train,corn,MIS,40
1966389,frh01,train,rapeseed,CZH,40
1966410,frh01,train,rapeseed,CZH,22
1966438,frh01,train,corn,MIS,24
1966456,frh01,train,rapeseed,CZH,24
1966457,frh01,train,rapeseed,CZH,40
1966472,frh01,train,barley,ORH,40
1966605,frh01,train,rapeseed,CZH,38
1966609,frh01,train,permanent meadows,PPH,38
1966625,frh01,train,barley,ORH,22
1966630,frh01,train,rapeseed,CZH,47
1966674,frh01,train,permanent meadows,PPH,38
1966709,frh01,train,rapeseed,CZH,47
1966736,frh01,train,permanent meadows,PPH,40
1966745,frh01,train,orchards,VRG,60
1966767,frh01,train,rapeseed,CZH,38
1966772,frh01,train,rapeseed,CZH,22
1966773,frh01,train,orchards,VRG,22
1966815,frh01,train,wheat,BTH,37
1966845,frh01,train,permanent meadows,PRL,22
1966859,frh01,train,corn,MIE,22
1966885,frh01,train,permanent meadows,PPH,38
1966898,frh01,train,rapeseed,CZH,22
1966900,frh01,train,rapeseed,CZH,22
1966917,frh01,train,rapeseed,CZH,40
1966981,frh01,train,temporary meadows,RGA,22
1967051,frh01,train,wheat,BTH,22
1967067,frh01,train,permanent meadows,PPH,22
1967075,frh01,train,rapeseed,CZH,40
1967098,frh01,train,barley,ORH,38
1967103,frh01,train,barley,ORH,38
1967151,frh01,train,wheat,BTH,22
1967153,frh01,train,wheat,BTH,22
1967173,frh01,train,rapeseed,CZH,22
1967176,frh01,train,barley,ORH,24
1967179,frh01,train,rapeseed,CZH,38
1967207,frh01,train,rapeseed,CZH,38
1967265,frh01,train,barley,ORH,38
1967292,frh01,train,wheat,BTH,40
1967301,frh01,train,barley,ORH,22
1967303,frh01,train,rapeseed,CZH,22
1967308,frh01,train,corn,MIS,22
1967400,frh01,train,permanent meadows,PRL,38
1967412,frh01,train,rapeseed,CZH,22
1967424,frh01,train,permanent meadows,PRL,40
1967433,frh01,train,corn,MIS,60
1967468,frh01,train,permanent meadows,PPH,38
1967481,frh01,train,permanent meadows,PPH,47
1967491,frh01,train,wheat,BTH,40
1967498,frh01,train,corn,MIE,40
1967500,frh01,train,corn,MIE,40
1967565,frh01,train,temporary meadows,PTR,38
1967592,frh01,train,corn,MIE,22
1967661,frh01,train,wheat,BTH,55
1967664,frh01,train,rapeseed,CZP,55
1967698,frh01,train,wheat,BTH,22
1967715,frh01,train,wheat,BTH,22
1967726,frh01,train,temporary meadows,PTR,22
1967746,frh01,train,corn,MIE,22
1967748,frh01,train,wheat,BTH,22
1967795,frh01,train,corn,MIS,22
1967812,frh01,train,wheat,BTH,40
1967828,frh01,train,barley,ORH,22
1967846,frh01,train,rapeseed,CZH,22
1967906,frh01,train,corn,MIE,22
1967943,frh01,train,barley,ORH,38
1967945,frh01,train,wheat,BTH,38
1967966,frh01,train,wheat,BTH,38
1967988,frh01,train,permanent meadows,PRL,55
1967999,frh01,train,wheat,BTH,22
1968006,frh01,train,barley,ORH,22
1968025,frh01,train,barley,ORH,38
1968038,frh01,train,corn,MIE,38
1968063,frh01,train,corn,MIE,22
1968089,frh01,train,corn,MIS,22
1968157,frh01,train,barley,ORH,22
1968160,frh01,train,wheat,BTH,38
1968185,frh01,train,rapeseed,CZH,22
1968192,frh01,train,permanent meadows,PPH,22
1968236,frh01,train,permanent meadows,PRL,22
1968246,frh01,train,temporary meadows,PTR,22
1968301,frh01,train,barley,ORP,22
1968313,frh01,train,orchards,VRG,22
1968321,frh01,train,rapeseed,CZH,22
1968363,frh01,train,rapeseed,CZH,24
1968385,frh01,train,rapeseed,CZH,38
1968493,frh01,train,corn,MIS,22
1968497,frh01,train,permanent meadows,PPH,22
1968558,frh01,train,temporary meadows,PTR,47
1968582,frh01,train,rapeseed,CZH,22
1968592,frh01,train,rapeseed,CZH,22
1968615,frh01,train,barley,ORP,22
1968621,frh01,train,permanent meadows,PRL,22
1968625,frh01,train,barley,ORP,22
1968628,frh01,train,orchards,VRG,22
1968636,frh01,train,wheat,BTH,22
1968638,frh01,train,rapeseed,CZH,22
1968704,frh01,train,barley,ORP,22
1968707,frh01,train,barley,ORP,22
1968745,frh01,train,wheat,BTH,27
1968788,frh01,train,corn,MIS,22
1968833,frh01,train,rapeseed,CZH,22
1968868,frh01,train,permanent meadows,PPH,22
1968897,frh01,train,rapeseed,CZH,47
1968909,frh01,train,orchards,VRG,22
1968961,frh01,train,rapeseed,CZH,47
1969043,frh01,train,permanent meadows,PPH,47
1969056,frh01,train,corn,MIS,22
1969124,frh01,train,rapeseed,CZH,22
1969157,frh01,train,rapeseed,CZH,22
1969171,frh01,train,orchards,VRG,22
1969175,frh01,train,barley,ORH,22
1969176,frh01,train,rapeseed,CZH,22
1969222,frh01,train,wheat,BTH,47
1969226,frh01,train,rapeseed,CZH,22
1969229,frh01,train,corn,MIS,22
1969254,frh01,train,orchards,VRG,22
1969327,frh01,train,permanent meadows,PPH,55
1969423,frh01,train,corn,MIE,55
1969441,frh01,train,orchards,VRG,47
1969445,frh01,train,wheat,BTH,47
1969451,frh01,train,corn,MIS,47
1969475,frh01,train,rapeseed,CZH,22
1969514,frh01,train,temporary meadows,PTR,55
1969532,frh01,train,corn,MIS,47
1969538,frh01,train,wheat,BTH,47
1969541,frh01,train,wheat,BTH,47
1969546,frh01,train,corn,MIE,47
1969556,frh01,train,temporary meadows,PTR,22
1969579,frh01,train,corn,MIE,22
1969628,frh01,train,wheat,BTH,47
1969645,frh01,train,temporary meadows,PTR,22
1969646,frh01,train,corn,MIS,22
1969650,frh01,train,rapeseed,CZH,22
1969661,frh01,train,wheat,BTH,22
1969686,frh01,train,corn,MIE,22
1969726,frh01,train,orchards,VRG,22
1969739,frh01,train,wheat,BTH,22
1969770,frh01,train,rapeseed,CZH,60
1969781,frh01,train,rapeseed,CZH,60
1969812,frh01,train,barley,ORH,47
1969833,frh01,train,rapeseed,CZH,22
1969851,frh01,train,wheat,BTH,22
1969857,frh01,train,rapeseed,CZH,60
1969860,frh01,train,orchards,VRG,38
1969886,frh01,train,corn,MIE,22
1969910,frh01,train,wheat,BTH,47
1969912,frh01,train,rapeseed,CZH,47
1969914,frh01,train,permanent meadows,PRL,47
1969921,frh01,train,rapeseed,CZH,60
1969922,frh01,train,wheat,BTH,22
1969933,frh01,train,corn,MIS,22
1969935,frh01,train,rapeseed,CZH,22
1969977,frh01,train,rapeseed,CZH,22
1969985,frh01,train,barley,ORH,22
1970004,frh01,train,wheat,BTH,60
1970027,frh01,train,wheat,BTH,47
1970051,frh01,train,temporary meadows,RGA,38
1970104,frh01,train,wheat,BTH,60
1970131,frh01,train,permanent meadows,PRL,47
1970151,frh01,train,permanent meadows,PRL,40
1970156,frh01,train,wheat,BTH,22
1970174,frh01,train,rapeseed,CZH,22
1970175,frh01,train,wheat,BTH,22
1970179,frh01,train,rapeseed,CZH,60
1970194,frh01,train,wheat,BTH,60
1970238,frh01,train,permanent meadows,PPH,38
1970250,frh01,train,corn,MIE,22
1970280,frh01,train,rapeseed,CZH,38
1970283,frh01,train,orchards,VRG,55
1970300,frh01,train,orchards,VRG,55
1970308,frh01,train,corn,MIE,38
1970321,frh01,train,wheat,BTH,38
1970324,frh01,train,wheat,BTH,38
1970375,frh01,train,orchards,VRG,40
1970489,frh01,train,orchards,VRG,40
1970495,frh01,train,rapeseed,CZH,22
1970509,frh01,train,wheat,BTH,22
1970510,frh01,train,rapeseed,CZH,22
1970568,frh01,train,orchards,VRG,40
1970569,frh01,train,orchards,VRG,40
1970639,frh01,train,barley,ORH,22
1970652,frh01,train,permanent meadows,PRL,40
1970701,frh01,train,wheat,BTH,40
1970705,frh01,train,corn,MIS,40
1970716,frh01,train,barley,ORH,47
1970786,frh01,train,wheat,BTH,22
1970826,frh01,train,permanent meadows,PRL,38
1970855,frh01,train,barley,ORH,38
1970862,frh01,train,barley,ORH,38
1970894,frh01,train,barley,ORH,22
1970901,frh01,train,temporary meadows,PTR,22
1970996,frh01,train,wheat,BTH,22
1970999,frh01,train,permanent meadows,PPH,22
1971084,frh01,train,temporary meadows,RGA,38
1971105,frh01,train,wheat,BTH,22
1971128,frh01,train,orchards,VRG,22
1971174,frh01,train,wheat,BTH,22
1971177,frh01,train,corn,MIE,22
1971199,frh01,train,orchards,VRG,22
1971202,frh01,train,orchards,VRG,22
1971204,frh01,train,orchards,VRG,22
1971208,frh01,train,orchards,VRG,22
1971210,frh01,train,barley,ORH,22
1971221,frh01,train,rapeseed,CZH,22
1971222,frh01,train,rapeseed,CZH,22
1971230,frh01,train,rapeseed,CZH,22
1971237,frh01,train,barley,ORH,22
1971271,frh01,train,orchards,VRG,22
1971272,frh01,train,orchards,VRG,22
1971360,frh01,train,orchards,VRG,22
1971474,frh01,train,barley,ORH,47
1971531,frh01,train,rapeseed,CZH,22
1971553,frh01,train,rapeseed,CZH,47
1971575,frh01,train,rapeseed,CZH,22
1971604,frh01,train,barley,ORH,38
1971623,frh01,train,wheat,BTH,22
1971647,frh01,train,orchards,VRG,22
1971649,frh01,train,wheat,BTH,22
1971660,frh01,train,wheat,BTH,22
1971664,frh01,train,barley,ORH,22
1971672,frh01,train,permanent meadows,PRL,38
1971699,frh01,train,corn,MIS,22
1971712,frh01,train,orchards,VRG,22
1971714,frh01,train,barley,ORH,22
1971794,frh01,train,corn,MIS,47
1971890,frh01,train,wheat,BTH,22
1971927,frh01,train,rapeseed,CZH,22
1971934,frh01,train,barley,ORH,22
1971972,frh01,train,permanent meadows,PRL,22
1971973,frh01,train,permanent meadows,PRL,22
1971978,frh01,train,barley,ORH,22
1971999,frh01,train,temporary meadows,PTR,22
1972001,frh01,train,barley,ORH,22
1972037,frh01,train,wheat,BTH,22
1972068,frh01,train,orchards,VRG,22
1972097,frh01,train,corn,MIE,22
1972109,frh01,train,barley,ORH,22
1972123,frh01,train,wheat,BTH,22
1972134,frh01,train,rapeseed,CZH,38
1972135,frh01,train,temporary meadows,PTR,38
1972190,frh01,train,orchards,VRG,22
1972210,frh01,train,permanent meadows,PPH,22
1972257,frh01,train,wheat,BTH,22
1972323,frh01,train,wheat,BTH,38
1972338,frh01,train,permanent meadows,PPH,47
1972350,frh01,train,orchards,VRG,22
1972351,frh01,train,corn,MIE,22
1972353,frh01,train,orchards,VRG,22
1972359,frh01,train,orchards,VRG,22
1972387,frh01,train,temporary meadows,RGA,38
1972410,frh01,train,corn,MIE,22
1972425,frh01,train,permanent meadows,PRL,47
1972427,frh01,train,permanent meadows,PPH,47
1972442,frh01,train,corn,MIS,22
1972512,frh01,train,barley,ORH,22
1972525,frh01,train,rapeseed,CZH,22
1972528,frh01,train,rapeseed,CZH,22
1972565,frh01,train,barley,ORH,60
1972610,frh01,train,permanent meadows,PPH,22
1972630,frh01,train,temporary meadows,RGA,22
1972652,frh01,train,barley,ORH,22
1972675,frh01,train,temporary meadows,PTR,22
1972726,frh01,train,rapeseed,CZH,22
1972768,frh01,train,permanent meadows,PPH,38
1972907,frh01,train,rapeseed,CZH,22
1972930,frh01,train,wheat,BTH,22
1972932,frh01,train,temporary meadows,RGA,22
1972963,frh01,train,permanent meadows,PRL,22
1972966,frh01,train,temporary meadows,RGA,22
1972994,frh01,train,rapeseed,CZH,22
1973029,frh01,train,rapeseed,CZH,22
1973034,frh01,train,wheat,BTH,22
1973055,frh01,train,permanent meadows,PRL,22
1973081,frh01,train,barley,ORH,38
1973090,frh01,train,rapeseed,CZH,38
1973097,frh01,train,permanent meadows,PPH,38
1973116,frh01,train,corn,MIE,22
1973130,frh01,train,permanent meadows,PPH,22
1973138,frh01,train,barley,ORH,22
1973197,frh01,train,temporary meadows,PTR,38
1973201,frh01,train,temporary meadows,RGA,22
1973218,frh01,train,permanent meadows,PPH,60
1973220,frh01,train,orchards,VRG,60
1973249,frh01,train,rapeseed,CZH,22
1973294,frh01,train,wheat,BTH,38
1973305,frh01,train,temporary meadows,PTR,38
1973319,frh01,train,barley,ORH,38
1973325,frh01,train,orchards,VRG,38
1973400,frh01,train,barley,ORH,38
1973464,frh01,train,permanent meadows,PRL,40
1973468,frh01,train,barley,ORP,40
1973492,frh01,train,orchards,VRG,38
1973497,frh01,train,rapeseed,CZH,22
1973506,frh01,train,barley,ORH,47
1973510,frh01,train,rapeseed,CZH,47
1973515,frh01,train,wheat,BTH,22
1973521,frh01,train,wheat,BTH,22
1973596,frh01,train,wheat,BTH,22
1973602,frh01,train,corn,MIE,22
1973608,frh01,train,permanent meadows,PPH,38
1973670,frh01,train,wheat,BTH,22
1973705,frh01,train,orchards,VRG,47
1973776,frh01,train,barley,ORH,47
1973800,frh01,train,temporary meadows,PTR,38
1973809,frh01,train,barley,ORH,60
1973828,frh01,train,wheat,BTH,40
1973831,frh01,train,corn,MIE,40
1973855,frh01,train,temporary meadows,PTR,47
1973926,frh01,train,wheat,BTH,40
1973935,frh01,train,permanent meadows,PRL,22
1973942,frh01,train,corn,MIE,22
1973953,frh01,train,orchards,VRG,38
1973962,frh01,train,corn,MIE,38
1973980,frh01,train,barley,ORP,47
1973997,frh01,train,wheat,BTH,22
1974017,frh01,train,temporary meadows,PTR,22
1974053,frh01,train,temporary meadows,PTR,38
1974065,frh01,train,wheat,BTH,38
1974069,frh01,train,corn,MIE,47
1974106,frh01,train,wheat,BTH,22
1974216,frh01,train,permanent meadows,PRL,22
1974252,frh01,train,temporary meadows,PTR,22
1974254,frh01,train,barley,ORP,22
1974303,frh01,train,temporary meadows,RGA,40
1974363,frh01,train,rapeseed,CZH,22
1974367,frh01,train,rapeseed,CZH,22
1974370,frh01,train,rapeseed,CZH,22
1974374,frh01,train,rapeseed,CZH,22
1974380,frh01,train,temporary meadows,PTR,22
1974448,frh01,train,rapeseed,CZH,22
1974450,frh01,train,orchards,VRG,22
1974453,frh01,train,rapeseed,CZH,22
1974456,frh01,train,orchards,VRG,22
1974465,frh01,train,rapeseed,CZH,22
1974466,frh01,train,orchards,VRG,22
1974483,frh01,train,temporary meadows,PTR,22
1974495,frh01,train,wheat,BTH,22
1974524,frh01,train,orchards,VRG,38
1974531,frh01,train,orchards,VRG,22
1974540,frh01,train,orchards,VRG,22
1974542,frh01,train,orchards,VRG,22
1974543,frh01,train,orchards,VRG,22
1974549,frh01,train,orchards,VRG,22
1974624,frh01,train,orchards,VRG,22
1974625,frh01,train,orchards,VRG,22
1974627,frh01,train,orchards,VRG,22
1974649,frh01,train,permanent meadows,PPH,38
1974660,frh01,train,rapeseed,CZH,22
1974692,frh01,train,corn,MIE,38
1974697,frh01,train,barley,ORH,47
1974729,frh01,train,corn,MIE,22
1974749,frh01,train,corn,MIE,22
1974788,frh01,train,wheat,BTH,22
1974863,frh01,train,wheat,BTH,22
1974897,frh01,train,temporary meadows,RGA,55
1974901,frh01,train,orchards,VRG,55
1974916,frh01,train,corn,MIE,22
1974968,frh01,train,permanent meadows,PPH,38
1974972,frh01,train,temporary meadows,RGA,38
1975032,frh01,train,temporary meadows,PTR,22
1975054,frh01,train,rapeseed,CZH,47
1975056,frh01,train,wheat,BTH,47
1975057,frh01,train,barley,ORH,47
1975058,frh01,train,barley,ORH,47
1975067,frh01,train,barley,ORH,47
1975076,frh01,train,temporary meadows,RGA,22
1975094,frh01,train,corn,MIE,22
1975126,frh01,train,wheat,BTH,22
1975130,frh01,train,barley,ORH,22
1975149,frh01,train,wheat,BTH,47
1975178,frh01,train,orchards,VRG,33
1975187,frh01,train,wheat,BTH,22
1975188,frh01,train,wheat,BTH,22
1975190,frh01,train,wheat,BTH,22
1975245,frh01,train,wheat,BTH,40
1975246,frh01,train,corn,MIS,40
1975265,frh01,train,temporary meadows,PTR,22
1975267,frh01,train,orchards,VRG,22
1975286,frh01,train,rapeseed,CZH,22
1975296,frh01,train,wheat,BTH,22
1975319,frh01,train,corn,MIS,22
1975322,frh01,train,corn,MIS,22
1975362,frh01,train,orchards,VRG,22
1975373,frh01,train,corn,MIE,22
1975379,frh01,train,permanent meadows,PPH,22
1975410,frh01,train,temporary meadows,PTR,22
1975450,frh01,train,corn,MIE,22
1975457,frh01,train,orchards,VRG,22
1975533,frh01,train,corn,MIS,22
1975559,frh01,train,wheat,BTH,22
1975578,frh01,train,corn,MIS,22
1975607,frh01,train,wheat,BTH,22
1975613,frh01,train,wheat,BTH,22
1975627,frh01,train,corn,MIS,55
1975660,frh01,train,temporary meadows,RGA,22
1975668,frh01,train,corn,MIE,22
1975676,frh01,train,permanent meadows,PRL,55
1975704,frh01,train,barley,ORH,55
1975709,frh01,train,barley,ORH,55
1975727,frh01,train,corn,MIE,22
1975732,frh01,train,corn,MIE,22
1975745,frh01,train,corn,MIE,22
1975783,frh01,train,corn,MIE,55
1975786,frh01,train,temporary meadows,RGA,55
1975794,frh01,train,rapeseed,CZH,22
1975828,frh01,train,orchards,VRG,22
1975881,frh01,train,corn,MIS,22
1975924,frh01,train,corn,MIE,40
1975987,frh01,train,rapeseed,CZH,47
1975988,frh01,train,barley,ORH,47
1976032,frh01,train,permanent meadows,PPH,40
1976063,frh01,train,wheat,BTH,22
1976082,frh01,train,permanent meadows,PRL,22
1976122,frh01,train,wheat,BTH,22
1976124,frh01,train,wheat,BTH,22
1976172,frh01,train,rapeseed,CZH,22
1976182,frh01,train,permanent meadows,PRL,22
1976197,frh01,train,wheat,BTH,22
1976230,frh01,train,orchards,VRG,22
1976249,frh01,train,permanent meadows,PRL,60
1976263,frh01,train,rapeseed,CZH,22
1976286,frh01,train,rapeseed,CZH,47
1976347,frh01,train,corn,MIE,47
1976360,frh01,train,rapeseed,CZH,47
1976362,frh01,train,wheat,BTH,47
1976396,frh01,train,temporary meadows,PTR,22
1976488,frh01,train,permanent meadows,PPH,22
1976490,frh01,train,permanent meadows,PPH,22
1976504,frh01,train,corn,MIE,38
1976518,frh01,train,wheat,BTH,22
1976556,frh01,train,permanent meadows,PPH,22
1976566,frh01,train,corn,MIE,40
1976604,frh01,train,corn,MIE,22
1976640,frh01,train,corn,MIE,22
1976717,frh01,train,rapeseed,CZH,22
1976734,frh01,train,orchards,VRG,22
1976768,frh01,train,orchards,VRG,38
1976803,frh01,train,corn,MIE,22
1976808,frh01,train,corn,MIE,22
1976897,frh01,train,rapeseed,CZH,22
1976947,frh01,train,rapeseed,CZH,38
1976984,frh01,train,corn,MIE,22
1976995,frh01,train,orchards,VRG,22
1976996,frh01,train,orchards,VRG,22
1977028,frh01,train,corn,MIE,40
1977064,frh01,train,corn,MIE,22
1977077,frh01,train,corn,MIE,22
1977078,frh01,train,corn,MIE,22
1977080,frh01,train,corn,MIE,22
1977090,frh01,train,wheat,BTH,22
1977092,frh01,train,rapeseed,CZH,22
1977095,frh01,train,orchards,VRG,22
1977138,frh01,train,rapeseed,CZH,22
1977177,frh01,train,permanent meadows,PRL,22
1977187,frh01,train,wheat,BTH,22
1977223,frh01,train,barley,ORH,22
1977237,frh01,train,corn,MIS,22
1977270,frh01,train,corn,MIS,22
1977271,frh01,train,temporary meadows,PTR,22
1977280,frh01,train,temporary meadows,PTR,22
1977397,frh01,train,rapeseed,CZH,60
1977399,frh01,train,permanent meadows,PRL,60
1977420,frh01,train,temporary meadows,PTR,38
1977456,frh01,train,wheat,BTH,22
1977525,frh01,train,rapeseed,CZH,38
1977543,frh01,train,barley,ORP,40
1977574,frh01,train,temporary meadows,PTR,38
1977598,frh01,train,corn,MIS,22
1977601,frh01,train,rapeseed,CZH,38
1977604,frh01,train,rapeseed,CZH,38
1977605,frh01,train,rapeseed,CZH,38
1977610,frh01,train,rapeseed,CZH,38
1977612,frh01,train,wheat,BTH,47
1977637,frh01,train,temporary meadows,RGA,40
1977666,frh01,train,temporary meadows,PTR,38
1977673,frh01,train,corn,MIE,22
1977674,frh01,train,barley,ORH,22
1977704,frh01,train,temporary meadows,PTR,47
1977719,frh01,train,wheat,BTH,22
1977743,frh01,train,rapeseed,CZH,22
1977775,frh01,train,wheat,BTH,22
1977777,frh01,train,temporary meadows,RGA,22
1977784,frh01,train,corn,MIE,22
1977805,frh01,train,barley,ORH,22
1977847,frh01,train,rapeseed,CZH,22
1977849,frh01,train,wheat,BTH,22
1977874,frh01,train,corn,MIE,38
1977879,frh01,train,wheat,BTH,22
1977899,frh01,train,wheat,BTH,22
1977905,frh01,train,corn,MIE,40
1977909,frh01,train,barley,ORH,40
1977944,frh01,train,corn,MIE,40
1977981,frh01,train,orchards,VRG,38
1977991,frh01,train,corn,MIS,38
1977998,frh01,train,rapeseed,CZH,40
1978008,frh01,train,permanent meadows,PRL,40
1978060,frh01,train,permanent meadows,PPH,26
1978073,frh01,train,permanent meadows,PRL,38
1978089,frh01,train,rapeseed,CZH,40
1978094,frh01,train,rapeseed,CZH,40
1978109,frh01,train,corn,MIE,22
1978153,frh01,train,corn,MIS,38
1978178,frh01,train,rapeseed,CZH,40
1978180,frh01,train,orchards,VRG,40
1978190,frh01,train,orchards,VRG,40
1978300,frh01,train,barley,ORH,22
1978302,frh01,train,rapeseed,CZH,22
1978324,frh01,train,wheat,BTH,40
1978377,frh01,train,rapeseed,CZH,22
1978380,frh01,train,rapeseed,CZH,22
1978413,frh01,train,wheat,BTH,22
1978473,frh01,train,rapeseed,CZH,47
1978505,frh01,train,orchards,VRG,22
1978524,frh01,train,rapeseed,CZP,60
1978562,frh01,train,corn,MIE,22
1978567,frh01,train,rapeseed,CZH,22
1978587,frh01,train,permanent meadows,PPH,22
1978666,frh01,train,orchards,VRG,22
1978711,frh01,train,permanent meadows,PPH,22
1978717,frh01,train,temporary meadows,PTR,22
1978740,frh01,train,temporary meadows,PTR,40
1978791,frh01,train,wheat,BTH,60
1978797,frh01,train,permanent meadows,PPH,22
1978823,frh01,train,orchards,VRG,22
1978853,frh01,train,permanent meadows,PRL,40
1978892,frh01,train,orchards,VRG,22
1978903,frh01,train,permanent meadows,PRL,22
1978930,frh01,train,barley,ORH,40
1978983,frh01,train,rapeseed,CZH,38
1979008,frh01,train,temporary meadows,PTR,22
1979148,frh01,train,wheat,BTH,22
1979170,frh01,train,permanent meadows,PRL,22
1979189,frh01,train,barley,ORH,60
1979201,frh01,train,wheat,BTH,22
1979211,frh01,train,corn,MIE,22
1979245,frh01,train,wheat,BTH,22
1979255,frh01,train,permanent meadows,PRL,38
1979259,frh01,train,permanent meadows,PPH,38
1979263,frh01,train,wheat,BTH,47
1979327,frh01,train,orchards,VRG,38
1979446,frh01,train,wheat,BTH,38
1979460,frh01,train,corn,MIE,22
1979478,frh01,train,rapeseed,CZH,38
1979555,frh01,train,barley,ORH,22
1979566,frh01,train,rapeseed,CZH,22
1979568,frh01,train,rapeseed,CZH,22
1979594,frh01,train,orchards,VRG,22
1979599,frh01,train,barley,ORH,22
1979605,frh01,train,barley,ORH,38
1979615,frh01,train,permanent meadows,PPH,22
1979626,frh01,train,corn,MIE,22
1979631,frh01,train,rapeseed,CZH,47
1979633,frh01,train,rapeseed,CZH,38
1979634,frh01,train,rapeseed,CZH,38
1979640,frh01,train,rapeseed,CZH,47
1979704,frh01,train,permanent meadows,PRL,22
1979745,frh01,train,permanent meadows,PRL,22
1979816,frh01,train,barley,ORH,22
1979822,frh01,train,permanent meadows,PPH,22
1979824,frh01,train,corn,MIE,22
1979869,frh01,train,rapeseed,CZH,22
1979893,frh01,train,wheat,BTH,38
1979899,frh01,train,orchards,VRG,22
1979902,frh01,train,orchards,VRG,22
1979975,frh01,train,rapeseed,CZH,22
1979986,frh01,train,rapeseed,CZH,22
1979995,frh01,train,wheat,BTH,22
1980056,frh01,train,corn,MIE,38
1980076,frh01,train,barley,ORH,38
1980089,frh01,train,rapeseed,CZH,38
1980118,frh01,train,wheat,BTH,60
1980120,frh01,train,wheat,BTH,60
1980195,frh01,train,barley,ORH,22
1980201,frh01,train,wheat,BTH,22
1980214,frh01,train,rapeseed,CZH,22
1980224,frh01,train,barley,ORH,22
1980261,frh01,train,temporary meadows,RGA,40
1980271,frh01,train,barley,ORH,40
1980274,frh01,train,rapeseed,CZH,40
1980303,frh01,train,wheat,BTH,22
1980305,frh01,train,rapeseed,CZH,22
1980346,frh01,train,barley,ORH,22
1980355,frh01,train,rapeseed,CZH,40
1980379,frh01,train,wheat,BTH,22
1980382,frh01,train,wheat,BTH,22
1980397,frh01,train,temporary meadows,RGA,29
1980422,frh01,train,orchards,VRG,22
1980428,frh01,train,barley,ORH,22
1980430,frh01,train,rapeseed,CZH,22
1980432,frh01,train,rapeseed,CZH,22
1980435,frh01,train,wheat,BTH,38
1980443,frh01,train,temporary meadows,PTR,22
1980447,frh01,train,rapeseed,CZH,38
1980503,frh01,train,orchards,VRG,22
1980512,frh01,train,wheat,BTH,22
1980575,frh01,train,orchards,VRG,33
1980600,frh01,train,corn,MIS,22
1980612,frh01,train,barley,ORH,22
1980643,frh01,train,temporary meadows,PTR,38
1980646,frh01,train,temporary meadows,PTR,38
1980796,frh01,train,rapeseed,CZH,22
1980824,frh01,train,rapeseed,CZH,22
1980830,frh01,train,wheat,BTH,22
1980865,frh01,train,wheat,BTH,22
1980871,frh01,train,rapeseed,CZH,47
1980874,frh01,train,rapeseed,CZH,47
1980909,frh01,train,rapeseed,CZH,22
1980914,frh01,train,rapeseed,CZH,22
1980920,frh01,train,rapeseed,CZH,22
1980939,frh01,train,temporary meadows,PTR,38
1980944,frh01,train,wheat,BTH,38
1980947,frh01,train,rapeseed,CZH,38
1980959,frh01,train,temporary meadows,PTR,22
1980976,frh01,train,permanent meadows,PPH,22
1980978,frh01,train,temporary meadows,RGA,38
1980979,frh01,train,corn,MIE,38
1980991,frh01,train,permanent meadows,PRL,38
1981009,frh01,train,corn,MIS,22
1981013,frh01,train,rapeseed,CZH,22
1981014,frh01,train,rapeseed,CZH,22
1981144,frh01,train,permanent meadows,PPH,22
1981166,frh01,train,rapeseed,CZH,22
1981170,frh01,train,corn,MIS,22
1981204,frh01,train,barley,ORH,22
1981226,frh01,train,wheat,BTH,22
1981231,frh01,train,temporary meadows,RGA,22
1981264,frh01,train,permanent meadows,PRL,22
1981285,frh01,train,barley,ORH,22
1981286,frh01,train,barley,ORH,22
1981292,frh01,train,wheat,BTH,22
1981299,frh01,train,rapeseed,CZH,22
1981302,frh01,train,orchards,VRG,22
1981303,frh01,train,orchards,VRG,22
1981304,frh01,train,wheat,BTH,22
1981338,frh01,train,wheat,BTH,22
1981343,frh01,train,orchards,VRG,22
1981344,frh01,train,rapeseed,CZH,22
1981348,frh01,train,wheat,BTH,22
1981363,frh01,train,corn,MIE,22
1981388,frh01,train,rapeseed,CZH,22
1981441,frh01,train,rapeseed,CZH,34
1981472,frh01,train,rapeseed,CZH,40
1981489,frh01,train,orchards,VRG,47
1981491,frh01,train,permanent meadows,PRL,47
1981520,frh01,train,rapeseed,CZH,47
1981529,frh01,train,rapeseed,CZH,47
1981548,frh01,train,wheat,BTH,40
1981586,frh01,train,rapeseed,CZH,22
1981588,frh01,train,wheat,BTH,22
1981624,frh01,train,wheat,BTH,38
1981629,frh01,train,temporary meadows,RGA,40
1981656,frh01,train,barley,ORH,40
1981669,frh01,train,barley,ORH,47
1981697,frh01,train,wheat,BTH,38
1981700,frh01,train,rapeseed,CZH,38
1981833,frh01,train,temporary meadows,RGA,22
1981850,frh01,train,wheat,BTH,35
1981901,frh01,train,rapeseed,CZH,22
1981938,frh01,train,barley,ORH,22
1981939,frh01,train,barley,ORH,22
1981973,frh01,train,permanent meadows,PPH,22
1981991,frh01,train,barley,ORH,22
1982004,frh01,train,wheat,BTH,22
1982043,frh01,train,temporary meadows,RGA,28
1982075,frh01,train,temporary meadows,PTR,22
1982117,frh01,train,barley,ORH,22
1982130,frh01,train,barley,ORH,22
1982150,frh01,train,rapeseed,CZH,38
1982181,frh01,train,orchards,VRG,22
1982182,frh01,train,orchards,VRG,22
1982183,frh01,train,orchards,VRG,22
1982184,frh01,train,orchards,VRG,22
1982185,frh01,train,orchards,VRG,22
1982186,frh01,train,permanent meadows,PPH,22
1982204,frh01,train,orchards,VRG,22
1982212,frh01,train,wheat,BTH,22
1982234,frh01,train,permanent meadows,PPH,22
1982257,frh01,train,rapeseed,CZH,38
1982273,frh01,train,corn,MIS,22
1982278,frh01,train,wheat,BTH,22
1982290,frh01,train,wheat,BTH,22
1982299,frh01,train,corn,MIE,38
1982315,frh01,train,barley,ORH,38
1982316,frh01,train,corn,MIS,38
1982317,frh01,train,corn,MIS,38
1982380,frh01,train,rapeseed,CZH,22
1982435,frh01,train,corn,MIS,60
1982525,frh01,train,barley,ORH,40
1982531,frh01,train,corn,MIE,38
1982533,frh01,train,barley,ORH,38
1982560,frh01,train,corn,MIS,22
1982591,frh01,train,wheat,BTH,22
1982683,frh01,train,corn,MIS,22
1982696,frh01,train,rapeseed,CZH,47
1982717,frh01,train,rapeseed,CZH,60
1982765,frh01,train,wheat,BTH,40
1982812,frh01,train,corn,MIE,22
1982820,frh01,train,wheat,BTH,60
1982856,frh01,train,corn,MIS,22
1982858,frh01,train,rapeseed,CZH,22
1982865,frh01,train,corn,MIS,22
1982873,frh01,train,wheat,BTH,22
1982908,frh01,train,rapeseed,CZH,22
1982927,frh01,train,orchards,VRG,22
1982931,frh01,train,wheat,BTH,22
1982965,frh01,train,corn,MIS,22
1982971,frh01,train,permanent meadows,PPH,22
1982977,frh01,train,corn,MIS,22
1982980,frh01,train,rapeseed,CZH,22
1982992,frh01,train,barley,ORH,38
1983000,frh01,train,wheat,BTH,60
1983143,frh01,train,orchards,VRG,22
1983150,frh01,train,corn,MIS,22
1983181,frh01,train,rapeseed,CZH,22
1983188,frh01,train,corn,MIS,22
1983196,frh01,train,wheat,BTH,22
1983230,frh01,train,wheat,BTH,22
1983232,frh01,train,wheat,BTH,22
1983285,frh01,train,rapeseed,CZH,22
1983298,frh01,train,barley,ORH,40
1983339,frh01,train,temporary meadows,PTR,22
1983358,frh01,train,rapeseed,CZH,22
1983416,frh01,train,rapeseed,CZH,60
1983431,frh01,train,orchards,PFR,47
1983436,frh01,train,rapeseed,CZH,40
1983479,frh01,train,corn,MIS,40
1983482,frh01,train,wheat,BTH,22
1983505,frh01,train,orchards,PFR,47
1983506,frh01,train,orchards,PFR,47
1983509,frh01,train,orchards,PFR,47
1983514,frh01,train,orchards,PFR,47
1983523,frh01,train,orchards,PFR,47
1983552,frh01,train,barley,ORH,40
1983618,frh01,train,orchards,VRG,22
1983636,frh01,train,rapeseed,CZH,22
1983645,frh01,train,wheat,BTH,22
1983661,frh01,train,wheat,BTH,24
1983767,frh01,train,corn,MIS,55
1983842,frh01,train,wheat,BTH,55
1983848,frh01,train,barley,ORH,55
1983852,frh01,train,barley,ORH,55
1983878,frh01,train,corn,MIE,22
1983963,frh01,train,temporary meadows,RGA,22
1984011,frh01,train,wheat,BTH,22
1984030,frh01,train,rapeseed,CZH,40
1984060,frh01,train,wheat,BTH,22
1984063,frh01,train,rapeseed,CZH,22
1984092,frh01,train,corn,MIS,40
1984103,frh01,train,rapeseed,CZH,22
1984158,frh01,train,wheat,BTH,40
1984172,frh01,train,rapeseed,CZH,22
1984174,frh01,train,rapeseed,CZH,22
1984193,frh01,train,orchards,VRG,22
1984199,frh01,train,wheat,BTH,22
1984202,frh01,train,orchards,VRG,22
1984227,frh01,train,permanent meadows,PPH,22
1984254,frh01,train,barley,ORH,22
1984284,frh01,train,orchards,VRG,22
1984285,frh01,train,orchards,VRG,22
1984292,frh01,train,orchards,VRG,22
1984310,frh01,train,rapeseed,CZH,22
1984357,frh01,train,rapeseed,CZH,22
1984377,frh01,train,rapeseed,CZH,22
1984406,frh01,train,rapeseed,CZH,22
1984436,frh01,train,corn,MIE,40
1984445,frh01,train,wheat,BTH,38
1984458,frh01,train,orchards,VRG,22
1984460,frh01,train,wheat,BTH,22
1984485,frh01,train,orchards,VRG,38
1984636,frh01,train,wheat,BTH,22
1984657,frh01,train,temporary meadows,PTR,22
1984688,frh01,train,rapeseed,CZH,38
1984691,frh01,train,wheat,BTH,47
1984692,frh01,train,barley,ORH,38
1984696,frh01,train,wheat,BTH,22
1984704,frh01,train,permanent meadows,PRL,40
1984709,frh01,train,corn,MIE,40
1984724,frh01,train,temporary meadows,PTR,38
1984734,frh01,train,permanent meadows,PPH,22
1984752,frh01,train,orchards,VRG,38
1984790,frh01,train,rapeseed,CZH,40
1984809,frh01,train,permanent meadows,PRL,40
1984918,frh01,train,permanent meadows,PPH,55
1984989,frh01,train,temporary meadows,PTR,47
1985052,frh01,train,permanent meadows,PRL,40
1985056,frh01,train,temporary meadows,PTR,40
1985146,frh01,train,corn,MIE,40
1985210,frh01,train,wheat,BTH,22
1985214,frh01,train,orchards,VRG,55
1985217,frh01,train,wheat,BTH,31
1985236,frh01,train,orchards,VRG,35
1985246,frh01,train,wheat,BTH,22
1985270,frh01,train,wheat,BTH,22
1985323,frh01,train,barley,ORH,22
1985331,frh01,train,barley,ORH,22
1985334,frh01,train,barley,ORH,22
1985420,frh01,train,rapeseed,CZH,60
1985425,frh01,train,rapeseed,CZH,60
1985426,frh01,train,wheat,BTH,60
1985437,frh01,train,barley,ORH,38
1985459,frh01,train,rapeseed,CZH,60
1985461,frh01,train,rapeseed,CZH,47
1985471,frh01,train,rapeseed,CZH,47
1985487,frh01,train,wheat,BTH,38
1985520,frh01,train,wheat,BTH,38
1985528,frh01,train,orchards,VRG,38
1985557,frh01,train,wheat,BTH,40
1985572,frh01,train,permanent meadows,PRL,60
1985588,frh01,train,rapeseed,CZH,60
1985591,frh01,train,wheat,BTH,60
1985610,frh01,train,barley,ORH,40
1985611,frh01,train,wheat,BTH,40
1985631,frh01,train,rapeseed,CZH,40
1985689,frh01,train,wheat,BTH,40
1985700,frh01,train,wheat,BTH,40
1985737,frh02,train,rapeseed,CZH,38
1985738,frh02,train,barley,ORH,38
1985740,frh02,train,barley,ORH,38
1985753,frh01,train,corn,MIS,22
1985757,frh01,train,wheat,BTH,22
1985759,frh01,train,permanent meadows,PPH,22
1985802,frh01,train,wheat,BTH,40
1985846,frh01,train,wheat,BTH,22
1985871,frh01,train,permanent meadows,PRL,22
1985910,frh01,train,corn,MIE,22
1985921,frh01,train,rapeseed,CZH,22
1985947,frh01,train,rapeseed,CZH,22
1985970,frh01,train,orchards,VRG,22
1985972,frh01,train,rapeseed,CZH,60
1985973,frh01,train,rapeseed,CZH,60
1985991,frh01,train,corn,MIS,22
1986005,frh01,train,rapeseed,CZH,22
1986007,frh01,train,rapeseed,CZH,22
1986020,frh01,train,corn,MIS,22
1986041,frh01,train,temporary meadows,PTR,22
1986060,frh01,train,rapeseed,CZH,22
1986101,frh01,train,wheat,BTH,22
1986117,frh01,train,wheat,BTH,22
1986119,frh01,train,rapeseed,CZH,22
1986207,frh01,train,orchards,VRG,22
1986240,frh01,train,rapeseed,CZH,22
1986253,frh01,train,permanent meadows,PRL,22
1986254,frh01,train,barley,ORH,22
1986255,frh01,train,corn,MIS,22
1986296,frh01,train,corn,MIS,22
1986344,frh01,train,barley,ORH,38
1986350,frh01,train,rapeseed,CZH,38
1986372,frh01,train,wheat,BTH,22
1986429,frh01,train,rapeseed,CZH,22
1986452,frh01,train,rapeseed,CZH,22
1986458,frh01,train,rapeseed,CZH,22
1986470,frh01,train,wheat,BTH,22
1986471,frh01,train,wheat,BTH,22
1986502,frh01,train,temporary meadows,PTR,38
1986520,frh01,train,orchards,VRG,47
1986522,frh01,train,orchards,VRG,47
1986523,frh01,train,orchards,VRG,47
1986525,frh01,train,orchards,VRG,47
1986526,frh01,train,orchards,VRG,47
1986527,frh01,train,orchards,VRG,38
1986528,frh01,train,orchards,VRG,47
1986529,frh01,train,orchards,VRG,47
1986530,frh01,train,orchards,VRG,38
1986531,frh01,train,orchards,VRG,47
1986559,frh01,train,barley,ORH,22
1986568,frh01,train,rapeseed,CZH,22
1986599,frh01,train,wheat,BTH,35
1986602,frh01,train,orchards,VRG,47
1986603,frh01,train,orchards,VRG,65
1986604,frh01,train,orchards,VRG,47
1986605,frh01,train,orchards,VRG,47
1986774,frh01,train,permanent meadows,PRL,22
1986776,frh01,train,rapeseed,CZH,22
1986842,frh01,train,barley,ORH,38
1986965,frh01,train,wheat,BTH,22
1986973,frh01,train,permanent meadows,PRL,38
1987006,frh01,train,rapeseed,CZH,22
1987009,frh01,train,barley,ORH,22
1987027,frh01,train,temporary meadows,PTR,22
1987093,frh01,train,orchards,VRG,22
1987170,frh01,train,permanent meadows,PRL,22
1987197,frh01,train,orchards,VRG,30
1987267,frh01,train,permanent meadows,PPH,38
1987382,frh01,train,corn,MIE,22
1987406,frh01,train,corn,MIE,38
1987413,frh01,train,corn,MIE,38
1987430,frh01,train,orchards,VRG,22
1987464,frh01,train,corn,MIS,60
1987469,frh01,train,corn,MIE,22
1987475,frh01,train,wheat,BTH,22
1987521,frh01,train,rapeseed,CZH,22
1987528,frh01,train,wheat,BTH,22
1987554,frh01,train,wheat,BTH,22
1987562,frh01,train,rapeseed,CZH,22
1987655,frh01,train,barley,ORH,38
1987675,frh01,train,wheat,BTH,22
1987678,frh01,train,rapeseed,CZH,22
1987679,frh01,train,rapeseed,CZH,22
1987683,frh01,train,wheat,BTH,22
1987706,frh01,train,wheat,BTH,55
1987720,frh01,train,orchards,VRG,55
1987757,frh01,train,orchards,VRG,22
1987763,frh01,train,permanent meadows,PPH,22
1987776,frh01,train,permanent meadows,PPH,47
1987813,frh01,train,wheat,BTH,22
1987834,frh01,train,barley,ORH,38
1987846,frh01,train,permanent meadows,PPH,47
1988036,frh01,train,temporary meadows,RGA,22
1988064,frh01,train,rapeseed,CZH,38
1988073,frh01,train,wheat,BTH,60
1988075,frh01,train,rapeseed,CZH,55
1988120,frh01,train,corn,MIS,22
1988122,frh01,train,corn,MIS,22
1988128,frh01,train,orchards,VRG,22
1988132,frh01,train,rapeseed,CZH,22
1988208,frh01,train,rapeseed,CZH,22
1988240,frh01,train,temporary meadows,RGA,22
1988290,frh01,train,barley,ORH,22
1988310,frh01,train,barley,ORH,22
1988377,frh01,train,wheat,BTH,40
1988391,frh01,train,temporary meadows,PTR,22
1988392,frh01,train,rapeseed,CZH,22
1988469,frh01,train,wheat,BTH,22
1988471,frh01,train,wheat,BTH,22
1988482,frh01,train,orchards,VRG,22
1988523,frh01,train,corn,MIE,22
1988539,frh01,train,wheat,BTH,22
1988556,frh01,train,permanent meadows,PRL,22
1988631,frh01,train,barley,ORH,22
1988647,frh01,train,permanent meadows,PPH,47
1988702,frh01,train,permanent meadows,PPH,22
1988727,frh01,train,orchards,VRG,22
1988729,frh01,train,rapeseed,CZH,22
1988767,frh01,train,corn,MIE,55
1988805,frh01,train,corn,MIE,22
1988821,frh01,train,rapeseed,CZH,22
1988823,frh01,train,wheat,BTH,22
1988857,frh01,train,corn,MIE,22
1988863,frh01,train,rapeseed,CZH,22
1988885,frh01,train,permanent meadows,PRL,22
1988895,frh01,train,orchards,VRG,22
1988944,frh01,train,rapeseed,CZH,60
1988961,frh01,train,corn,MIE,60
1988968,frh01,train,rapeseed,CZH,22
1989050,frh01,train,rapeseed,CZH,22
1989087,frh01,train,barley,ORH,22
1989095,frh01,train,temporary meadows,PTR,22
1989136,frh01,train,orchards,VRG,22
1989197,frh01,train,permanent meadows,PRL,38
1989211,frh01,train,rapeseed,CZH,22
1989217,frh01,train,rapeseed,CZH,22
1989222,frh01,train,wheat,BTH,38
1989235,frh01,train,wheat,BTH,22
1989251,frh01,train,orchards,VRG,22
1989276,frh01,train,wheat,BTH,38
1989300,frh01,train,corn,MIS,22
1989318,frh01,train,barley,ORP,22
1989323,frh01,train,rapeseed,CZH,22
1989338,frh01,train,barley,ORH,22
1989395,frh01,train,wheat,BTH,22
1989399,frh01,train,rapeseed,CZH,22
1989405,frh01,train,wheat,BTH,22
1989424,frh01,train,barley,ORH,22
1989454,frh01,train,permanent meadows,PRL,38
1989470,frh01,train,wheat,BTH,22
1989474,frh01,train,permanent meadows,PRL,38
1989499,frh01,train,corn,MIE,40
1989595,frh01,train,rapeseed,CZH,60
1989596,frh01,train,rapeseed,CZH,60
1989597,frh01,train,barley,ORH,60
1989632,frh01,train,rapeseed,CZH,23
1989644,frh01,train,wheat,BTH,22
1989679,frh01,train,barley,ORH,60
1989693,frh01,train,rapeseed,CZH,60
1989722,frh01,train,rapeseed,CZH,60
1989770,frh01,train,orchards,VRG,22
1989771,frh01,train,wheat,BTH,22
1989853,frh01,train,wheat,BTH,22
1989862,frh01,train,temporary meadows,PTR,22
1989890,frh01,train,barley,ORH,38
1989923,frh01,train,wheat,BTH,38
1990046,frh01,train,temporary meadows,PTR,22
1990184,frh01,train,corn,MIE,22
1990201,frh01,train,permanent meadows,PRL,22
1990240,frh01,train,wheat,BTH,40
1990270,frh01,train,permanent meadows,PPH,22
1990275,frh01,train,corn,MIE,22
1990293,frh01,train,rapeseed,CZH,40
1990310,frh01,train,temporary meadows,PTR,22
1990319,frh01,train,wheat,BTH,47
1990327,frh01,train,temporary meadows,RGA,47
1990329,frh01,train,wheat,BTH,47
1990402,frh01,train,rapeseed,CZH,22
1990426,frh01,train,corn,MIE,22
1990452,frh01,train,wheat,BTH,22
1990467,frh01,train,rapeseed,CZH,22
1990475,frh01,train,wheat,BTH,22
1990480,frh01,train,corn,MIE,22
1990524,frh01,train,corn,MIE,22
1990546,frh01,train,wheat,BTH,22
1990566,frh01,train,rapeseed,CZH,22
1990627,frh01,train,barley,ORH,22
1990779,frh01,train,corn,MIS,38
1990792,frh01,train,barley,ORH,47
1990827,frh01,train,corn,MIE,40
1990828,frh01,train,wheat,BTH,40
1990835,frh01,train,corn,MIE,40
1990894,frh01,train,corn,MIE,38
1990943,frh01,train,rapeseed,CZH,38
1990944,frh01,train,temporary meadows,RGA,38
1991020,frh01,train,permanent meadows,PPH,38
1991044,frh01,train,orchards,VRG,38
1991045,frh01,train,corn,MIE,38
1991049,frh01,train,temporary meadows,PTR,38
1991175,frh01,train,temporary meadows,RGA,38
1991240,frh01,train,rapeseed,CZH,22
1991327,frh01,train,barley,ORH,55
1991330,frh01,train,orchards,VRG,55
1991362,frh01,train,rapeseed,CZH,22
1991376,frh01,train,permanent meadows,PPH,38
1991416,frh01,train,wheat,BTH,55
1991422,frh01,train,rapeseed,CZH,22
1991578,frh01,train,corn,MIE,38
1991603,frh01,train,corn,MIE,55
1991629,frh01,train,wheat,BTH,47
1991674,frh01,train,temporary meadows,PTR,38
1991708,frh01,train,rapeseed,CZH,22
1991745,frh01,train,temporary meadows,PTR,38
1991750,frh01,train,rapeseed,CZH,65
1991754,frh01,train,rapeseed,CZH,60
1991770,frh01,train,orchards,VRG,60
1991774,frh01,train,rapeseed,CZH,60
1991826,frh01,train,wheat,BTH,38
1991855,frh01,train,corn,MIS,55
1991906,frh01,train,temporary meadows,RGA,22
1991969,frh01,train,permanent meadows,PPH,38
1991998,frh01,train,barley,ORH,22
1992095,frh01,train,orchards,VRG,22
1992141,frh01,train,barley,ORH,60
1992155,frh01,train,corn,MIE,38
1992170,frh01,train,permanent meadows,PPH,38
1992173,frh01,train,wheat,BTH,22
1992175,frh01,train,wheat,BTH,22
1992222,frh01,train,orchards,VRG,22
1992285,frh01,train,corn,MIE,47
1992296,frh01,train,corn,MIE,47
1992349,frh01,train,wheat,BTH,60
1992359,frh01,train,wheat,BTH,22
1992370,frh01,train,permanent meadows,PRL,22
1992418,frh01,train,wheat,BTH,47
1992470,frh01,train,corn,MIS,38
1992630,frh01,train,rapeseed,CZH,38
1992653,frh01,train,rapeseed,CZH,30
1992654,frh01,train,rapeseed,CZH,30
1992741,frh01,train,barley,ORP,39
1992749,frh01,train,wheat,BTH,36
1992782,frh01,train,temporary meadows,PTR,38
1992812,frh01,train,temporary meadows,PTR,47
1992825,frh01,train,barley,ORH,22
1992916,frh01,train,barley,ORH,22
1992917,frh01,train,wheat,BTH,22
1992935,frh01,train,barley,ORH,40
1992941,frh01,train,rapeseed,CZH,60
1993018,frh01,train,orchards,VRG,40
1993037,frh01,train,orchards,VRG,34
1993047,frh01,train,temporary meadows,PTR,40
1993073,frh01,train,rapeseed,CZH,47
1993091,frh01,train,corn,MIE,38
1993109,frh01,train,temporary meadows,PTR,22
1993126,frh01,train,wheat,BTH,40
1993133,frh01,train,rapeseed,CZH,38
1993194,frh01,train,barley,ORH,22
1993199,frh01,train,rapeseed,CZH,22
1993225,frh01,train,barley,ORH,22
1993235,frh01,train,barley,ORH,22
1993236,frh01,train,barley,ORH,22
1993253,frh01,train,rapeseed,CZH,38
1993271,frh01,train,rapeseed,CZH,38
1993274,frh01,train,rapeseed,CZH,22
1993330,frh01,train,rapeseed,CZH,22
1993344,frh01,train,rapeseed,CZH,38
1993352,frh01,train,rapeseed,CZH,22
1993368,frh01,train,wheat,BTH,22
1993383,frh01,train,barley,ORH,22
1993406,frh01,train,rapeseed,CZH,40
1993436,frh01,train,permanent meadows,PPH,22
1993439,frh01,train,barley,ORH,22
1993492,frh01,train,rapeseed,CZH,47
1993558,frh01,train,temporary meadows,PTR,22
1993565,frh01,train,corn,MIS,40
1993609,frh01,train,permanent meadows,PPH,47
1993679,frh01,train,rapeseed,CZH,40
1993683,frh01,train,orchards,VRG,40
1993688,frh01,train,wheat,BTH,40
1993689,frh01,train,rapeseed,CZH,40
1993692,frh01,train,barley,ORH,47
1993717,frh01,train,permanent meadows,PRL,47
1993738,frh01,train,rapeseed,CZH,40
1993743,frh01,train,rapeseed,CZH,40
1993771,frh01,train,orchards,VRG,40
1993772,frh01,train,orchards,VRG,40
1993773,frh01,train,rapeseed,CZH,22
1993780,frh01,train,rapeseed,CZH,22
1993783,frh01,train,barley,ORH,40
1993787,frh01,train,permanent meadows,PPH,40
1993812,frh01,train,corn,MIS,47
1993824,frh01,train,wheat,BTH,38
1993859,frh01,train,rapeseed,CZH,60
1993898,frh01,train,orchards,VRG,22
1993902,frh01,train,barley,ORH,22
1994016,frh01,train,barley,ORH,38
1994044,frh01,train,wheat,BTH,22
1994060,frh01,train,temporary meadows,PTR,22
1994062,frh01,train,barley,ORH,22
1994064,frh01,train,orchards,VRG,22
1994068,frh01,train,rapeseed,CZH,22
1994098,frh01,train,corn,MIE,38
1994102,frh01,train,rapeseed,CZH,38
1994106,frh01,train,rapeseed,CZH,38
1994108,frh01,train,rapeseed,CZH,38
1994113,frh01,train,barley,ORH,38
1994191,frh01,train,orchards,VRG,22
1994256,frh01,train,wheat,BTH,40
1994272,frh01,train,barley,ORH,22
1994274,frh01,train,barley,ORH,22
1994288,frh01,train,permanent meadows,PRL,22
1994332,frh01,train,orchards,VRG,22
1994333,frh01,train,orchards,VRG,22
1994336,frh01,train,permanent meadows,PRL,22
1994339,frh01,train,rapeseed,CZH,22
1994354,frh01,train,rapeseed,CZH,22
1994359,frh01,train,rapeseed,CZH,22
1994403,frh01,train,barley,ORH,55
1994421,frh01,train,orchards,VRG,22
1994469,frh01,train,rapeseed,CZH,22
1994536,frh01,train,temporary meadows,PTR,38
1994558,frh01,train,corn,MIE,47
1994573,frh01,train,permanent meadows,PRL,47
1994585,frh01,train,rapeseed,CZH,40
1994593,frh01,train,corn,MIE,40
1994596,frh01,train,corn,MIE,40
1994634,frh01,train,barley,ORH,38
1994638,frh01,train,temporary meadows,PTR,38
1994641,frh01,train,orchards,VRG,38
1994659,frh01,train,barley,ORH,47
1994683,frh01,train,temporary meadows,PTR,40
1994689,frh01,train,corn,MIS,55
1994692,frh01,train,wheat,BTH,60
1994712,frh01,train,barley,ORH,65
1994754,frh01,train,corn,MIE,47
1994772,frh01,train,permanent meadows,PPH,55
1994774,frh01,train,wheat,BTH,60
1994786,frh01,train,barley,ORH,60
1994849,frh01,train,corn,MIE,22
1994911,frh01,train,barley,ORH,38
1994952,frh01,train,permanent meadows,PRL,47
1995059,frh01,train,wheat,BTH,38
1995074,frh01,train,barley,ORH,38
1995078,frh01,train,temporary meadows,PTR,22
1995095,frh01,train,barley,ORH,55
1995096,frh01,train,barley,ORH,55
1995138,frh01,train,barley,ORH,38
1995178,frh01,train,barley,ORH,47
1995260,frh01,train,wheat,BTH,38
1995315,frh01,train,corn,MIE,40
1995336,frh01,train,permanent meadows,PRL,65
1995400,frh01,train,orchards,VRG,22
1995416,frh01,train,corn,MIS,40
1995497,frh01,train,wheat,BTH,22
1995505,frh01,train,rapeseed,CZH,22
1995515,frh01,train,orchards,VRG,40
1995527,frh01,train,wheat,BTH,22
1995553,frh01,train,corn,MIE,38
1995590,frh01,train,rapeseed,CZH,22
1995623,frh01,train,rapeseed,CZH,60
1995633,frh01,train,barley,ORH,60
1995640,frh01,train,orchards,VRG,60
1995685,frh01,train,orchards,VRG,47
1995686,frh01,train,orchards,VRG,47
1995718,frh01,train,rapeseed,CZH,60
1995720,frh01,train,wheat,BTH,38
1995727,frh01,train,rapeseed,CZH,60
1995731,frh01,train,corn,MIS,38
1995753,frh01,train,permanent meadows,PRL,60
1995782,frh01,train,barley,ORH,47
1995828,frh01,train,permanent meadows,PPH,38
1995856,frh01,train,rapeseed,CZH,47
1995870,frh01,train,temporary meadows,RGA,47
1995919,frh01,train,rapeseed,CZH,38
1995979,frh01,train,rapeseed,CZH,22
1995997,frh01,train,barley,ORH,38
1996129,frh01,train,orchards,VRG,22
1996135,frh01,train,orchards,VRG,22
1996207,frh01,train,barley,ORH,47
1996221,frh01,train,barley,ORH,47
1996248,frh01,train,orchards,VRG,60
1996257,frh01,train,barley,ORP,60
1996283,frh01,train,rapeseed,CZH,40
1996295,frh01,train,barley,ORH,47
1996309,frh01,train,barley,ORH,47
1996411,frh01,train,rapeseed,CZH,38
1996459,frh01,train,permanent meadows,PPH,38
1996460,frh01,train,wheat,BTH,38
1996499,frh01,train,wheat,BTH,38
1996529,frh01,train,temporary meadows,PTR,65
1996580,frh01,train,rapeseed,CZH,38
1996581,frh01,train,rapeseed,CZH,38
1996590,frh01,train,temporary meadows,PTR,65
1996684,frh01,train,wheat,BTH,65
1996801,frh01,train,corn,MIE,37
1996835,frh01,train,permanent meadows,PRL,22
1996838,frh01,train,corn,MIE,38
1996875,frh01,train,barley,ORH,38
1996888,frh01,train,corn,MIE,40
1996930,frh01,train,permanent meadows,PPH,38
1997035,frh01,train,barley,ORH,22
1997043,frh01,train,permanent meadows,PPH,38
1997063,frh01,train,corn,MIE,38
1997080,frh01,train,corn,MIE,47
1997088,frh01,train,rapeseed,CZH,40
1997120,frh01,train,rapeseed,CZH,22
1997393,frh01,train,wheat,BTH,22
1997435,frh01,train,corn,MIE,22
1997458,frh01,train,orchards,VRG,40
1997492,frh01,train,barley,ORH,22
1997532,frh01,train,permanent meadows,PPH,22
1997551,frh01,train,temporary meadows,PTR,40
1997564,frh01,train,barley,ORH,40
1997582,frh01,train,permanent meadows,PPH,40
1997599,frh01,train,barley,ORH,38
1997616,frh01,train,wheat,BTH,22
1997639,frh01,train,corn,MIE,29
1997729,frh01,train,wheat,BTH,47
1997759,frh01,train,temporary meadows,RGA,38
1997766,frh01,train,wheat,BTH,22
1997774,frh01,train,wheat,BTH,22
1997785,frh01,train,temporary meadows,PTR,38
1997806,frh01,train,orchards,VRG,22
1997826,frh01,train,permanent meadows,PRL,47
1997921,frh01,train,orchards,VRG,47
1997948,frh01,train,temporary meadows,RGA,38
1997967,frh01,train,temporary meadows,RGA,47
1997971,frh01,train,wheat,BTH,60
1997979,frh01,train,permanent meadows,PPH,38
1997995,frh01,train,permanent meadows,PRL,38
1998048,frh01,train,rapeseed,CZH,60
1998072,frh01,train,permanent meadows,PRL,38
1998143,frh01,train,temporary meadows,RGA,47
1998158,frh01,train,permanent meadows,PRL,38
1998173,frh01,train,wheat,BTH,38
1998182,frh01,train,temporary meadows,PTR,38
1998243,frh01,train,wheat,BTH,40
1998258,frh01,train,permanent meadows,PPH,22
1998275,frh01,train,permanent meadows,PPH,22
1998322,frh01,train,temporary meadows,PTR,60
1998329,frh01,train,corn,MIS,60
1998335,frh01,train,rapeseed,CZH,38
1998339,frh01,train,rapeseed,CZH,38
1998358,frh01,train,temporary meadows,PTR,38
1998454,frh01,train,permanent meadows,PPH,60
1998511,frh01,train,rapeseed,CZH,38
1998542,frh01,train,corn,MIE,38
1998550,frh01,train,corn,MIE,60
1998551,frh01,train,temporary meadows,RGA,60
1998583,frh01,train,corn,MIE,38
1998591,frh01,train,rapeseed,CZH,38
1998702,frh01,train,corn,MIE,27
1998790,frh01,train,wheat,BTH,47
1998791,frh01,train,wheat,BTH,47
1998796,frh01,train,corn,MIE,38
1998858,frh01,train,wheat,BTH,55
1998898,frh01,train,temporary meadows,PTR,60
1998917,frh01,train,temporary meadows,PTR,47
1999067,frh01,train,wheat,BTH,38
1999068,frh01,train,rapeseed,CZH,38
1999090,frh01,train,corn,MIE,65
1999148,frh01,train,permanent meadows,PRL,60
1999169,frh01,train,rapeseed,CZH,47
1999207,frh01,train,temporary meadows,RGA,40
1999209,frh01,train,temporary meadows,RGA,40
1999215,frh01,train,permanent meadows,PRL,40
1999217,frh01,train,wheat,BTH,40
1999230,frh01,train,permanent meadows,PPH,60
1999233,frh01,train,temporary meadows,RGA,60
1999237,frh01,train,permanent meadows,PRL,60
1999258,frh01,train,corn,MIE,60
1999277,frh01,train,corn,MIE,38
1999363,frh01,train,corn,MIE,38
1999402,frh01,train,corn,MIE,55
1999433,frh01,train,corn,MIE,38
1999473,frh01,train,corn,MIS,22
1999484,frh01,train,barley,ORH,60
1999492,frh01,train,rapeseed,CZH,22
1999509,frh01,train,wheat,BTH,40
1999607,frh01,train,corn,MIE,47
1999614,frh01,train,barley,ORH,38
1999622,frh01,train,barley,ORP,38
1999710,frh01,train,wheat,BTH,22
1999716,frh01,train,orchards,VRG,22
1999724,frh01,train,rapeseed,CZH,22
1999729,frh01,train,rapeseed,CZH,22
1999747,frh01,train,permanent meadows,PPH,38
1999810,frh01,train,orchards,VRG,22
1999887,frh01,train,temporary meadows,PTR,22
1999900,frh01,train,barley,ORH,55
1999942,frh01,train,wheat,BTH,22
1999962,frh01,train,permanent meadows,PPH,38
1999998,frh01,train,barley,ORH,55
2000008,frh01,train,wheat,BTH,55
2000160,frh01,train,wheat,BTH,47
2000187,frh01,train,orchards,VRG,22
2000191,frh01,train,barley,ORH,22
2000225,frh01,train,barley,ORH,38
2000256,frh01,train,permanent meadows,PPH,47
2000276,frh01,train,corn,MIE,27
2000362,frh01,train,wheat,BTH,40
2000396,frh01,train,orchards,VRG,55
2000404,frh01,train,corn,MIE,22
2000448,frh01,train,corn,MIE,38
2000490,frh01,train,permanent meadows,PPH,37
2000575,frh01,train,rapeseed,CZH,22
2000581,frh01,train,permanent meadows,PPH,38
2000623,frh01,train,permanent meadows,PPH,38
2000653,frh01,train,orchards,VRG,22
2000706,frh01,train,corn,MIE,38
2000726,frh01,train,wheat,BTH,22
2000768,frh01,train,corn,MIE,38
2000809,frh01,train,rapeseed,CZH,38
2000843,frh01,train,permanent meadows,PRL,38
2000928,frh01,train,rapeseed,CZH,40
2000941,frh01,train,wheat,BTH,40
2000993,frh01,train,corn,MIS,60
2001030,frh01,train,temporary meadows,PTR,38
2001126,frh01,train,barley,ORH,22
2001232,frh01,train,barley,ORP,38
2001246,frh01,train,wheat,BTH,47
2001304,frh01,train,wheat,BTH,60
2001335,frh01,train,wheat,BTH,47
2001341,frh02,train,temporary meadows,PTR,38
2001385,frh01,train,temporary meadows,PTR,38
2001422,frh01,train,corn,MIE,38
2001442,frh01,train,temporary meadows,RGA,47
2001449,frh01,train,temporary meadows,RGA,47
2001479,frh01,train,permanent meadows,PRL,47
2001517,frh01,train,temporary meadows,RGA,38
2001548,frh01,train,wheat,BTH,47
2001652,frh01,train,rapeseed,CZH,47
2001659,frh01,train,orchards,VRG,22
2001676,frh01,train,permanent meadows,PPH,65
2001692,frh01,train,permanent meadows,PRL,22
2001699,frh01,train,temporary meadows,RGA,22
2001700,frh01,train,orchards,VRG,22
2001805,frh01,train,orchards,VRG,22
2001939,frh01,train,barley,ORH,38
2001956,frh01,train,corn,MIS,22
2001957,frh01,train,orchards,VRG,22
2001989,frh01,train,permanent meadows,PPH,38
2002007,frh01,train,wheat,BTH,38
2002062,frh01,train,wheat,BTH,22
2002085,frh01,train,wheat,BTH,38
2002090,frh01,train,wheat,BTH,38
2002101,frh01,train,temporary meadows,RGA,60
2002123,frh01,train,barley,ORH,55
2002126,frh01,train,barley,ORH,55
2002129,frh01,train,barley,ORH,55
2002169,frh01,train,orchards,VRG,38
2002252,frh01,train,temporary meadows,RGA,40
2002261,frh01,train,temporary meadows,RGA,47
2002290,frh01,train,barley,ORH,22
2002295,frh01,train,orchards,VRG,38
2002306,frh01,train,permanent meadows,PPH,47
2002314,frh01,train,wheat,BTH,47
2002400,frh01,train,permanent meadows,PRL,38
2002499,frh01,train,rapeseed,CZH,22
2002546,frh01,train,barley,ORH,38
2002577,frh01,train,barley,ORH,38
2002599,frh01,train,wheat,BTH,47
2002604,frh01,train,rapeseed,CZH,47
2002615,frh01,train,rapeseed,CZH,55
2002650,frh01,train,temporary meadows,PTR,38
2002663,frh01,train,orchards,VRG,55
2002664,frh01,train,orchards,VRG,55
2002699,frh01,train,barley,ORH,47
2002798,frh01,train,wheat,BTH,22
2002829,frh01,train,wheat,BTH,38
2002892,frh01,train,barley,ORP,40
2002993,frh01,train,orchards,VRG,55
2003004,frh01,train,temporary meadows,PTR,40
2003062,frh01,train,corn,MIE,40
2003079,frh01,train,corn,MIS,40
2003121,frh01,train,temporary meadows,PTR,38
2003125,frh01,train,orchards,VRG,38
2003148,frh01,train,wheat,BTH,40
2003151,frh01,train,corn,MIE,47
2003173,frh01,train,corn,MIS,22
2003182,frh01,train,wheat,BTH,55
2003191,frh01,train,wheat,BTH,47
2003226,frh01,train,corn,MIE,60
2003253,frh01,train,temporary meadows,PTR,38
2003341,frh01,train,permanent meadows,PPH,38
2003407,frh01,train,wheat,BTH,22
2003413,frh01,train,corn,MIE,22
2003447,frh01,train,temporary meadows,PTR,38
2003549,frh01,train,barley,ORH,40
2003566,frh01,train,temporary meadows,PTR,38
2003602,frh01,train,temporary meadows,PTR,22
2003615,frh01,train,permanent meadows,PRL,60
2003649,frh01,train,corn,MIE,38
2003663,frh01,train,temporary meadows,PTR,38
2003676,frh01,train,barley,ORP,22
2003684,frh01,train,rapeseed,CZH,22
2003751,frh01,train,wheat,BTH,38
2003758,frh01,train,temporary meadows,PTR,38
2003769,frh01,train,permanent meadows,PRL,38
2003809,frh01,train,barley,ORH,22
2003877,frh01,train,barley,ORH,38
2003908,frh01,train,barley,ORH,38
2003964,frh01,train,wheat,BTH,22
2004008,frh01,train,barley,ORH,38
2004013,frh01,train,temporary meadows,RGA,38
2004043,frh01,train,wheat,BTH,22
2004044,frh01,train,corn,MIS,22
2004059,frh01,train,barley,ORH,38
2004071,frh01,train,barley,ORH,40
2004126,frh01,train,corn,MIE,38
2004150,frh01,train,permanent meadows,PRL,22
2004157,frh01,train,permanent meadows,PRL,22
2004178,frh01,train,rapeseed,CZH,22
2004188,frh01,train,rapeseed,CZH,22
2004193,frh01,train,corn,MIS,22
2004214,frh01,train,barley,ORH,38
2004227,frh01,train,permanent meadows,PRL,38
2004261,frh01,train,barley,ORH,22
2004347,frh01,train,orchards,PFR,22
2004377,frh01,train,corn,MIE,38
2004401,frh01,train,orchards,VRG,55
2004406,frh01,train,permanent meadows,PPH,22
2004438,frh01,train,wheat,BTH,22
2004513,frh01,train,temporary meadows,PTR,22
2004521,frh01,train,permanent meadows,PPH,22
2004568,frh01,train,wheat,BTH,30
2004603,frh01,train,corn,MIE,38
2004627,frh01,train,temporary meadows,RGA,22
2004630,frh01,train,wheat,BTH,22
2004649,frh01,train,permanent meadows,PPH,38
2004657,frh01,train,corn,MIE,39
2004674,frh01,train,wheat,BTH,32
2004702,frh01,train,wheat,BTH,22
2004706,frh01,train,temporary meadows,RGA,22
2004712,frh01,train,wheat,BTH,22
2004776,frh01,train,barley,ORH,38
2004797,frh01,train,orchards,VRG,22
2004810,frh01,train,corn,MIE,22
2004844,frh01,train,wheat,BTH,26
2004908,frh01,train,temporary meadows,PTR,38
2004924,frh01,train,barley,ORH,38
2004960,frh01,train,barley,ORH,47
2005014,frh01,train,rapeseed,CZH,22
2005015,frh01,train,rapeseed,CZH,22
2005060,frh01,train,temporary meadows,PTR,38
2005066,frh01,train,corn,MIE,38
2005107,frh01,train,rapeseed,CZH,22
2005115,frh01,train,corn,MIS,22
2005180,frh01,train,permanent meadows,PPH,22
2005249,frh01,train,permanent meadows,PPH,38
2005268,frh01,train,rapeseed,CZH,22
2005362,frh01,train,orchards,VRG,22
2005364,frh01,train,orchards,VRG,22
2005365,frh01,train,corn,MIS,22
2005406,frh01,train,barley,ORH,40
2005430,frh01,train,temporary meadows,PTR,38
2005459,frh01,train,wheat,BTH,22
2005483,frh01,train,permanent meadows,PRL,22
2005487,frh01,train,temporary meadows,RGA,40
2005558,frh01,train,wheat,BTH,22
2005596,frh01,train,wheat,BTH,65
2005619,frh01,train,permanent meadows,PPH,38
2005628,frh01,train,rapeseed,CZH,22
2005673,frh01,train,temporary meadows,RGA,65
2005695,frh01,train,permanent meadows,PPH,22
2005725,frh01,train,wheat,BTH,22
2005750,frh01,train,barley,ORH,60
2005755,frh01,train,barley,ORH,60
2005809,frh01,train,orchards,VRG,38
2005814,frh01,train,rapeseed,CZH,22
2005858,frh01,train,wheat,BTH,22
2005882,frh01,train,barley,ORH,55
2005883,frh01,train,barley,ORH,55
2005888,frh01,train,wheat,BTH,38
2005928,frh01,train,corn,MIS,22
2005940,frh01,train,temporary meadows,PTR,38
2005963,frh01,train,barley,ORH,65
2005977,frh01,train,barley,ORH,40
2005996,frh01,train,rapeseed,CZH,38
2006113,frh01,train,permanent meadows,PRL,38
2006136,frh01,train,wheat,BTH,47
2006142,frh01,train,wheat,BTH,47
2006168,frh01,train,permanent meadows,PPH,38
2006185,frh01,train,permanent meadows,PRL,38
2006258,frh01,train,barley,ORH,40
2006259,frh01,train,barley,ORH,40
2006303,frh01,train,rapeseed,CZH,22
2006402,frh01,train,barley,ORP,22
2006409,frh01,train,barley,ORP,22
2006438,frh01,train,permanent meadows,PPH,47
2006460,frh01,train,permanent meadows,PPH,38
2006535,frh01,train,barley,ORP,38
2006569,frh01,train,orchards,VRG,22
2006594,frh01,train,permanent meadows,PRL,38
2006610,frh01,train,permanent meadows,PPH,47
2006657,frh01,train,wheat,BTH,22
2006722,frh01,train,barley,ORH,38
2006745,frh01,train,rapeseed,CZH,38
2006755,frh01,train,temporary meadows,PTR,22
2006760,frh01,train,rapeseed,CZH,22
2006858,frh01,train,wheat,BTH,38
2006929,frh01,train,barley,ORH,40
2006970,frh01,train,rapeseed,CZH,22
2007050,frh01,train,corn,MIE,22
2007073,frh01,train,rapeseed,CZH,22
2007136,frh01,train,barley,ORH,22
2007145,frh01,train,rapeseed,CZH,22
2007240,frh01,train,rapeseed,CZH,47
2007311,frh01,train,orchards,VRG,22
2007319,frh01,train,corn,MIE,22
2007320,frh01,train,wheat,BTH,22
2007321,frh01,train,corn,MIE,22
2007331,frh01,train,temporary meadows,RGA,38
2007338,frh01,train,corn,MIE,38
2007375,frh01,train,rapeseed,CZH,22
2007387,frh01,train,temporary meadows,RGA,38
2007415,frh01,train,barley,ORH,38
2007437,frh01,train,barley,ORP,40
2007446,frh01,train,corn,MIE,38
2007533,frh01,train,barley,ORH,40
2007557,frh01,train,rapeseed,CZH,22
2007560,frh01,train,barley,ORH,22
2007570,frh01,train,rapeseed,CZH,38
2007571,frh01,train,rapeseed,CZH,38
2007593,frh01,train,wheat,BTH,40
2007609,frh01,train,temporary meadows,PTR,22
2007633,frh01,train,orchards,VRG,55
2007636,frh01,train,corn,MIE,38
2007658,frh01,train,wheat,BTH,38
2007711,frh01,train,corn,MIE,38
2007749,frh01,train,orchards,VRG,22
2007762,frh01,train,orchards,VRG,22
2007807,frh01,train,temporary meadows,RGA,47
2007832,frh01,train,temporary meadows,RGA,38
2007864,frh01,train,barley,ORH,38
2007940,frh01,train,wheat,BTH,60
2007967,frh01,train,wheat,BTH,38
2007969,frh01,train,temporary meadows,PTR,38
2008007,frh01,train,wheat,BTH,47
2008137,frh01,train,rapeseed,CZH,22
2008138,frh01,train,rapeseed,CZH,22
2008150,frh01,train,temporary meadows,RGA,40
2008169,frh01,train,corn,MIE,38
2008221,frh01,train,wheat,BTH,22
2008235,frh01,train,wheat,BTH,40
2008241,frh01,train,rapeseed,CZH,47
2008244,frh01,train,orchards,VRG,47
2008246,frh01,train,rapeseed,CZH,47
2008249,frh01,train,corn,MIE,22
2008264,frh01,train,wheat,BTH,22
2008271,frh01,train,orchards,VRG,22
2008300,frh01,train,temporary meadows,PTR,22
2008307,frh01,train,temporary meadows,PTR,22
2008336,frh01,train,corn,MIE,47
2008360,frh01,train,barley,ORH,38
2008367,frh01,train,temporary meadows,RGA,38
2008414,frh01,train,temporary meadows,PTR,38
2008418,frh01,train,wheat,BTH,22
2008441,frh01,train,barley,ORH,40
2008445,frh01,train,permanent meadows,PPH,40
2008467,frh01,train,corn,MIE,38
2008485,frh01,train,temporary meadows,RGA,22
2008514,frh01,train,temporary meadows,PTR,40
2008523,frh01,train,corn,MIE,40
2008582,frh01,train,corn,MIE,22
2008602,frh01,train,permanent meadows,PPH,38
2008617,frh01,train,corn,MIE,40
2008628,frh01,train,rapeseed,CZH,22
2008640,frh01,train,barley,ORH,22
2008641,frh01,train,temporary meadows,PTR,22
2008660,frh01,train,temporary meadows,PTR,22
2008664,frh01,train,temporary meadows,RGA,38
2008669,frh01,train,permanent meadows,PRL,38
2008677,frh01,train,temporary meadows,RGA,38
2008716,frh01,train,barley,ORH,38
2008719,frh01,train,permanent meadows,PPH,38
2008733,frh01,train,permanent meadows,PRL,22
2008735,frh01,train,permanent meadows,PPH,38
2008746,frh01,train,barley,ORH,38
2008751,frh01,train,temporary meadows,PTR,22
2008788,frh01,train,corn,MIE,40
2008832,frh01,train,permanent meadows,PPH,22
2008921,frh01,train,permanent meadows,PPH,38
2008923,frh01,train,barley,ORH,38
2009051,frh01,train,orchards,VRG,38
2009070,frh01,train,permanent meadows,PPH,22
2009074,frh01,train,rapeseed,CZH,22
2009185,frh01,train,corn,MIS,22
2009201,frh01,train,permanent meadows,PRL,38
2009250,frh01,train,orchards,VRG,38
2009257,frh01,train,orchards,VRG,38
2009274,frh01,train,rapeseed,CZH,22
2009375,frh01,train,permanent meadows,PPH,55
2009441,frh01,train,orchards,VRG,55
2009479,frh01,train,temporary meadows,PTR,55
2009493,frh01,train,rapeseed,CZH,40
2009494,frh01,train,rapeseed,CZH,40
2009546,frh01,train,permanent meadows,PPH,55
2009587,frh01,train,temporary meadows,PTR,47
2009635,frh01,train,permanent meadows,PPH,22
2009738,frh01,train,temporary meadows,PTR,26
2009770,frh01,train,temporary meadows,RGA,22
2009787,frh01,train,orchards,VRG,22
2009809,frh01,train,barley,ORH,38
2009867,frh01,train,temporary meadows,PTR,38
2009872,frh01,train,permanent meadows,PPH,38
2009882,frh01,train,corn,MIE,38
2009908,frh01,train,rapeseed,CZH,22
2010014,frh01,train,corn,MIE,55
2010065,frh01,train,barley,ORH,22
2010078,frh01,train,permanent meadows,PRL,22
2010085,frh01,train,permanent meadows,PPH,38
2010122,frh01,train,permanent meadows,PPH,38
2010133,frh01,train,permanent meadows,PRL,38
2010142,frh01,train,corn,MIE,38
2010182,frh01,train,barley,ORP,55
2010222,frh01,train,corn,MIE,38
2010254,frh01,train,temporary meadows,RGA,22
2010277,frh01,train,temporary meadows,RGA,47
2010289,frh01,train,rapeseed,CZH,38
2010332,frh01,train,corn,MIE,38
2010364,frh01,train,permanent meadows,PRL,38
2010397,frh01,train,temporary meadows,PTR,38
2010458,frh01,train,rapeseed,CZH,22
2010530,frh01,train,barley,ORH,22
2010578,frh01,train,wheat,BTH,38
2010684,frh01,train,permanent meadows,PRL,47
2010723,frh01,train,permanent meadows,PPH,38
2010744,frh01,train,orchards,VRG,22
2010745,frh01,train,barley,ORH,22
2010825,frh01,train,wheat,BTH,22
2010843,frh01,train,temporary meadows,PTR,38
2010858,frh01,train,permanent meadows,PPH,38
2010930,frh01,train,permanent meadows,PPH,55
2010968,frh01,train,corn,MIE,22
2010998,frh01,train,orchards,VRG,38
2011045,frh01,train,orchards,VRG,22
2011046,frh01,train,orchards,VRG,22
2011094,frh01,train,temporary meadows,PTR,38
2011129,frh01,train,permanent meadows,PRL,38
2011170,frh01,train,barley,ORH,60
2011173,frh01,train,rapeseed,CZH,60
2011176,frh01,train,wheat,BTH,60
2011177,frh01,train,barley,ORH,60
2011224,frh01,train,orchards,VRG,40
2011265,frh01,train,barley,ORH,22
2011281,frh01,train,permanent meadows,PRL,38
2011300,frh01,train,wheat,BTH,38
2011320,frh01,train,orchards,VRG,40
2011327,frh01,train,orchards,VRG,38
2011328,frh01,train,orchards,VRG,40
2011329,frh01,train,orchards,VRG,40
2011358,frh01,train,permanent meadows,PRL,22
2011396,frh01,train,barley,ORH,23
2011398,frh01,train,wheat,BTH,22
2011406,frh01,train,orchards,VRG,40
2011407,frh01,train,orchards,VRG,22
2011408,frh01,train,orchards,VRG,55
2011440,frh01,train,barley,ORH,22
2011441,frh01,train,rapeseed,CZH,22
2011469,frh01,train,orchards,VRG,47
2011477,frh01,train,rapeseed,CZH,47
2011490,frh01,train,corn,MIE,47
2011524,frh01,train,rapeseed,CZH,22
2011581,frh01,train,barley,ORH,38
2011607,frh01,train,corn,MIS,55
2011635,frh01,train,corn,MIE,38
2011657,frh01,train,temporary meadows,PTR,40
2011662,frh01,train,corn,MIE,40
2011664,frh01,train,permanent meadows,PRL,38
2011694,frh01,train,barley,ORH,40
2011696,frh01,train,temporary meadows,PTR,60
2011728,frh01,train,permanent meadows,PRL,38
2011749,frh01,train,rapeseed,CZH,40
2011756,frh01,train,permanent meadows,PRL,22
2011778,frh01,train,barley,ORH,38
2011818,frh01,train,temporary meadows,PTR,38
2011859,frh01,train,rapeseed,CZH,47
2011862,frh01,train,rapeseed,CZH,22
2011865,frh01,train,rapeseed,CZH,22
2011961,frh01,train,wheat,BTH,22
2011974,frh01,train,rapeseed,CZH,22
2011975,frh01,train,rapeseed,CZH,22
2012038,frh01,train,rapeseed,CZH,60
2012066,frh01,train,corn,MIE,22
2012089,frh01,train,barley,ORH,38
2012164,frh01,train,permanent meadows,PPH,22
2012206,frh01,train,rapeseed,CZH,22
2012209,frh01,train,barley,ORP,38
2012216,frh01,train,temporary meadows,PTR,38
2012220,frh01,train,permanent meadows,PPH,38
2012244,frh01,train,permanent meadows,PPH,22
2012290,frh01,train,barley,ORP,38
2012339,frh01,train,permanent meadows,PPH,47
2012363,frh01,train,orchards,VRG,55
2012396,frh01,train,temporary meadows,PTR,22
2012432,frh01,train,corn,MIE,22
2012450,frh01,train,orchards,VRG,40
2012486,frh01,train,temporary meadows,RGA,47
2012529,frh01,train,wheat,BTH,22
2012543,frh01,train,permanent meadows,PRL,38
2012564,frh01,train,permanent meadows,PPH,38
2012573,frh01,train,corn,MIE,47
2012579,frh01,train,permanent meadows,PRL,23
2012581,frh01,train,corn,MIE,23
2012590,frh01,train,wheat,BTH,22
2012592,frh01,train,corn,MIE,23
2012600,frh01,train,barley,ORH,22
2012610,frh01,train,temporary meadows,RGA,55
2012643,frh01,train,rapeseed,CZH,60
2012717,frh01,train,wheat,BTH,38
2012765,frh01,train,rapeseed,CZH,24
2012790,frh01,train,wheat,BTH,40
2012791,frh01,train,wheat,BTH,40
2012795,frh01,train,temporary meadows,RGA,40
2012810,frh01,train,wheat,BTH,40
2012857,frh01,train,permanent meadows,PPH,29
2012892,frh01,train,rapeseed,CZH,38
2012932,frh01,train,rapeseed,CZH,28
2012953,frh01,train,wheat,BTH,38
2012954,frh01,train,temporary meadows,PTR,60
2012980,frh01,train,permanent meadows,PRL,38
2013053,frh01,train,temporary meadows,RGA,60
2013173,frh01,train,permanent meadows,PRL,38
2013189,frh01,train,rapeseed,CZH,60
2013203,frh01,train,wheat,BTH,22
2013249,frh01,train,corn,MIE,40
2013259,frh01,train,temporary meadows,RGA,40
2013271,frh01,train,corn,MIE,22
2013284,frh01,train,barley,ORH,22
2013298,frh01,train,temporary meadows,RGA,22
2013315,frh01,train,orchards,VRG,22
2013316,frh01,train,orchards,VRG,22
2013317,frh01,train,orchards,VRG,22
2013318,frh01,train,orchards,VRG,22
2013319,frh01,train,orchards,VRG,22
2013320,frh01,train,orchards,VRG,22
2013321,frh01,train,orchards,VRG,22
2013322,frh01,train,orchards,VRG,22
2013323,frh01,train,orchards,VRG,22
2013357,frh01,train,rapeseed,CZH,22
2013364,frh01,train,rapeseed,CZH,22
2013367,frh01,train,barley,ORH,22
2013372,frh01,train,barley,ORH,22
2013443,frh01,train,rapeseed,CZH,22
2013445,frh01,train,rapeseed,CZH,22
2013446,frh01,train,rapeseed,CZH,22
2013582,frh01,train,temporary meadows,PTR,38
2013598,frh01,train,corn,MIE,38
2013628,frh01,train,wheat,BTH,47
2013641,frh01,train,corn,MIE,40
2013654,frh01,train,wheat,BTH,40
2013690,frh01,train,corn,MIE,38
2013755,frh01,train,permanent meadows,PRL,40
2013760,frh01,train,corn,MIE,22
2013764,frh01,train,corn,MIE,22
2013798,frh01,train,permanent meadows,PPH,38
2013833,frh01,train,barley,ORH,40
2013838,frh01,train,wheat,BTH,40
2013876,frh01,train,barley,ORH,38
2013887,frh01,train,temporary meadows,PTR,38
2013889,frh01,train,corn,MIE,38
2013972,frh01,train,wheat,BTH,60
2014004,frh01,train,permanent meadows,PPH,38
2014017,frh01,train,corn,MIE,38
2014027,frh01,train,barley,ORH,38
2014040,frh01,train,corn,MIE,60
2014068,frh01,train,permanent meadows,PPH,22
2014123,frh01,train,rapeseed,CZH,22
2014124,frh01,train,barley,ORH,22
2014165,frh01,train,corn,MIE,38
2014195,frh01,train,orchards,VRG,60
2014215,frh01,train,rapeseed,CZH,22
2014216,frh01,train,rapeseed,CZH,22
2014243,frh01,train,corn,MIE,22
2014278,frh01,train,rapeseed,CZH,47
2014279,frh01,train,rapeseed,CZH,47
2014432,frh01,train,rapeseed,CZH,47
2014434,frh01,train,barley,ORH,38
2014447,frh01,train,permanent meadows,PPH,22
2014468,frh01,train,wheat,BTH,60
2014496,frh01,train,permanent meadows,PPH,38
2014497,frh01,train,orchards,VRG,38
2014510,frh01,train,rapeseed,CZH,47
2014552,frh01,train,wheat,BTH,22
2014566,frh01,train,barley,ORH,47
2014600,frh01,train,wheat,BTH,47
2014630,frh01,train,corn,MIE,22
2014661,frh01,train,temporary meadows,PTR,38
2014749,frh01,train,permanent meadows,PRL,38
2014770,frh01,train,permanent meadows,PRL,38
2014782,frh01,train,wheat,BTH,38
2014801,frh01,train,barley,ORH,38
2014881,frh01,train,wheat,BTH,22
2014903,frh01,train,rapeseed,CZH,22
2014932,frh01,train,rapeseed,CZH,40
2014972,frh01,train,orchards,VRG,60
2014975,frh01,train,orchards,VRG,60
2014982,frh01,train,orchards,VRG,60
2015002,frh01,train,permanent meadows,PRL,38
2015007,frh01,train,rapeseed,CZH,22
2015018,frh01,train,temporary meadows,RGA,60
2015089,frh01,train,rapeseed,CZH,22
2015091,frh01,train,rapeseed,CZH,22
2015097,frh01,train,barley,ORH,22
2015100,frh01,train,orchards,VRG,22
2015101,frh01,train,orchards,VRG,22
2015113,frh01,train,orchards,VRG,22
2015116,frh01,train,orchards,VRG,22
2015118,frh01,train,orchards,VRG,22
2015149,frh01,train,orchards,VRG,22
2015157,frh01,train,corn,MIE,22
2015168,frh01,train,corn,MIS,22
2015186,frh01,train,orchards,VRG,22
2015187,frh01,train,orchards,VRG,22
2015189,frh01,train,orchards,VRG,22
2015191,frh01,train,orchards,VRG,22
2015204,frh01,train,barley,ORH,47
2015215,frh01,train,corn,MIS,22
2015234,frh01,train,wheat,BTH,22
2015237,frh01,train,wheat,BTH,22
2015243,frh01,train,corn,MIS,22
2015249,frh01,train,temporary meadows,RGA,22
2015254,frh01,train,barley,ORH,38
2015270,frh01,train,barley,ORH,38
2015290,frh01,train,corn,MIE,40
2015305,frh01,train,barley,ORH,60
2015361,frh01,train,wheat,BTH,38
2015400,frh01,train,rapeseed,CZH,22
2015437,frh01,train,permanent meadows,PPH,38
2015458,frh01,train,temporary meadows,PTR,38
2015493,frh01,train,temporary meadows,PTR,60
2015519,frh01,train,corn,MIE,47
2015542,frh01,train,temporary meadows,RGA,40
2015552,frh01,train,barley,ORH,40
2015575,frh01,train,orchards,VRG,22
2015589,frh01,train,wheat,BTH,22
2015595,frh01,train,temporary meadows,RGA,22
2015603,frh01,train,permanent meadows,PRL,47
2015620,frh01,train,corn,MIS,22
2015675,frh01,train,temporary meadows,PTR,38
2015732,frh01,train,wheat,BTH,38
2015741,frh01,train,permanent meadows,PPH,22
2015759,frh01,train,rapeseed,CZH,65
2015764,frh01,train,corn,MIS,65
2015784,frh01,train,rapeseed,CZH,22
2015834,frh01,train,wheat,BTH,22
2015837,frh01,train,rapeseed,CZH,22
2015842,frh01,train,rapeseed,CZH,22
2015844,frh01,train,barley,ORH,22
2015880,frh01,train,rapeseed,CZH,22
2015915,frh01,train,corn,MIE,22
2015928,frh01,train,corn,MIE,22
2015992,frh01,train,barley,ORH,22
2016004,frh01,train,wheat,BTH,22
2016011,frh01,train,temporary meadows,PTR,22
2016041,frh01,train,corn,MIE,22
2016092,frh01,train,temporary meadows,RGA,24
2016097,frh01,train,corn,MIS,55
2016114,frh01,train,permanent meadows,PPH,22
2016118,frh01,train,wheat,BTH,22
2016177,frh01,train,wheat,BTH,22
2016188,frh01,train,wheat,BTH,22
2016246,frh01,train,permanent meadows,PPH,38
2016253,frh01,train,barley,ORP,55
2016288,frh01,train,rapeseed,CZH,22
2016301,frh01,train,wheat,BTH,22
2016366,frh01,train,barley,ORH,38
2016382,frh01,train,wheat,BTH,60
2016386,frh01,train,permanent meadows,PRL,60
2016395,frh01,train,rapeseed,CZH,60
2016402,frh01,train,wheat,BTH,22
2016458,frh01,train,barley,ORH,38
2016471,frh01,train,temporary meadows,PTR,38
2016517,frh01,train,temporary meadows,RGA,22
2016527,frh01,train,corn,MIE,22
2016571,frh01,train,permanent meadows,PPH,55
2016581,frh01,train,rapeseed,CZH,22
2016602,frh01,train,corn,MIE,60
2016623,frh01,train,barley,ORH,38
2016629,frh01,train,barley,ORH,22
2016649,frh01,train,rapeseed,CZH,38
2016659,frh01,train,corn,MIS,55
2016666,frh01,train,orchards,VRG,38
2016674,frh01,train,orchards,VRG,38
2016685,frh01,train,rapeseed,CZH,47
2016693,frh01,train,permanent meadows,PPH,22
2016723,frh01,train,temporary meadows,RGA,22
2016740,frh01,train,barley,ORH,38
2016798,frh01,train,corn,MIS,22
2016822,frh01,train,corn,MIE,38
2016846,frh01,train,temporary meadows,RGA,40
2016862,frh01,train,temporary meadows,PTR,38
2016871,frh01,train,corn,MIE,22
2016904,frh01,train,temporary meadows,PTR,60
2016928,frh01,train,temporary meadows,PTR,47
2016984,frh01,train,wheat,BTH,22
2016988,frh01,train,rapeseed,CZH,22
2017068,frh01,train,temporary meadows,RGA,38
2017118,frh01,train,temporary meadows,PTR,55
2017125,frh01,train,wheat,BTH,22
2017129,frh01,train,rapeseed,CZH,22
2017217,frh01,train,wheat,BTH,27
2017278,frh01,train,corn,MIE,22
2017292,frh01,train,wheat,BTH,38
2017300,frh01,train,rapeseed,CZH,38
2017303,frh01,train,barley,ORH,38
2017307,frh01,train,wheat,BTH,38
2017368,frh01,train,corn,MIE,22
2017480,frh01,train,rapeseed,CZH,60
2017495,frh01,train,temporary meadows,PTR,38
2017583,frh01,train,rapeseed,CZH,30
2017631,frh01,train,permanent meadows,PPH,38
2017681,frh01,train,barley,ORP,27
2017685,frh01,train,corn,MIE,39
2017708,frh01,train,barley,ORH,47
2017710,frh01,train,rapeseed,CZH,47
2017750,frh01,train,orchards,VRG,22
2017755,frh01,train,orchards,VRG,22
2017756,frh01,train,orchards,VRG,22
2017821,frh01,train,orchards,VRG,22
2017822,frh01,train,orchards,VRG,22
2017823,frh01,train,orchards,VRG,22
2017842,frh01,train,orchards,VRG,22
2017843,frh01,train,orchards,VRG,22
2017844,frh01,train,orchards,VRG,22
2017846,frh01,train,orchards,VRG,22
2017848,frh01,train,orchards,VRG,22
2017855,frh01,train,orchards,VRG,22
2017857,frh01,train,orchards,VRG,22
2017858,frh01,train,orchards,VRG,22
2017860,frh01,train,orchards,VRG,22
2017861,frh01,train,orchards,VRG,22
2017869,frh01,train,temporary meadows,RGA,55
2017909,frh01,train,wheat,BTH,22
2017939,frh01,train,orchards,VRG,22
2017950,frh01,train,corn,MIE,22
2017956,frh01,train,orchards,VRG,22
2017957,frh01,train,orchards,VRG,22
2017958,frh01,train,orchards,VRG,22
2017959,frh01,train,orchards,VRG,22
2017992,frh01,train,barley,ORH,22
2018017,frh01,train,permanent meadows,PPH,38
2018030,frh01,train,orchards,VRG,22
2018031,frh01,train,orchards,VRG,22
2018032,frh01,train,orchards,VRG,22
2018040,frh01,train,nuts,NOS,60
2018047,frh01,train,nuts,CTG,60
2018050,frh01,train,orchards,PFR,60
2018052,frh01,train,orchards,VRG,60
2018053,frh01,train,orchards,VRG,60
2018055,frh01,train,orchards,VRG,60
2018074,frh01,train,temporary meadows,PTR,38
2018103,frh01,train,temporary meadows,RGA,22
2018129,frh01,train,orchards,VRG,60
2018172,frh01,train,temporary meadows,RGA,22
2018173,frh01,train,wheat,BTH,22
2018210,frh01,train,temporary meadows,RGA,47
2018242,frh01,train,temporary meadows,PTR,22
2018275,frh01,train,temporary meadows,PTR,38
2018296,frh01,train,permanent meadows,PPH,22
2018336,frh01,train,temporary meadows,PTR,60
2018412,frh01,train,orchards,VRG,47
2018446,frh01,train,temporary meadows,PTR,22
2018478,frh01,train,barley,ORH,22
2018484,frh01,train,wheat,BTH,60
2018501,frh01,train,temporary meadows,PTR,22
2018541,frh01,train,wheat,BTH,22
2018612,frh01,train,rapeseed,CZH,22
2018640,frh01,train,wheat,BTH,38
2018695,frh01,train,rapeseed,CZH,22
2018714,frh01,train,temporary meadows,PTR,38
2018739,frh01,train,temporary meadows,PTR,40
2018741,frh01,train,barley,ORH,40
2018750,frh01,train,barley,ORH,40
2018782,frh01,train,barley,ORH,38
2018809,frh01,train,permanent meadows,PPH,22
2018822,frh01,train,wheat,BTH,22
2018842,frh01,train,temporary meadows,PTR,40
2018872,frh01,train,barley,ORH,47
2018910,frh01,train,permanent meadows,PPH,22
2018941,frh01,train,barley,ORH,40
2018955,frh01,train,wheat,BTH,47
2018967,frh01,train,corn,MIS,40
2018972,frh01,train,permanent meadows,PPH,40
2019025,frh01,train,permanent meadows,PRL,40
2019067,frh01,train,wheat,BTH,47
2019080,frh01,train,wheat,BTH,22
2019092,frh01,train,temporary meadows,PTR,22
2019096,frh01,train,temporary meadows,PTR,22
2019116,frh01,train,rapeseed,CZH,22
2019141,frh01,train,barley,ORH,40
2019143,frh01,train,temporary meadows,RGA,40
2019158,frh01,train,wheat,BTH,38
2019164,frh01,train,orchards,VRG,47
2019169,frh01,train,orchards,VRG,22
2019187,frh01,train,barley,ORH,60
2019251,frh01,train,permanent meadows,PPH,38
2019282,frh01,train,barley,ORH,60
2019292,frh01,train,wheat,BTH,60
2019306,frh01,train,rapeseed,CZH,38
2019318,frh01,train,wheat,BTH,22
2019363,frh01,train,orchards,VRG,22
2019454,frh01,train,orchards,VRG,22
2019456,frh01,train,sunflower,TRN,22
2019463,frh01,train,temporary meadows,PTR,22
2019495,frh01,train,wheat,BTH,60
2019517,frh01,train,corn,MIE,38
2019531,frh01,train,rapeseed,CZH,22
2019573,frh01,train,wheat,BTH,55
2019588,frh01,train,barley,ORH,40
2019608,frh01,train,rapeseed,CZH,22
2019612,frh01,train,barley,ORH,22
2019652,frh01,train,orchards,VRG,55
2019675,frh01,train,corn,MIE,40
2019685,frh01,train,permanent meadows,PPH,40
2019701,frh01,train,permanent meadows,PPH,22
2019832,frh01,train,rapeseed,CZH,22
2019856,frh01,train,temporary meadows,PTR,22
2019868,frh01,train,corn,MIE,40
2019887,frh01,train,temporary meadows,RGA,60
2019895,frh01,train,corn,MIE,60
2019918,frh01,train,rapeseed,CZH,38
2019970,frh01,train,orchards,VRG,38
2019976,frh01,train,corn,MIS,22
2019978,frh01,train,wheat,BTH,22
2019986,frh01,train,wheat,BTH,22
2019995,frh01,train,permanent meadows,PPH,38
2019997,frh01,train,corn,MIE,22
2020005,frh01,train,orchards,VRG,22
2020054,frh01,train,wheat,BTH,24
2020088,frh01,train,corn,MIE,22
2020089,frh01,train,orchards,VRG,22
2020093,frh01,train,wheat,BTH,22
2020105,frh01,train,permanent meadows,PRL,22
2020110,frh01,train,corn,MIS,22
2020146,frh01,train,rapeseed,CZP,38
2020151,frh01,train,barley,ORH,38
2020184,frh01,train,orchards,VRG,22
2020198,frh01,train,barley,ORH,38
2020262,frh01,train,rapeseed,CZH,22
2020269,frh01,train,barley,ORH,22
2020272,frh01,train,barley,ORH,22
2020275,frh01,train,permanent meadows,PPH,22
2020290,frh01,train,temporary meadows,PTR,22
2020327,frh01,train,wheat,BTH,55
2020344,frh01,train,barley,ORH,22
2020357,frh01,train,corn,MIE,22
2020362,frh01,train,corn,MIE,22
2020368,frh01,train,permanent meadows,PPH,22
2020390,frh01,train,orchards,VRG,22
2020422,frh01,train,temporary meadows,RGA,55
2020445,frh01,train,wheat,BTH,22
2020448,frh01,train,wheat,BTH,22
2020459,frh01,train,rapeseed,CZH,22
2020471,frh01,train,rapeseed,CZH,22
2020491,frh01,train,corn,MIE,38
2020551,frh01,train,barley,ORH,22
2020581,frh01,train,rapeseed,CZH,38
2020605,frh01,train,barley,ORH,22
2020641,frh01,train,wheat,BTH,22
2020652,frh01,train,corn,MIE,22
2020675,frh01,train,wheat,BTH,38
2020700,frh01,train,barley,ORH,22
2020717,frh01,train,wheat,BTH,38
2020732,frh01,train,wheat,BTH,22
2020825,frh01,train,wheat,BTH,38
2020837,frh01,train,barley,ORH,22
2020848,frh01,train,temporary meadows,RGA,38
2020862,frh01,train,rapeseed,CZH,22
2020866,frh01,train,rapeseed,CZH,22
2021017,frh01,train,corn,MIS,22
2021019,frh01,train,barley,ORH,40
2021022,frh01,train,barley,ORH,40
2021052,frh01,train,corn,MIE,22
2021064,frh01,train,permanent meadows,PRL,38
2021069,frh01,train,temporary meadows,RGA,38
2021077,frh01,train,wheat,BTH,60
2021094,frh01,train,rapeseed,CZH,38
2021126,frh01,train,permanent meadows,PPH,22
2021170,frh01,train,rapeseed,CZH,60
2021212,frh01,train,permanent meadows,PPH,22
2021217,frh01,train,corn,MIE,22
2021252,frh01,train,corn,MIE,38
2021260,frh01,train,wheat,BTH,38
2021315,frh01,train,corn,MIE,22
2021366,frh01,train,permanent meadows,PPH,24
2021412,frh01,train,corn,MIE,22
2021417,frh01,train,orchards,VRG,40
2021430,frh01,train,permanent meadows,PRL,38
2021549,frh01,train,orchards,PFR,38
2021552,frh01,train,orchards,PFR,38
2021571,frh01,train,temporary meadows,RGA,38
2021575,frh01,train,temporary meadows,RGA,38
2021583,frh01,train,corn,MIE,38
2021594,frh01,train,orchards,VRG,38
2021685,frh01,train,corn,MIE,38
2021705,frh01,train,temporary meadows,PTR,22
2021776,frh01,train,corn,MIE,38
2021844,frh01,train,rapeseed,CZH,55
2021850,frh01,train,corn,MIS,22
2021907,frh01,train,temporary meadows,PTR,60
2021909,frh01,train,barley,ORH,60
2021923,frh01,train,rapeseed,CZH,60
2021929,frh01,train,rapeseed,CZH,60
2021939,frh01,train,permanent meadows,PRL,22
2021979,frh01,train,wheat,BTH,60
2021985,frh01,train,temporary meadows,RGA,38
2021987,frh01,train,permanent meadows,PRL,38
2021989,frh01,train,corn,MIE,38
2021993,frh01,train,permanent meadows,PRL,38
2022033,frh01,train,permanent meadows,PPH,36
2022098,frh01,train,temporary meadows,PTR,22
2022109,frh01,train,orchards,VRG,22
2022118,frh01,train,rapeseed,CZH,24
2022160,frh01,train,temporary meadows,PTR,40
2022171,frh01,train,permanent meadows,PPH,38
2022195,frh01,train,orchards,VRG,22
2022247,frh01,train,temporary meadows,PTR,22
2022280,frh01,train,permanent meadows,PRL,22
2022303,frh01,train,orchards,VRG,55
2022329,frh01,train,wheat,BTH,22
2022350,frh01,train,permanent meadows,PRL,40
2022369,frh01,train,barley,ORH,22
2022391,frh01,train,permanent meadows,PPH,47
2022400,frh01,train,corn,MIE,22
2022411,frh01,train,corn,MIE,22
2022471,frh01,train,permanent meadows,PPH,22
2022487,frh01,train,wheat,BTH,22
2022569,frh01,train,corn,MIS,22
2022576,frh01,train,barley,ORH,22
2022583,frh01,train,barley,ORH,22
2022647,frh02,train,rapeseed,CZH,38
2022648,frh02,train,rapeseed,CZH,38
2022649,frh02,train,rapeseed,CZH,38
2022650,frh02,train,rapeseed,CZH,38
2022655,frh02,train,rapeseed,CZH,38
2022656,frh02,train,barley,ORH,38
2022669,frh01,train,permanent meadows,PPH,22
2022792,frh01,train,barley,ORP,38
2022809,frh01,train,rapeseed,CZH,38
2022826,frh01,train,barley,ORH,47
2022829,frh01,train,temporary meadows,RGA,47
2022876,frh01,train,wheat,BTH,47
2022892,frh01,train,temporary meadows,RGA,38
2022906,frh01,train,corn,MIE,47
2022914,frh01,train,wheat,BTH,47
2022937,frh01,train,rapeseed,CZH,22
2022939,frh01,train,rapeseed,CZH,22
2022942,frh01,train,rapeseed,CZH,22
2023044,frh01,train,permanent meadows,PRL,22
2023065,frh01,train,temporary meadows,RGA,38
2023078,frh01,train,temporary meadows,RGA,38
2023097,frh01,train,corn,MIE,40
2023191,frh01,train,corn,MIE,47
2023236,frh01,train,wheat,BTH,22
2023254,frh01,train,barley,ORH,38
2023263,frh01,train,wheat,BTH,38
2023265,frh01,train,rapeseed,CZH,38
2023266,frh01,train,rapeseed,CZH,38
2023306,frh01,train,wheat,BTH,22
2023348,frh01,train,permanent meadows,PPH,38
2023433,frh01,train,temporary meadows,PTR,38
2023494,frh01,train,barley,ORH,60
2023497,frh01,train,barley,ORP,60
2023510,frh01,train,permanent meadows,PPH,47
2023523,frh01,train,permanent meadows,PPH,38
2023535,frh01,train,rapeseed,CZH,38
2023542,frh01,train,permanent meadows,PPH,40
2023565,frh01,train,barley,ORH,60
2023580,frh01,train,rapeseed,CZH,22
2023582,frh01,train,barley,ORH,22
2023645,frh01,train,rapeseed,CZH,24
2023694,frh01,train,permanent meadows,PPH,38
2023752,frh01,train,permanent meadows,PRL,38
2023787,frh01,train,barley,ORH,38
2023846,frh01,train,temporary meadows,PTR,38
2023847,frh01,train,temporary meadows,PTR,38
2023868,frh01,train,temporary meadows,PTR,55
2023902,frh01,train,corn,MIE,38
2023915,frh01,train,wheat,BTH,40
2023965,frh01,train,temporary meadows,RGA,38
2023968,frh01,train,wheat,BTH,38
2024077,frh01,train,temporary meadows,RGA,38
2024116,frh01,train,corn,MIE,40
2024215,frh01,train,temporary meadows,PTR,38
2024229,frh01,train,barley,ORH,22
2024247,frh01,train,orchards,VRG,40
2024257,frh01,train,rapeseed,CZH,47
2024298,frh01,train,wheat,BTH,22
2024373,frh01,train,temporary meadows,RGA,38
2024375,frh01,train,wheat,BTH,38
2024388,frh01,train,wheat,BTH,22
2024392,frh01,train,corn,MIE,38
2024406,frh01,train,barley,ORH,22
2024410,frh01,train,barley,ORH,22
2024472,frh01,train,rapeseed,CZH,38
2024492,frh01,train,wheat,BTH,22
2024507,frh01,train,wheat,BTH,47
2024533,frh01,train,orchards,VRG,22
2024586,frh01,train,barley,ORH,38
2024668,frh01,train,permanent meadows,PPH,38
2024670,frh01,train,temporary meadows,PTR,38
2024674,frh01,train,rapeseed,CZH,38
2024709,frh01,train,wheat,BTH,47
2024719,frh01,train,corn,MIE,22
2024725,frh01,train,wheat,BTH,22
2024770,frh01,train,rapeseed,CZH,22
2024806,frh01,train,corn,MIE,22
2024850,frh01,train,corn,MIE,22
2024883,frh01,train,rapeseed,CZH,22
2024884,frh01,train,rapeseed,CZH,22
2024929,frh01,train,temporary meadows,PTR,38
2024943,frh01,train,temporary meadows,PTR,38
2024947,frh01,train,barley,ORH,38
2024951,frh01,train,barley,ORH,38
2024963,frh01,train,temporary meadows,PTR,60
2025010,frh01,train,corn,MIE,22
2025013,frh01,train,temporary meadows,PTR,22
2025085,frh01,train,permanent meadows,PPH,22
2025149,frh01,train,wheat,BTH,38
2025164,frh01,train,wheat,BTH,22
2025171,frh01,train,temporary meadows,PTR,22
2025191,frh01,train,wheat,BTH,60
2025198,frh01,train,barley,ORP,22
2025204,frh01,train,barley,ORH,22
2025230,frh01,train,permanent meadows,PPH,38
2025233,frh01,train,barley,ORH,40
2025286,frh01,train,rapeseed,CZH,22
2025294,frh01,train,rapeseed,CZH,22
2025364,frh01,train,barley,ORH,47
2025374,frh01,train,rapeseed,CZH,22
2025376,frh01,train,rapeseed,CZH,22
2025382,frh01,train,permanent meadows,PPH,38
2025387,frh01,train,orchards,VRG,38
2025391,frh01,train,rapeseed,CZH,38
2025400,frh01,train,rapeseed,CZH,22
2025403,frh01,train,rapeseed,CZH,22
2025488,frh01,train,temporary meadows,PTR,38
2025519,frh01,train,rapeseed,CZH,38
2025539,frh01,train,orchards,VRG,55
2025566,frh01,train,permanent meadows,PPH,38
2025580,frh01,train,permanent meadows,PRL,47
2025586,frh01,train,wheat,BTH,38
2025613,frh01,train,permanent meadows,PPH,22
2025619,frh01,train,rapeseed,CZH,22
2025637,frh01,train,temporary meadows,PTR,47
2025659,frh01,train,permanent meadows,PRL,47
2025803,frh01,train,temporary meadows,PTR,38
2025836,frh01,train,rapeseed,CZH,22
2025837,frh01,train,wheat,BTH,22
2025848,frh01,train,corn,MIS,22
2025853,frh01,train,rapeseed,CZH,22
2025854,frh01,train,wheat,BTH,22
2025909,frh01,train,wheat,BTH,38
2025926,frh01,train,corn,MIE,22
2025965,frh01,train,temporary meadows,PTR,22
2025972,frh01,train,barley,ORH,22
2025977,frh01,train,orchards,VRG,22
2025990,frh01,train,barley,ORH,38
2026138,frh01,train,barley,ORH,47
2026169,frh01,train,wheat,BTH,60
2026181,frh01,train,corn,MIE,38
2026183,frh01,train,permanent meadows,PPH,38
2026225,frh01,train,rapeseed,CZH,38
2026242,frh01,train,permanent meadows,PRL,47
2026255,frh01,train,barley,ORH,60
2026446,frh01,train,orchards,VRG,22
2026450,frh01,train,orchards,VRG,22
2026456,frh01,train,orchards,VRG,22
2026463,frh01,train,wheat,BTH,22
2026465,frh01,train,orchards,VRG,22
2026476,frh01,train,corn,MIS,22
2026493,frh01,train,rapeseed,CZH,22
2026532,frh01,train,permanent meadows,PPH,22
2026549,frh01,train,wheat,BTH,47
2026550,frh01,train,temporary meadows,PTR,47
2026623,frh01,train,corn,MIE,22
2026644,frh01,train,wheat,BTH,24
2026650,frh01,train,wheat,BTH,38
2026753,frh01,train,permanent meadows,PPH,38
2026758,frh01,train,barley,ORH,22
2026775,frh01,train,temporary meadows,PTR,60
2026788,frh01,train,barley,ORH,65
2026812,frh01,train,wheat,BTH,38
2026814,frh01,train,permanent meadows,PPH,38
2026821,frh01,train,permanent meadows,PRL,38
2026854,frh01,train,rapeseed,CZH,22
2026861,frh01,train,wheat,BTH,22
2026882,frh01,train,wheat,BTH,40
2026923,frh01,train,barley,ORH,38
2026954,frh01,train,rapeseed,CZH,38
2026955,frh01,train,wheat,BTH,38
2026960,frh01,train,rapeseed,CZH,38
2027055,frh01,train,permanent meadows,PRL,40
2027137,frh01,train,temporary meadows,PTR,22
2027150,frh01,train,orchards,VRG,22
2027151,frh01,train,orchards,VRG,22
2027152,frh01,train,orchards,VRG,22
2027153,frh01,train,orchards,VRG,22
2027154,frh01,train,orchards,VRG,22
2027200,frh01,train,rapeseed,CZH,47
2027203,frh01,train,wheat,BTH,47
2027216,frh01,train,rapeseed,CZH,22
2027233,frh01,train,permanent meadows,PPH,38
2027280,frh01,train,temporary meadows,RGA,40
2027307,frh01,train,rapeseed,CZH,22
2027325,frh01,train,rapeseed,CZH,38
2027328,frh01,train,rapeseed,CZH,38
2027339,frh01,train,wheat,BTH,22
2027404,frh01,train,barley,ORH,40
2027412,frh01,train,rapeseed,CZH,40
2027425,frh01,train,temporary meadows,PTR,22
2027449,frh01,train,wheat,BTH,38
2027479,frh01,train,wheat,BTH,39
2027493,frh01,train,permanent meadows,PPH,40
2027516,frh01,train,orchards,VRG,22
2027550,frh01,train,barley,ORH,22
2027562,frh01,train,corn,MIE,22
2027574,frh01,train,barley,ORH,47
2027629,frh01,train,barley,ORH,22
2027652,frh01,train,wheat,BTH,38
2027675,frh01,train,wheat,BTH,22
2027691,frh01,train,barley,ORH,22
2027727,frh01,train,temporary meadows,PTR,22
2027744,frh01,train,temporary meadows,RGA,38
2027749,frh01,train,barley,ORH,38
2027758,frh01,train,rapeseed,CZH,38
2027768,frh01,train,rapeseed,CZH,47
2027775,frh01,train,rapeseed,CZH,47
2027845,frh01,train,barley,ORH,22
2027871,frh01,train,permanent meadows,PPH,38
2027872,frh01,train,permanent meadows,PPH,38
2027900,frh01,train,permanent meadows,PPH,22
2027923,frh01,train,wheat,BTH,60
2027979,frh01,train,barley,ORH,22
2028047,frh01,train,wheat,BTP,60
2028054,frh01,train,orchards,VRG,38
2028064,frh01,train,rapeseed,CZH,38
2028126,frh01,train,wheat,BTP,60
2028151,frh01,train,orchards,VRG,22
2028158,frh01,train,barley,ORH,22
2028159,frh01,train,orchards,VRG,22
2028166,frh01,train,barley,ORH,22
2028188,frh01,train,wheat,BTH,22
2028199,frh01,train,barley,ORH,55
2028221,frh01,train,barley,ORH,55
2028234,frh01,train,rapeseed,CZH,38
2028252,frh01,train,orchards,VRG,38
2028362,frh01,train,rapeseed,CZH,22
2028386,frh01,train,corn,MIS,60
2028401,frh01,train,corn,MIS,60
2028423,frh01,train,temporary meadows,PTR,40
2028432,frh01,train,rapeseed,CZH,47
2028440,frh01,train,temporary meadows,PTR,47
2028579,frh01,train,barley,ORH,40
2028599,frh01,train,wheat,BTH,22
2028639,frh01,train,barley,ORH,38
2028706,frh01,train,orchards,VRG,22
2028748,frh01,train,barley,ORH,47
2028749,frh01,train,barley,ORH,47
2028769,frh01,train,wheat,BTH,22
2028825,frh01,train,orchards,VRG,55
2028877,frh01,train,wheat,BTH,22
2028886,frh01,train,permanent meadows,PRL,40
2028891,frh01,train,wheat,BTH,40
2028924,frh01,train,orchards,VRG,40
2029000,frh01,train,temporary meadows,PTR,38
2029010,frh01,train,barley,ORH,40
2029081,frh01,train,temporary meadows,PTR,38
2029113,frh01,train,barley,ORH,60
2029154,frh01,train,corn,MIE,38
2029175,frh01,train,barley,ORH,40
2029183,frh01,train,barley,ORH,40
2029209,frh01,train,orchards,VRG,22
2029210,frh01,train,corn,MIS,22
2029229,frh01,train,wheat,BTH,22
2029318,frh01,train,temporary meadows,PTR,38
2029325,frh01,train,permanent meadows,PPH,38
2029346,frh01,train,wheat,BTH,22
2029366,frh01,train,temporary meadows,PTR,22
2029371,frh01,train,orchards,VRG,22
2029384,frh01,train,wheat,BTH,22
2029391,frh01,train,corn,MIS,22
2029419,frh01,train,barley,ORP,38
2029435,frh01,train,temporary meadows,PTR,22
2029475,frh01,train,corn,MIS,22
2029487,frh01,train,orchards,VRG,38
2029490,frh01,train,corn,MIE,38
2029554,frh01,train,wheat,BTH,22
2029606,frh01,train,wheat,BTH,22
2029644,frh01,train,corn,MIE,38
2029733,frh01,train,corn,MIE,38
2029753,frh01,train,temporary meadows,PTR,60
2029760,frh01,train,temporary meadows,PTR,60
2029785,frh01,train,wheat,BTH,22
2029832,frh01,train,orchards,VRG,60
2029903,frh01,train,wheat,BTH,22
2029927,frh01,train,temporary meadows,PTR,38
2030046,frh02,train,corn,MIE,38
2030048,frh01,train,temporary meadows,RGA,38
2030052,frh01,train,orchards,VRG,65
2030099,frh01,train,rapeseed,CZH,22
2030146,frh01,train,orchards,VRG,40
2030152,frh01,train,permanent meadows,PPH,40
2030174,frh01,train,wheat,BTH,22
2030182,frh01,train,corn,MIE,22
2030212,frh02,train,permanent meadows,PPH,38
2030238,frh01,train,barley,ORH,40
2030244,frh01,train,corn,MIE,40
2030268,frh01,train,rapeseed,CZH,22
2030287,frh01,train,wheat,BTH,65
2030321,frh01,train,barley,ORH,40
2030360,frh01,train,barley,ORH,22
2030368,frh01,train,rapeseed,CZH,22
2030384,frh01,train,corn,MIS,22
2030399,frh01,train,wheat,BTH,47
2030403,frh01,train,corn,MIE,55
2030439,frh01,train,wheat,BTH,23
2030471,frh01,train,temporary meadows,RGA,55
2030482,frh01,train,wheat,BTH,55
2030528,frh01,train,orchards,VRG,38
2030555,frh01,train,temporary meadows,RGA,55
2030572,frh01,train,permanent meadows,PPH,22
2030608,frh01,train,corn,MIS,22
2030655,frh01,train,barley,ORH,22
2030668,frh01,train,orchards,VRG,22
2030673,frh01,train,orchards,VRG,22
2030674,frh01,train,orchards,VRG,22
2030675,frh01,train,orchards,VRG,22
2030678,frh01,train,orchards,VRG,22
2030742,frh01,train,orchards,VRG,40
2030749,frh01,train,wheat,BTH,47
2030753,frh01,train,orchards,VRG,22
2030754,frh01,train,orchards,VRG,22
2030755,frh01,train,orchards,VRG,22
2030756,frh01,train,orchards,VRG,22
2030757,frh01,train,orchards,VRG,22
2030758,frh01,train,orchards,VRG,22
2030759,frh01,train,orchards,VRG,22
2030760,frh01,train,orchards,VRG,22
2030761,frh01,train,orchards,VRG,22
2030798,frh01,train,permanent meadows,PPH,38
2030805,frh01,train,temporary meadows,RGA,38
2030816,frh01,train,barley,ORH,47
2030829,frh01,train,rapeseed,CZH,47
2030855,frh01,train,wheat,BTH,38
2030867,frh01,train,wheat,BTH,38
2030876,frh01,train,temporary meadows,RGA,60
2030935,frh01,train,wheat,BTH,22
2030941,frh01,train,wheat,BTH,22
2031004,frh01,train,temporary meadows,PTR,22
2031009,frh01,train,corn,MIE,22
2031027,frh01,train,corn,MIE,38
2031054,frh01,train,wheat,BTH,38
2031056,frh01,train,barley,ORH,38
2031070,frh01,train,temporary meadows,PTR,22
2031123,frh01,train,wheat,BTH,22
2031205,frh01,train,temporary meadows,RGA,22
2031258,frh01,train,permanent meadows,PPH,38
2031261,frh01,train,wheat,BTH,38
2031331,frh01,train,wheat,BTH,22
2031368,frh01,train,corn,MIE,22
2031453,frh01,train,rapeseed,CZH,32
2031465,frh01,train,orchards,VRG,60
2031604,frh01,train,barley,ORP,22
2031605,frh01,train,permanent meadows,PRL,22
2031616,frh01,train,temporary meadows,PTR,22
2031652,frh01,train,rapeseed,CZH,38
2031693,frh01,train,barley,ORP,22
2031704,frh01,train,rapeseed,CZH,40
2031711,frh01,train,corn,MIS,22
2031728,frh01,train,corn,MIS,38
2031742,frh01,train,orchards,VRG,55
2031765,frh01,train,rapeseed,CZH,22
2031817,frh01,train,barley,ORP,55
2031823,frh01,train,orchards,VRG,55
2031835,frh01,train,temporary meadows,PTR,38
2031867,frh01,train,permanent meadows,PPH,22
2031875,frh01,train,corn,MIS,34
2031879,frh01,train,wheat,BTH,27
2031900,frh01,train,corn,MIE,38
2031903,frh01,train,temporary meadows,PTR,38
2031965,frh01,train,orchards,VRG,38
2032000,frh01,train,permanent meadows,PPH,38
2032012,frh01,train,temporary meadows,PTR,22
2032018,frh01,train,permanent meadows,PPH,22
2032060,frh01,train,wheat,BTH,38
2032143,frh01,train,corn,MIE,47
2032190,frh01,train,corn,MIE,47
2032203,frh01,train,permanent meadows,PPH,38
2032214,frh01,train,temporary meadows,PTR,47
2032222,frh01,train,corn,MIE,38
2032237,frh01,train,permanent meadows,PPH,38
2032242,frh01,train,orchards,VRG,22
2032243,frh01,train,orchards,VRG,22
2032369,frh01,train,corn,MIS,38
2032385,frh01,train,permanent meadows,PPH,38
2032436,frh01,train,corn,MIE,38
2032486,frh01,train,permanent meadows,PPH,40
2032520,frh01,train,corn,MIE,22
2032532,frh01,train,rapeseed,CZH,22
2032593,frh01,train,wheat,BTH,47
2032609,frh01,train,permanent meadows,PPH,22
2032681,frh01,train,barley,ORH,38
2032684,frh01,train,permanent meadows,PRL,47
2032694,frh01,train,corn,MIE,22
2032700,frh01,train,orchards,VRG,55
2032706,frh01,train,barley,ORH,38
2032730,frh01,train,temporary meadows,RGA,22
2032789,frh01,train,corn,MIE,22
2032798,frh01,train,wheat,BTH,22
2032803,frh01,train,permanent meadows,PPH,22
2032838,frh01,train,rapeseed,CZH,22
2032845,frh01,train,wheat,BTH,22
2032848,frh01,train,rapeseed,CZH,22
2032861,frh01,train,temporary meadows,RGA,22
2032865,frh01,train,orchards,VRG,22
2032873,frh01,train,corn,MIE,22
2032920,frh01,train,orchards,VRG,47
2032939,frh01,train,rapeseed,CZH,22
2032940,frh01,train,barley,ORH,22
2032954,frh01,train,barley,ORH,22
2032978,frh01,train,permanent meadows,PRL,22
2033014,frh01,train,corn,MIE,60
2033017,frh01,train,wheat,BTH,55
2033073,frh01,train,wheat,BTH,22
2033091,frh01,train,wheat,BTH,47
2033109,frh01,train,permanent meadows,PPH,22
2033137,frh01,train,corn,MIS,22
2033145,frh01,train,corn,MIS,55
2033214,frh01,train,temporary meadows,RGA,22
2033272,frh01,train,permanent meadows,PPH,22
2033277,frh01,train,corn,MIE,40
2033286,frh01,train,temporary meadows,RGA,22
2033314,frh01,train,temporary meadows,PTR,47
2033353,frh01,train,wheat,BTH,38
2033384,frh01,train,permanent meadows,PPH,47
2033404,frh01,train,wheat,BTH,47
2033405,frh01,train,permanent meadows,PPH,22
2033412,frh01,train,rapeseed,CZH,22
2033418,frh01,train,permanent meadows,PPH,22
2033443,frh01,train,rapeseed,CZH,38
2033470,frh01,train,rapeseed,CZH,22
2033472,frh01,train,corn,MIE,22
2033523,frh01,train,barley,ORH,38
2033547,frh01,train,rapeseed,CZH,22
2033566,frh01,train,rapeseed,CZH,39
2033635,frh01,train,permanent meadows,PPH,25
2033731,frh01,train,permanent meadows,PPH,38
2033741,frh01,train,permanent meadows,PPH,38
2033763,frh01,train,corn,MIS,22
2033793,frh01,train,wheat,BTH,22
2033852,frh01,train,orchards,VRG,22
2033853,frh01,train,orchards,VRG,22
2033859,frh01,train,rapeseed,CZH,38
2033862,frh01,train,barley,ORH,38
2033879,frh01,train,temporary meadows,PTR,22
2033900,frh01,train,corn,MIS,38
2033940,frh01,train,temporary meadows,PTR,38
2033999,frh01,train,corn,MIE,38
2034034,frh01,train,corn,MIE,38
2034045,frh01,train,corn,MIE,22
2034062,frh01,train,rapeseed,CZH,47
2034130,frh01,train,corn,MIE,23
2034185,frh01,train,corn,MIS,40
2034192,frh01,train,rapeseed,CZH,40
2034203,frh01,train,corn,MIS,22
2034219,frh01,train,orchards,VRG,22
2034243,frh01,train,rapeseed,CZH,22
2034244,frh01,train,rapeseed,CZH,22
2034296,frh01,train,temporary meadows,PTR,22
2034324,frh01,train,temporary meadows,PTR,47
2034358,frh01,train,barley,ORH,22
2034371,frh01,train,corn,MIE,22
2034429,frh01,train,rapeseed,CZH,22
2034430,frh01,train,rapeseed,CZH,22
2034432,frh01,train,rapeseed,CZH,22
2034457,frh01,train,corn,MIE,22
2034483,frh01,train,wheat,BTH,40
2034497,frh01,train,corn,MIS,40
2034525,frh01,train,rapeseed,CZH,40
2034528,frh01,train,rapeseed,CZH,40
2034545,frh01,train,permanent meadows,PPH,40
2034557,frh01,train,wheat,BTH,38
2034578,frh01,train,rapeseed,CZH,40
2034601,frh01,train,permanent meadows,PPH,22
2034607,frh01,train,rapeseed,CZH,40
2034672,frh01,train,rapeseed,CZH,47
2034705,frh01,train,rapeseed,CZH,47
2034735,frh01,train,corn,MIE,55
2034760,frh01,train,wheat,BTH,40
2034762,frh01,train,rapeseed,CZH,40
2034789,frh01,train,rapeseed,CZH,47
2034813,frh01,train,permanent meadows,PPH,40
2034835,frh01,train,temporary meadows,PTR,38
2034837,frh01,train,temporary meadows,PTR,38
2034860,frh01,train,wheat,BTH,47
2034892,frh01,train,permanent meadows,PRL,38
2035057,frh01,train,barley,ORH,47
2035059,frh01,train,wheat,BTH,60
2035111,frh01,train,temporary meadows,PTR,38
2035121,frh01,train,rapeseed,CZH,38
2035191,frh01,train,permanent meadows,PPH,22
2035219,frh01,train,barley,ORH,22
2035233,frh01,train,temporary meadows,PTR,22
2035235,frh01,train,barley,ORH,60
2035299,frh01,train,permanent meadows,PPH,38
2035333,frh01,train,rapeseed,CZH,60
2035335,frh01,train,corn,MIS,55
2035366,frh01,train,orchards,VRG,22
2035384,frh01,train,rapeseed,CZH,40
2035385,frh01,train,barley,ORH,40
2035387,frh01,train,rapeseed,CZH,40
2035485,frh01,train,rapeseed,CZH,40
2035486,frh01,train,rapeseed,CZH,40
2035509,frh01,train,permanent meadows,PRL,22
2035534,frh01,train,corn,MIE,60
2035569,frh01,train,wheat,BTH,22
2035613,frh01,train,barley,ORH,22
2035618,frh01,train,corn,MIE,22
2035699,frh01,train,permanent meadows,PRL,38
2035751,frh01,train,temporary meadows,RGA,38
2035787,frh01,train,permanent meadows,PRL,38
2035863,frh01,train,temporary meadows,PTR,47
2035867,frh01,train,temporary meadows,PTR,47
2035970,frh01,train,corn,MIE,38
2036017,frh01,train,corn,MIE,22
2036036,frh01,train,barley,ORH,38
2036077,frh01,train,rapeseed,CZH,38
2036108,frh01,train,temporary meadows,PTR,22
2036144,frh01,train,rapeseed,CZH,38
2036190,frh01,train,corn,MIE,40
2036219,frh01,train,barley,ORH,38
2036252,frh01,train,temporary meadows,PTR,38
2036280,frh01,train,rapeseed,CZH,38
2036284,frh01,train,barley,ORH,38
2036302,frh01,train,temporary meadows,PTR,55
2036336,frh01,train,permanent meadows,PPH,38
2036394,frh01,train,orchards,VRG,22
2036399,frh01,train,barley,ORH,22
2036442,frh01,train,barley,ORH,22
2036468,frh01,train,barley,ORH,38
2036521,frh01,train,barley,ORP,22
2036549,frh01,train,permanent meadows,PPH,38
2036563,frh01,train,temporary meadows,RGA,38
2036564,frh01,train,rapeseed,CZH,38
2036572,frh01,train,wheat,BTH,38
2036584,frh01,train,temporary meadows,PTR,22
2036634,frh01,train,wheat,BTH,38
2036640,frh01,train,barley,ORH,38
2036641,frh01,train,barley,ORH,38
2036651,frh01,train,barley,ORH,55
2036655,frh01,train,rapeseed,CZH,55
2036723,frh01,train,rapeseed,CZH,22
2036755,frh01,train,barley,ORH,55
2036762,frh01,train,temporary meadows,PTR,55
2036778,frh01,train,wheat,BTH,55
2036822,frh01,train,permanent meadows,PPH,22
2036827,frh01,train,wheat,BTH,22
2036869,frh01,train,permanent meadows,PRL,47
2036970,frh01,train,temporary meadows,PTR,38
2036981,frh01,train,temporary meadows,PTR,38
2037093,frh01,train,temporary meadows,PTR,38
2037099,frh01,train,temporary meadows,PTR,38
2037149,frh01,train,corn,MIE,38
2037158,frh01,train,wheat,BTH,38
2037184,frh01,train,temporary meadows,PTR,22
2037266,frh01,train,wheat,BTH,38
2037291,frh01,train,temporary meadows,RGA,22
2037295,frh01,train,temporary meadows,RGA,22
2037303,frh01,train,temporary meadows,RGA,22
2037311,frh01,train,wheat,BTH,47
2037391,frh01,train,temporary meadows,PTR,60
2037446,frh01,train,temporary meadows,PTR,38
2037465,frh01,train,temporary meadows,RGA,22
2037471,frh01,train,corn,MIE,22
2037474,frh01,train,barley,ORH,22
2037484,frh01,train,permanent meadows,PRL,38
2037490,frh01,train,orchards,VRG,38
2037492,frh01,train,orchards,VRG,38
2037493,frh01,train,orchards,VRG,38
2037496,frh01,train,temporary meadows,PTR,38
2037497,frh01,train,orchards,VRG,38
2037499,frh01,train,orchards,VRG,38
2037501,frh01,train,nuts,CTG,38
2037502,frh01,train,nuts,CTG,38
2037504,frh01,train,orchards,VRG,38
2037518,frh01,train,rapeseed,CZH,38
2037519,frh01,train,rapeseed,CZH,38
2037595,frh01,train,wheat,BTH,38
2037605,frh01,train,rapeseed,CZH,38
2037689,frh01,train,permanent meadows,PRL,47
2037749,frh01,train,permanent meadows,PPH,38
2037807,frh01,train,temporary meadows,RGA,38
2037863,frh01,train,temporary meadows,PTR,40
2037880,frh01,train,permanent meadows,PRL,38
2037900,frh01,train,corn,MIE,22
2037929,frh01,train,orchards,VRG,38
2037973,frh01,train,corn,MIS,22
2037977,frh01,train,rapeseed,CZH,22
2038026,frh01,train,orchards,VRG,38
2038082,frh01,train,rapeseed,CZH,60
2038107,frh01,train,rapeseed,CZH,22
2038109,frh01,train,rapeseed,CZH,22
2038136,frh01,train,rapeseed,CZH,47
2038160,frh01,train,barley,ORH,22
2038187,frh01,train,temporary meadows,PTR,22
2038199,frh01,train,permanent meadows,PPH,22
2038330,frh01,train,wheat,BTH,55
2038332,frh01,train,temporary meadows,PTR,22
2038334,frh01,train,permanent meadows,PPH,22
2038350,frh01,train,wheat,BTH,22
2038396,frh01,train,barley,ORH,40
2038445,frh01,train,corn,MIE,22
2038541,frh01,train,orchards,VRG,22
2038545,frh01,train,corn,MIE,22
2038583,frh01,train,temporary meadows,PTR,22
2038604,frh01,train,wheat,BTH,40
2038638,frh01,train,wheat,BTH,22
2038644,frh01,train,barley,ORH,22
2038740,frh01,train,rapeseed,CZH,38
2038748,frh01,train,permanent meadows,PRL,38
2038765,frh01,train,permanent meadows,PPH,40
2038767,frh01,train,permanent meadows,PPH,40
2038799,frh01,train,wheat,BTH,38
2038819,frh01,train,temporary meadows,PTR,38
2038834,frh01,train,rapeseed,CZH,38
2038869,frh01,train,temporary meadows,PTR,38
2038877,frh01,train,wheat,BTH,38
2038915,frh01,train,rapeseed,CZH,38
2039023,frh01,train,temporary meadows,RGA,38
2039025,frh01,train,barley,ORP,38
2039072,frh01,train,permanent meadows,PPH,47
2039166,frh01,train,permanent meadows,PRL,38
2039199,frh01,train,permanent meadows,PRL,24
2039203,frh01,train,rapeseed,CZH,27
2039213,frh01,train,temporary meadows,PTR,38
2039216,frh01,train,wheat,BTH,40
2039254,frh01,train,orchards,VRG,40
2039280,frh01,train,permanent meadows,PPH,22
2039322,frh01,train,permanent meadows,PPH,22
2039326,frh01,train,orchards,VRG,22
2039341,frh01,train,corn,MIE,47
2039379,frh01,train,wheat,BTH,38
2039438,frh01,train,wheat,BTH,22
2039455,frh01,train,barley,ORH,22
2039489,frh01,train,wheat,BTH,40
2039522,frh01,train,rapeseed,CZH,40
2039523,frh01,train,rapeseed,CZH,40
2039547,frh01,train,corn,MIE,22
2039550,frh01,train,rapeseed,CZH,22
2039558,frh01,train,corn,MIS,22
2039583,frh01,train,corn,MIE,40
2039671,frh01,train,barley,ORH,37
2039784,frh01,train,rapeseed,CZH,40
2039848,frh01,train,barley,ORH,38
2039901,frh01,train,barley,ORH,47
2039939,frh01,train,permanent meadows,PPH,38
2039953,frh01,train,corn,MIE,22
2040011,frh01,train,barley,ORH,40
2040075,frh01,train,permanent meadows,PPH,22
2040117,frh01,train,rapeseed,CZH,22
2040123,frh01,train,wheat,BTH,22
2040167,frh01,train,rapeseed,CZH,22
2040233,frh01,train,rapeseed,CZH,22
2040237,frh01,train,rapeseed,CZH,22
2040320,frh01,train,orchards,VRG,22
2040337,frh01,train,corn,MIE,22
2040356,frh01,train,wheat,BTH,40
2040372,frh01,train,rapeseed,CZH,22
2040377,frh01,train,barley,ORH,22
2040408,frh01,train,rapeseed,CZH,22
2040427,frh01,train,temporary meadows,RGA,22
2040437,frh01,train,temporary meadows,RGA,22
2040439,frh01,train,orchards,VRG,38
2040441,frh01,train,orchards,VRG,38
2040470,frh01,train,barley,ORH,38
2040503,frh01,train,corn,MIE,22
2040575,frh01,train,corn,MIE,30
2040644,frh01,train,corn,MIS,60
2040739,frh01,train,temporary meadows,PTR,40
2040747,frh01,train,wheat,BTH,40
2040765,frh01,train,wheat,BTH,60
2040789,frh01,train,permanent meadows,PPH,22
2040811,frh01,train,wheat,BTH,22
2040834,frh01,train,temporary meadows,PTR,27
2040907,frh01,train,wheat,BTH,40
2040952,frh01,train,wheat,BTH,23
2040976,frh01,train,orchards,VRG,22
2041036,frh01,train,wheat,BTH,38
2041041,frh01,train,permanent meadows,PRL,60
2041047,frh01,train,rapeseed,CZH,60
2041048,frh01,train,permanent meadows,PRL,60
2041053,frh01,train,rapeseed,CZH,60
2041060,frh01,train,rapeseed,CZH,60
2041105,frh01,train,wheat,BTH,22
2041136,frh01,train,corn,MIE,38
2041182,frh01,train,corn,MIE,22
2041215,frh01,train,orchards,VRG,60
2041246,frh01,train,rapeseed,CZH,38
2041302,frh01,train,temporary meadows,PTR,22
2041322,frh01,train,temporary meadows,RGA,22
2041341,frh01,train,rapeseed,CZH,22
2041346,frh01,train,rapeseed,CZH,22
2041356,frh01,train,orchards,VRG,22
2041401,frh01,train,corn,MIE,22
2041407,frh01,train,corn,MIE,38
2041500,frh01,train,wheat,BTH,38
2041521,frh01,train,barley,ORH,22
2041559,frh01,train,permanent meadows,PPH,22
2041563,frh01,train,rapeseed,CZH,22
2041567,frh01,train,rapeseed,CZH,22
2041569,frh01,train,wheat,BTH,47
2041586,frh01,train,temporary meadows,PTR,38
2041660,frh01,train,wheat,BTH,22
2041676,frh01,train,corn,MIE,22
2041792,frh01,train,rapeseed,CZH,38
2041794,frh01,train,barley,ORH,38
2041799,frh01,train,temporary meadows,PTR,38
2041801,frh01,train,rapeseed,CZH,38
2041820,frh01,train,corn,MIE,40
2041849,frh01,train,barley,ORH,22
2041933,frh01,train,permanent meadows,PRL,38
2041951,frh01,train,wheat,BTH,38
2042012,frh01,train,barley,ORH,38
2042079,frh01,train,corn,MIE,22
2042101,frh01,train,temporary meadows,PTR,60
2042144,frh01,train,wheat,BTH,55
2042174,frh01,train,permanent meadows,PPH,40
2042213,frh01,train,orchards,VRG,47
2042214,frh01,train,orchards,VRG,47
2042215,frh01,train,orchards,VRG,47
2042216,frh01,train,orchards,VRG,47
2042266,frh01,train,barley,ORH,47
2042267,frh01,train,permanent meadows,PPH,47
2042275,frh01,train,barley,ORH,60
2042349,frh01,train,orchards,VRG,22
2042351,frh01,train,orchards,VRG,22
2042441,frh01,train,temporary meadows,PTR,38
2042467,frh01,train,barley,ORH,22
2042515,frh01,train,barley,ORH,22
2042526,frh01,train,rapeseed,CZH,47
2042537,frh01,train,corn,MIE,35
2042544,frh01,train,permanent meadows,PPH,34
2042568,frh01,train,barley,ORH,47
2042584,frh01,train,barley,ORH,40
2042585,frh01,train,barley,ORH,40
2042634,frh01,train,barley,ORH,55
2042669,frh01,train,permanent meadows,PPH,22
2042698,frh01,train,corn,MIE,22
2042737,frh01,train,barley,ORH,22
2042739,frh01,train,barley,ORH,22
2042770,frh01,train,barley,ORH,40
2042833,frh01,train,barley,ORH,38
2042851,frh01,train,rapeseed,CZH,40
2042875,frh01,train,temporary meadows,RGA,22
2042949,frh01,train,orchards,VRG,40
2042966,frh01,train,temporary meadows,PTR,47
2042978,frh01,train,temporary meadows,PTR,47
2042980,frh01,train,rapeseed,CZH,47
2042997,frh01,train,wheat,BTH,40
2043039,frh01,train,temporary meadows,RGA,38
2043117,frh01,train,rapeseed,CZH,22
2043142,frh01,train,wheat,BTH,22
2043157,frh01,train,temporary meadows,PTR,22
2043199,frh01,train,temporary meadows,PTR,27
2043205,frh01,train,permanent meadows,PPH,28
2043216,frh01,train,permanent meadows,PPH,24
2043278,frh01,train,rapeseed,CZH,60
2043322,frh01,train,barley,ORH,40
2043339,frh01,train,rapeseed,CZH,47
2043358,frh01,train,orchards,VRG,22
2043417,frh01,train,corn,MIE,40
2043464,frh01,train,wheat,BTH,22
2043472,frh01,train,permanent meadows,PRL,22
2043481,frh01,train,rapeseed,CZH,22
2043559,frh01,train,orchards,PFR,22
2043574,frh01,train,barley,ORH,47
2043610,frh01,train,rapeseed,CZH,22
2043722,frh01,train,temporary meadows,PTR,22
2043729,frh01,train,temporary meadows,PTR,22
2043731,frh01,train,orchards,VRG,22
2043774,frh01,train,rapeseed,CZH,22
2043798,frh01,train,orchards,VRG,38
2043836,frh01,train,wheat,BTH,38
2043865,frh01,train,temporary meadows,PTR,22
2043881,frh01,train,barley,ORH,47
2043896,frh01,train,permanent meadows,PRL,47
2043899,frh01,train,orchards,VRG,22
2043904,frh01,train,permanent meadows,PPH,22
2043915,frh01,train,orchards,VRG,22
2044012,frh01,train,wheat,BTH,22
2044016,frh01,train,corn,MIS,22
2044018,frh01,train,temporary meadows,PTR,22
2044053,frh01,train,corn,MIE,22
2044176,frh01,train,rapeseed,CZH,40
2044194,frh01,train,orchards,VRG,60
2044203,frh01,train,temporary meadows,PTR,38
2044228,frh01,train,rapeseed,CZH,38
2044238,frh01,train,temporary meadows,PTR,40
2044247,frh01,train,barley,ORH,40
2044292,frh01,train,temporary meadows,PTR,22
2044317,frh01,train,wheat,BTH,38
2044323,frh01,train,rapeseed,CZH,40
2044332,frh01,train,wheat,BTH,40
2044334,frh01,train,barley,ORP,40
2044341,frh01,train,rapeseed,CZH,38
2044387,frh01,train,corn,MIE,38
2044413,frh01,train,rapeseed,CZH,38
2044437,frh01,train,wheat,BTH,47
2044463,frh01,train,rapeseed,CZH,65
2044466,frh01,train,rapeseed,CZH,47
2044487,frh01,train,barley,ORP,22
2044512,frh01,train,temporary meadows,PTR,38
2044528,frh01,train,barley,ORH,47
2044559,frh01,train,orchards,VRG,38
2044568,frh01,train,permanent meadows,PPH,38
2044592,frh01,train,wheat,BTH,22
2044664,frh01,train,corn,MIE,22
2044719,frh01,train,barley,ORH,38
2044775,frh01,train,orchards,VRG,22
2044785,frh01,train,wheat,BTH,40
2044808,frh01,train,permanent meadows,PPH,38
2044861,frh01,train,orchards,VRG,22
2044889,frh01,train,rapeseed,CZH,22
2044958,frh01,train,rapeseed,CZH,22
2045034,frh01,train,wheat,BTH,22
2045075,frh01,train,permanent meadows,PPH,38
2045114,frh01,train,rapeseed,CZH,22
2045124,frh01,train,rapeseed,CZH,22
2045125,frh01,train,orchards,VRG,22
2045129,frh01,train,wheat,BTH,47
2045138,frh01,train,wheat,BTH,22
2045160,frh01,train,rapeseed,CZH,60
2045162,frh01,train,rapeseed,CZH,38
2045196,frh01,train,rapeseed,CZH,22
2045232,frh01,train,barley,ORH,22
2045238,frh01,train,rapeseed,CZH,22
2045292,frh01,train,permanent meadows,PRL,22
2045305,frh01,train,rapeseed,CZH,22
2045342,frh01,train,wheat,BTH,60
2045371,frh01,train,temporary meadows,PTR,38
2045374,frh01,train,barley,ORH,38
2045515,frh01,train,orchards,VRG,22
2045544,frh01,train,temporary meadows,RGA,38
2045592,frh01,train,corn,MIE,55
2045625,frh01,train,permanent meadows,PPH,22
2045630,frh01,train,barley,ORH,38
2045716,frh01,train,orchards,VRG,22
2045719,frh01,train,orchards,VRG,22
2045723,frh01,train,orchards,VRG,22
2045724,frh01,train,orchards,VRG,22
2045766,frh01,train,wheat,BTH,22
2045769,frh01,train,rapeseed,CZH,22
2045803,frh01,train,orchards,VRG,22
2045813,frh01,train,barley,ORH,38
2045854,frh01,train,permanent meadows,PRL,47
2045874,frh01,train,corn,MIE,40
2045935,frh01,train,rapeseed,CZH,22
2045938,frh01,train,barley,ORH,22
2045955,frh01,train,orchards,VRG,40
2045960,frh01,train,rapeseed,CZH,22
2045985,frh01,train,barley,ORH,40
2046034,frh01,train,barley,ORH,60
2046049,frh01,train,rapeseed,CZH,22
2046109,frh01,train,wheat,BTH,60
2046122,frh01,train,corn,MIE,55
2046132,frh01,train,corn,MIE,22
2046147,frh01,train,barley,ORH,47
2046184,frh01,train,temporary meadows,RGA,22
2046191,frh01,train,permanent meadows,PRL,22
2046196,frh01,train,temporary meadows,PTR,22
2046236,frh01,train,temporary meadows,RGA,40
2046240,frh01,train,wheat,BTH,47
2046260,frh01,train,permanent meadows,PRL,47
2046282,frh01,train,orchards,VRG,22
2046315,frh01,train,wheat,BTH,22
2046317,frh01,train,permanent meadows,PPH,38
2046346,frh01,train,permanent meadows,PPH,55
2046382,frh01,train,corn,MIE,22
2046388,frh01,train,permanent meadows,PRL,22
2046403,frh01,train,corn,MIE,22
2046456,frh01,train,wheat,BTH,22
2046474,frh01,train,orchards,VRG,22
2046521,frh01,train,barley,ORH,38
2046523,frh01,train,corn,MIE,38
2046568,frh01,train,orchards,VRG,22
2046571,frh01,train,rapeseed,CZH,22
2046587,frh01,train,wheat,BTH,22
2046597,frh01,train,rapeseed,CZH,22
2046610,frh01,train,rapeseed,CZH,22
2046620,frh01,train,permanent meadows,PRL,38
2046651,frh01,train,corn,MIE,38
2046702,frh01,train,temporary meadows,PTR,38
2046724,frh01,train,temporary meadows,PTR,38
2046770,frh01,train,temporary meadows,PTR,38
2046782,frh01,train,corn,MIE,38
2046809,frh01,train,barley,ORH,40
2046872,frh01,train,wheat,BTH,22
2046897,frh01,train,permanent meadows,PPH,22
2046987,frh01,train,permanent meadows,PPH,40
2047042,frh01,train,temporary meadows,RGA,22
2047047,frh01,train,orchards,VRG,22
2047056,frh01,train,corn,MIS,22
2047147,frh01,train,corn,MIE,40
2047148,frh01,train,corn,MIE,40
2047156,frh01,train,corn,MIE,40
2047166,frh01,train,permanent meadows,PRL,38
2047323,frh01,train,barley,ORH,22
2047325,frh01,train,barley,ORH,22
2047339,frh01,train,wheat,BTH,22
2047377,frh01,train,orchards,VRG,22
2047378,frh01,train,orchards,VRG,22
2047469,frh01,train,rapeseed,CZH,22
2047477,frh01,train,orchards,VRG,22
2047478,frh01,train,orchards,VRG,22
2047502,frh01,train,wheat,BTH,38
2047550,frh01,train,orchards,VRG,36
2047570,frh01,train,barley,ORH,38
2047702,frh01,train,corn,MIE,60
2047795,frh01,train,temporary meadows,PTR,22
2047796,frh01,train,permanent meadows,PPH,38
2047830,frh01,train,temporary meadows,PTR,22
2047835,frh01,train,wheat,BTH,22
2047913,frh01,train,barley,ORH,22
2047933,frh01,train,temporary meadows,PTR,40
2047939,frh01,train,permanent meadows,PPH,40
2047966,frh01,train,temporary meadows,RGA,47
2047990,frh01,train,rapeseed,CZH,22
2047991,frh01,train,rapeseed,CZH,22
2047999,frh01,train,temporary meadows,RGA,60
2048037,frh01,train,wheat,BTH,39
2048044,frh01,train,permanent meadows,PRL,40
2048060,frh01,train,temporary meadows,PTR,38
2048113,frh01,train,rapeseed,CZH,38
2048179,frh01,train,corn,MIE,38
2048190,frh01,train,barley,ORP,38
2048195,frh01,train,wheat,BTH,38
2048196,frh01,train,temporary meadows,PTR,38
2048255,frh01,train,temporary meadows,PTR,38
2048271,frh01,train,corn,MIE,38
2048273,frh01,train,permanent meadows,PRL,38
2048310,frh01,train,rapeseed,CZH,40
2048345,frh01,train,permanent meadows,PRL,38
2048354,frh01,train,permanent meadows,PRL,38
2048369,frh01,train,barley,ORP,38
2048379,frh01,train,temporary meadows,PTR,38
2048479,frh01,train,wheat,BTH,38
2048495,frh01,train,permanent meadows,PRL,38
2048499,frh01,train,permanent meadows,PPH,60
2048523,frh01,train,rapeseed,CZH,38
2048558,frh01,train,wheat,BTH,22
2048633,frh01,train,temporary meadows,RGA,22
2048634,frh01,train,temporary meadows,RGA,22
2048652,frh01,train,barley,ORP,60
2048655,frh01,train,temporary meadows,PTR,60
2048660,frh01,train,permanent meadows,PRL,60
2048677,frh01,train,temporary meadows,PTR,38
2048710,frh01,train,wheat,BTH,22
2048797,frh01,train,rapeseed,CZH,22
2048901,frh01,train,rapeseed,CZH,22
2048985,frh01,train,barley,ORH,38
2048994,frh01,train,wheat,BTH,38
2048998,frh01,train,temporary meadows,RGA,38
2049122,frh01,train,permanent meadows,PPH,38
2049164,frh01,train,wheat,BTH,22
2049166,frh01,train,barley,ORH,22
2049186,frh01,train,wheat,BTH,22
2049200,frh01,train,wheat,BTH,47
2049258,frh01,train,orchards,VRG,22
2049312,frh01,train,corn,MIS,38
2049316,frh01,train,corn,MIS,38
2049326,frh01,train,orchards,VRG,22
2049330,frh01,train,orchards,VRG,22
2049348,frh01,train,wheat,BTH,22
2049352,frh01,train,rapeseed,CZH,22
2049359,frh01,train,rapeseed,CZH,22
2049397,frh01,train,wheat,BTH,60
2049415,frh01,train,corn,MIS,38
2049420,frh01,train,orchards,VRG,22
2049421,frh01,train,orchards,VRG,22
2049422,frh01,train,orchards,VRG,22
2049423,frh01,train,orchards,VRG,22
2049424,frh01,train,orchards,VRG,22
2049425,frh01,train,orchards,VRG,22
2049426,frh01,train,orchards,VRG,22
2049427,frh01,train,orchards,VRG,22
2049433,frh01,train,barley,ORH,38
2049452,frh01,train,temporary meadows,PTR,22
2049465,frh01,train,wheat,BTH,22
2049499,frh01,train,temporary meadows,PTR,22
2049530,frh01,train,permanent meadows,PRL,22
2049534,frh01,train,wheat,BTH,22
2049639,frh01,train,rapeseed,CZH,38
2049662,frh01,train,temporary meadows,PTR,38
2049780,frh01,train,orchards,VRG,22
2049800,frh01,train,corn,MIS,55
2049824,frh01,train,barley,ORH,38
2049832,frh01,train,temporary meadows,PTR,38
2049836,frh01,train,wheat,BTH,60
2049853,frh01,train,permanent meadows,PPH,38
2049869,frh01,train,orchards,VRG,22
2049956,frh01,train,barley,ORH,47
2049964,frh01,train,corn,MIS,22
2049977,frh01,train,orchards,VRG,65
2049981,frh01,train,orchards,VRG,65
2050066,frh01,train,orchards,VRG,22
2050074,frh01,train,temporary meadows,PTR,65
2050083,frh01,train,corn,MIE,22
2050098,frh01,train,wheat,BTH,22
2050117,frh01,train,permanent meadows,PPH,38
2050157,frh01,train,wheat,BTH,47
2050191,frh01,train,corn,MIE,22
2050250,frh01,train,rapeseed,CZH,22
2050252,frh01,train,rapeseed,CZH,22
2050265,frh01,train,rapeseed,CZH,38
2050271,frh01,train,permanent meadows,PPH,22
2050307,frh01,train,barley,ORH,22
2050333,frh01,train,rapeseed,CZH,22
2050357,frh01,train,orchards,VRG,22
2050358,frh01,train,orchards,VRG,22
2050361,frh01,train,orchards,VRG,22
2050367,frh01,train,orchards,VRG,22
2050427,frh01,train,rapeseed,CZH,22
2050428,frh01,train,rapeseed,CZH,22
2050440,frh01,train,orchards,VRG,22
2050442,frh01,train,orchards,VRG,22
2050466,frh01,train,temporary meadows,RGA,22
2050507,frh01,train,rapeseed,CZH,22
2050529,frh01,train,wheat,BTH,22
2050623,frh01,train,barley,ORH,22
2050643,frh01,train,permanent meadows,PPH,22
2050644,frh01,train,rapeseed,CZH,22
2050652,frh01,train,corn,MIE,22
2050753,frh01,train,barley,ORH,38
2050769,frh01,train,barley,ORH,22
2050806,frh01,train,corn,MIS,22
2050819,frh01,train,orchards,VRG,22
2050861,frh01,train,orchards,VRG,22
2050872,frh01,train,corn,MIS,22
2050875,frh01,train,rapeseed,CZH,22
2050882,frh01,train,rapeseed,CZH,22
2050883,frh01,train,barley,ORH,22
2050897,frh01,train,barley,ORH,22
2050899,frh01,train,rapeseed,CZH,22
2050962,frh01,train,corn,MIS,22
2050979,frh01,train,barley,ORH,22
2050993,frh01,train,temporary meadows,PTR,47
2051087,frh01,train,permanent meadows,PPH,47
2051103,frh01,train,orchards,VRG,40
2051121,frh01,train,permanent meadows,PPH,38
2051123,frh01,train,temporary meadows,RGA,38
2051145,frh01,train,barley,ORP,22
2051188,frh01,train,wheat,BTH,40
2051255,frh01,train,corn,MIE,55
2051261,frh01,train,wheat,BTH,60
2051277,frh01,train,corn,MIE,40
2051295,frh01,train,wheat,BTH,22
2051365,frh01,train,permanent meadows,PPH,22
2051366,frh01,train,corn,MIE,22
2051482,frh01,train,barley,ORH,47
2051484,frh01,train,barley,ORH,47
2051611,frh01,train,barley,ORH,22
2051698,frh01,train,rapeseed,CZH,40
2051768,frh01,train,barley,ORH,40
2051793,frh01,train,corn,MIE,65
2051831,frh01,train,wheat,BTH,40
2051863,frh01,train,wheat,BTH,40
2051875,frh01,train,corn,MIE,35
2051878,frh01,train,barley,ORH,40
2051880,frh01,train,temporary meadows,PTR,22
2051907,frh01,train,barley,ORH,40
2051982,frh01,train,wheat,BTH,22
2051992,frh01,train,temporary meadows,RGA,55
2052069,frh01,train,corn,MIS,22
2052104,frh01,train,temporary meadows,RGA,38
2052119,frh01,train,corn,MIE,22
2052137,frh01,train,barley,ORH,22
2052195,frh01,train,barley,ORH,55
2052198,frh01,train,barley,ORH,55
2052278,frh01,train,wheat,BTH,47
2052305,frh01,train,wheat,BTH,38
2052324,frh01,train,wheat,BTH,22
2052343,frh01,train,permanent meadows,PRL,22
2052358,frh01,train,barley,ORH,38
2052363,frh01,train,barley,ORH,47
2052389,frh01,train,temporary meadows,PTR,38
2052442,frh01,train,wheat,BTH,47
2052444,frh01,train,permanent meadows,PRL,38
2052477,frh01,train,permanent meadows,PPH,29
2052487,frh01,train,rapeseed,CZH,22
2052494,frh01,train,corn,MIE,38
2052542,frh01,train,temporary meadows,PTR,38
2052583,frh01,train,rapeseed,CZH,22
2052586,frh01,train,rapeseed,CZH,22
2052639,frh01,train,corn,MIS,22
2052666,frh01,train,corn,MIS,22
2052684,frh01,train,wheat,BTH,38
2052757,frh01,train,permanent meadows,PRL,38
2052866,frh01,train,barley,ORH,47
2052918,frh01,train,corn,MIE,65
2052926,frh01,train,wheat,BTH,22
2052933,frh01,train,orchards,VRG,22
2052934,frh01,train,orchards,VRG,22
2052939,frh01,train,barley,ORH,38
2052950,frh01,train,barley,ORH,38
2052961,frh01,train,temporary meadows,PTR,38
2053000,frh01,train,wheat,BTH,47
2053024,frh01,train,wheat,BTH,38
2053025,frh01,train,permanent meadows,PRL,38
2053050,frh01,train,permanent meadows,PRL,60
2053102,frh01,train,corn,MIE,22
2053111,frh01,train,corn,MIE,22
2053184,frh01,train,wheat,BTH,40
2053195,frh01,train,orchards,VRG,22
2053294,frh01,train,orchards,VRG,22
2053298,frh01,train,permanent meadows,PRL,40
2053312,frh01,train,corn,MIE,38
2053333,frh01,train,permanent meadows,PPH,22
2053344,frh01,train,wheat,BTH,60
2053417,frh01,train,corn,MIE,60
2053420,frh01,train,rapeseed,CZH,22
2053423,frh01,train,rapeseed,CZH,22
2053458,frh01,train,permanent meadows,PRL,40
2053487,frh01,train,wheat,BTH,22
2053490,frh01,train,rapeseed,CZH,22
2053531,frh01,train,corn,MIE,36
2053543,frh01,train,permanent meadows,PRL,40
2053544,frh01,train,barley,ORH,22
2053560,frh01,train,corn,MIS,22
2053601,frh01,train,corn,MIE,27
2053616,frh01,train,rapeseed,CZH,22
2053619,frh01,train,rapeseed,CZH,22
2053624,frh01,train,orchards,PFR,22
2053649,frh01,train,barley,ORH,22
2053675,frh01,train,temporary meadows,PTR,38
2053676,frh01,train,temporary meadows,PTR,60
2053690,frh01,train,wheat,BTH,22
2053817,frh01,train,temporary meadows,RGA,38
2053948,frh01,train,rapeseed,CZH,22
2053970,frh01,train,rapeseed,CZH,22
2053972,frh01,train,wheat,BTH,22
2054049,frh01,train,barley,ORH,22
2054124,frh01,train,wheat,BTH,22
2054137,frh01,train,permanent meadows,PRL,55
2054200,frh01,train,temporary meadows,PTR,38
2054265,frh01,train,orchards,VRG,23
2054279,frh01,train,temporary meadows,PTR,22
2054295,frh01,train,corn,MIE,60
2054329,frh01,train,wheat,BTH,22
2054338,frh01,train,temporary meadows,RGA,22
2054362,frh01,train,temporary meadows,PTR,38
2054512,frh01,train,orchards,VRG,22
2054532,frh01,train,permanent meadows,PPH,22
2054542,frh01,train,barley,ORH,22
2054656,frh01,train,corn,MIE,22
2054706,frh01,train,permanent meadows,PPH,38
2054715,frh01,train,permanent meadows,PRL,40
2054727,frh01,train,wheat,BTH,47
2054747,frh01,train,permanent meadows,PPH,22
2054873,frh01,train,barley,ORH,55
2054894,frh01,train,wheat,BTH,38
2054902,frh01,train,wheat,BTH,38
2054936,frh01,train,temporary meadows,PTR,38
2055010,frh01,train,temporary meadows,RGA,38
2055015,frh01,train,corn,MIE,38
2055025,frh01,train,permanent meadows,PPH,38
2055096,frh01,train,permanent meadows,PPH,38
2055098,frh01,train,temporary meadows,RGA,38
2055116,frh01,train,permanent meadows,PPH,38
2055137,frh01,train,wheat,BTH,22
2055220,frh01,train,rapeseed,CZH,22
2055224,frh01,train,temporary meadows,RGA,40
2055236,frh01,train,permanent meadows,PPH,22
2055276,frh01,train,temporary meadows,RGA,38
2055343,frh01,train,rapeseed,CZH,38
2055513,frh01,train,permanent meadows,PRL,60
2055529,frh01,train,corn,MIE,38
2055557,frh01,train,wheat,BTH,22
2055590,frh01,train,barley,ORH,38
2055592,frh01,train,temporary meadows,PTR,38
2055643,frh01,train,barley,ORP,55
2055662,frh01,train,barley,ORH,22
2055663,frh01,train,orchards,VRG,22
2055710,frh01,train,temporary meadows,PTR,22
2055729,frh01,train,rapeseed,CZH,22
2055730,frh01,train,corn,MIS,22
2055764,frh01,train,rapeseed,CZH,40
2055774,frh01,train,wheat,BTH,40
2055805,frh01,train,wheat,BTH,22
2055809,frh01,train,corn,MIE,22
2055812,frh01,train,temporary meadows,PTR,22
2055897,frh01,train,corn,MIE,22
2055901,frh01,train,permanent meadows,PPH,22
2055929,frh01,train,wheat,BTH,22
2055962,frh01,train,corn,MIE,22
2055963,frh01,train,rapeseed,CZH,22
2055979,frh01,train,rapeseed,CZH,22
2055991,frh01,train,wheat,BTH,22
2056048,frh01,train,wheat,BTH,22
2056092,frh01,train,wheat,BTH,22
2056144,frh01,train,corn,MIS,22
2056209,frh01,train,wheat,BTH,38
2056222,frh01,train,rapeseed,CZH,22
2056248,frh01,train,rapeseed,CZH,22
2056274,frh01,train,corn,MIE,22
2056321,frh01,train,rapeseed,CZH,22
2056512,frh01,train,orchards,VRG,38
2056515,frh01,train,orchards,VRG,38
2056527,frh01,train,orchards,VRG,40
2056570,frh01,train,orchards,VRG,22
2056578,frh01,train,orchards,VRG,22
2056590,frh01,train,temporary meadows,PTR,38
2056614,frh01,train,temporary meadows,PTR,30
2056621,frh01,train,permanent meadows,PPH,40
2056659,frh01,train,orchards,VRG,22
2056665,frh01,train,rapeseed,CZH,22
2056666,frh01,train,rapeseed,CZH,22
2056679,frh01,train,wheat,BTH,40
2056683,frh01,train,rapeseed,CZH,40
2056778,frh01,train,permanent meadows,PRL,38
2056827,frh01,train,barley,ORH,38
2056892,frh01,train,wheat,BTH,22
2056924,frh01,train,barley,ORH,38
2056946,frh01,train,orchards,VRG,38
2057016,frh01,train,wheat,BTH,22
2057033,frh01,train,corn,MIS,40
2057065,frh01,train,temporary meadows,RGA,60
2057068,frh01,train,temporary meadows,RGA,60
2057072,frh01,train,barley,ORH,60
2057082,frh01,train,barley,ORH,38
2057129,frh01,train,temporary meadows,PTR,60
2057130,frh01,train,orchards,VRG,60
2057139,frh01,train,wheat,BTH,60
2057142,frh01,train,temporary meadows,PTR,60
2057258,frh01,train,temporary meadows,PTR,38
2057282,frh01,train,temporary meadows,RGA,38
2057299,frh01,train,barley,ORH,47
2057304,frh01,train,permanent meadows,PPH,60
2057355,frh01,train,barley,ORH,47
2057511,frh01,train,wheat,BTH,47
2057533,frh01,train,corn,MIE,22
2057564,frh01,train,corn,MIE,22
2057596,frh01,train,wheat,BTH,22
2057640,frh01,train,corn,MIE,38
2057715,frh01,train,rapeseed,CZH,38
2057781,frh01,train,temporary meadows,RGA,22
2057791,frh01,train,permanent meadows,PPH,38
2057807,frh01,train,temporary meadows,PTR,38
2057819,frh01,train,barley,ORH,38
2057905,frh01,train,wheat,BTH,22
2057911,frh01,train,corn,MIS,22
2057924,frh01,train,permanent meadows,PPH,40
2057934,frh01,train,temporary meadows,PTR,38
2058033,frh01,train,temporary meadows,PTR,22
2058041,frh01,train,orchards,VRG,40
2058042,frh01,train,orchards,VRG,40
2058043,frh01,train,orchards,VRG,40
2058046,frh01,train,orchards,VRG,40
2058059,frh01,train,rapeseed,CZH,40
2058061,frh01,train,rapeseed,CZH,40
2058065,frh01,train,barley,ORH,40
2058087,frh01,train,orchards,PFR,22
2058088,frh01,train,orchards,PFR,22
2058089,frh01,train,orchards,PFR,22
2058105,frh01,train,permanent meadows,PRL,38
2058149,frh01,train,orchards,VRG,22
2058160,frh01,train,orchards,VRG,22
2058171,frh01,train,wheat,BTH,40
2058227,frh01,train,permanent meadows,PRL,22
2058229,frh01,train,orchards,VRG,22
2058230,frh01,train,orchards,VRG,22
2058231,frh01,train,orchards,VRG,22
2058232,frh01,train,orchards,VRG,22
2058234,frh01,train,wheat,BTH,22
2058250,frh01,train,orchards,VRG,22
2058251,frh01,train,rapeseed,CZH,22
2058261,frh01,train,orchards,VRG,22
2058272,frh01,train,rapeseed,CZH,47
2058287,frh01,train,barley,ORH,38
2058297,frh01,train,wheat,BTH,38
2058322,frh01,train,orchards,VRG,22
2058323,frh01,train,orchards,VRG,22
2058378,frh01,train,wheat,BTH,47
2058384,frh01,train,corn,MIS,47
2058415,frh01,train,temporary meadows,PTR,38
2058427,frh01,train,temporary meadows,PTR,38
2058460,frh01,train,corn,MIE,22
2058508,frh01,train,permanent meadows,PPH,38
2058523,frh01,train,wheat,BTH,38
2058553,frh01,train,barley,ORH,22
2058580,frh01,train,barley,ORH,60
2058595,frh01,train,temporary meadows,PTR,38
2058596,frh01,train,barley,ORH,60
2058599,frh01,train,rapeseed,CZH,60
2058603,frh01,train,corn,MIS,60
2058604,frh01,train,rapeseed,CZH,60
2058636,frh01,train,temporary meadows,PTR,38
2058655,frh01,train,barley,ORH,22
2058689,frh01,train,temporary meadows,PTR,60
2058744,frh01,train,rapeseed,CZH,22
2058803,frh01,train,orchards,VRG,22
2058812,frh01,train,rapeseed,CZH,22
2058866,frh01,train,orchards,VRG,60
2058888,frh01,train,barley,ORH,22
2058891,frh01,train,orchards,VRG,22
2058892,frh01,train,orchards,VRG,22
2058893,frh01,train,orchards,VRG,22
2058896,frh01,train,orchards,VRG,22
2058970,frh01,train,corn,MIE,22
2058972,frh01,train,barley,ORH,22
2058979,frh01,train,orchards,VRG,60
2059016,frh01,train,barley,ORH,22
2059045,frh01,train,permanent meadows,PPH,22
2059057,frh01,train,corn,MIS,22
2059061,frh01,train,permanent meadows,PRL,22
2059092,frh01,train,rapeseed,CZH,38
2059096,frh01,train,rapeseed,CZH,38
2059097,frh01,train,barley,ORH,38
2059100,frh01,train,barley,ORH,22
2059136,frh01,train,permanent meadows,PRL,22
2059139,frh01,train,permanent meadows,PRL,22
2059183,frh01,train,permanent meadows,PRL,47
2059217,frh01,train,barley,ORH,22
2059235,frh01,train,temporary meadows,RGA,47
2059249,frh01,train,temporary meadows,RGA,60
2059263,frh01,train,permanent meadows,PRL,47
2059267,frh01,train,barley,ORH,22
2059315,frh01,train,corn,MIE,38
2059327,frh01,train,permanent meadows,PPH,22
2059393,frh01,train,wheat,BTH,60
2059423,frh01,train,orchards,VRG,47
2059435,frh01,train,barley,ORH,22
2059449,frh01,train,permanent meadows,PPH,38
2059455,frh01,train,rapeseed,CZH,47
2059470,frh01,train,orchards,VRG,22
2059505,frh01,train,rapeseed,CZH,47
2059514,frh01,train,rapeseed,CZH,47
2059515,frh01,train,rapeseed,CZH,47
2059557,frh01,train,rapeseed,CZH,22
2059575,frh01,train,barley,ORH,22
2059610,frh01,train,orchards,VRG,22
2059614,frh01,train,permanent meadows,PPH,38
2059619,frh01,train,wheat,BTH,38
2059624,frh01,train,wheat,BTH,38
2059663,frh01,train,wheat,BTH,22
2059693,frh01,train,corn,MIS,22
2059695,frh01,train,corn,MIS,22
2059696,frh01,train,orchards,VRG,22
2059708,frh01,train,permanent meadows,PPH,38
2059756,frh01,train,corn,MIE,60
2059823,frh01,train,permanent meadows,PPH,38
2059844,frh01,train,permanent meadows,PRL,38
2059860,frh01,train,permanent meadows,PRL,38
2059878,frh01,train,corn,MIS,22
2059906,frh01,train,wheat,BTH,55
2059952,frh01,train,barley,ORH,22
2059956,frh01,train,wheat,BTH,22
2060021,frh01,train,wheat,BTH,22
2060045,frh01,train,rapeseed,CZH,22
2060102,frh01,train,corn,MIS,22
2060103,frh01,train,wheat,BTH,22
2060123,frh01,train,permanent meadows,PRL,22
2060137,frh01,train,temporary meadows,PTR,38
2060143,frh01,train,rapeseed,CZH,38
2060187,frh01,train,barley,ORH,38
2060189,frh01,train,permanent meadows,PRL,22
2060202,frh01,train,orchards,VRG,22
2060207,frh01,train,nuts,CTG,22
2060228,frh01,train,temporary meadows,PTR,38
2060232,frh01,train,permanent meadows,PRL,22
2060290,frh01,train,orchards,VRG,22
2060296,frh01,train,orchards,VRG,40
2060297,frh01,train,orchards,VRG,40
2060300,frh01,train,nuts,NOS,22
2060445,frh01,train,barley,ORH,38
2060519,frh01,train,corn,MIE,38
2060594,frh01,train,permanent meadows,PPH,38
2060630,frh01,train,corn,MIE,22
2060661,frh01,train,orchards,VRG,40
2060695,frh01,train,wheat,BTH,40
2060718,frh01,train,wheat,BTH,38
2060737,frh01,train,rapeseed,CZH,40
2060758,frh01,train,barley,ORH,38
2060763,frh01,train,wheat,BTH,38
2060772,frh01,train,wheat,BTH,40
2060821,frh01,train,rapeseed,CZH,38
2060900,frh01,train,barley,ORP,38
2060901,frh01,train,rapeseed,CZH,38
2060902,frh01,train,rapeseed,CZH,38
2060909,frh01,train,barley,ORP,38
2060983,frh01,train,permanent meadows,PRL,38
2060985,frh01,train,permanent meadows,PRL,38
2061003,frh01,train,wheat,BTH,55
2061013,frh01,train,barley,ORP,55
2061042,frh01,train,temporary meadows,PTR,40
2061069,frh01,train,corn,MIE,55
2061158,frh01,train,temporary meadows,PTR,38
2061186,frh01,train,wheat,BTH,38
2061258,frh01,train,rapeseed,CZH,22
2061308,frh01,train,rapeseed,CZH,55
2061338,frh01,train,wheat,BTH,22
2061339,frh01,train,wheat,BTH,22
2061355,frh01,train,permanent meadows,PPH,22
2061435,frh01,train,rapeseed,CZH,22
2061441,frh01,train,rapeseed,CZH,22
2061464,frh01,train,corn,MIE,22
2061469,frh01,train,rapeseed,CZH,22
2061476,frh01,train,corn,MIE,22
2061521,frh01,train,corn,MIS,38
2061538,frh01,train,permanent meadows,PPH,40
2061555,frh01,train,wheat,BTH,40
2061575,frh01,train,rapeseed,CZH,22
2061660,frh01,train,permanent meadows,PPH,38
2061703,frh01,train,wheat,BTH,55
2061728,frh01,train,orchards,VRG,22
2061735,frh01,train,wheat,BTH,22
2061743,frh01,train,corn,MIS,22
2061760,frh01,train,temporary meadows,PTR,38
2061768,frh01,train,barley,ORH,60
2061788,frh01,train,corn,MIE,60
2061835,frh01,train,barley,ORH,22
2061883,frh01,train,temporary meadows,RGA,55
2061959,frh01,train,permanent meadows,PPH,60
2061969,frh01,train,permanent meadows,PRL,38
2061983,frh01,train,corn,MIE,22
2062019,frh01,train,barley,ORH,55
2062036,frh01,train,rapeseed,CZH,22
2062069,frh01,train,orchards,VRG,22
2062087,frh01,train,temporary meadows,PTR,22
2062160,frh01,train,temporary meadows,PTR,22
2062185,frh01,train,permanent meadows,PPH,38
2062202,frh01,train,temporary meadows,PTR,22
2062271,frh01,train,temporary meadows,PTR,60
2062287,frh01,train,rapeseed,CZH,22
2062289,frh01,train,temporary meadows,PTR,22
2062302,frh01,train,rapeseed,CZH,22
2062354,frh01,train,rapeseed,CZH,22
2062389,frh01,train,orchards,VRG,22
2062390,frh01,train,orchards,VRG,22
2062440,frh01,train,wheat,BTH,22
2062474,frh01,train,barley,ORH,22
2062508,frh01,train,orchards,VRG,55
2062563,frh01,train,rapeseed,CZH,22
2062570,frh01,train,permanent meadows,PPH,22
2062581,frh01,train,wheat,BTH,22
2062601,frh01,train,barley,ORH,22
2062613,frh01,train,wheat,BTH,22
2062617,frh01,train,barley,ORH,22
2062622,frh01,train,orchards,VRG,22
2062656,frh01,train,rapeseed,CZH,38
2062683,frh01,train,wheat,BTH,40
2062718,frh01,train,barley,ORH,22
2062722,frh01,train,barley,ORH,22
2062723,frh01,train,corn,MIS,22
2062727,frh01,train,orchards,VRG,22
2062744,frh01,train,rapeseed,CZH,38
2062745,frh01,train,temporary meadows,PTR,38
2062748,frh01,train,barley,ORH,38
2062783,frh01,train,rapeseed,CZH,22
2062786,frh01,train,barley,ORH,22
2062799,frh01,train,wheat,BTH,22
2062800,frh01,train,barley,ORH,22
2062823,frh01,train,temporary meadows,RGA,38
2062829,frh01,train,temporary meadows,PTR,38
2062840,frh01,train,barley,ORH,38
2062843,frh01,train,barley,ORH,38
2062897,frh01,train,barley,ORH,47
2062939,frh01,train,temporary meadows,PTR,38
2062942,frh01,train,temporary meadows,RGA,55
2062983,frh01,train,wheat,BTH,47
2063077,frh01,train,corn,MIS,40
2063097,frh01,train,orchards,VRG,22
2063205,frh01,train,corn,MIE,38
2063236,frh01,train,barley,ORH,22
2063309,frh01,train,permanent meadows,PPH,38
2063311,frh01,train,barley,ORH,38
2063318,frh01,train,permanent meadows,PPH,38
2063340,frh01,train,wheat,BTH,38
2063391,frh01,train,permanent meadows,PPH,22
2063438,frh01,train,orchards,VRG,22
2063442,frh01,train,orchards,VRG,22
2063450,frh01,train,wheat,BTH,22
2063534,frh01,train,barley,ORH,22
2063536,frh01,train,wheat,BTH,22
2063537,frh01,train,rapeseed,CZH,22
2063538,frh01,train,rapeseed,CZH,22
2063571,frh01,train,orchards,VRG,22
2063584,frh01,train,permanent meadows,PRL,38
2063643,frh01,train,corn,MIE,65
2063705,frh01,train,temporary meadows,PTR,37
2063733,frh01,train,permanent meadows,PPH,65
2063777,frh01,train,corn,MIE,40
2063837,frh01,train,rapeseed,CZH,22
2063840,frh01,train,temporary meadows,PTR,22
2063895,frh01,train,rapeseed,CZH,65
2063915,frh01,train,corn,MIE,65
2063926,frh01,train,corn,MIE,65
2063966,frh01,train,barley,ORH,22
2063968,frh01,train,rapeseed,CZH,22
2063981,frh01,train,temporary meadows,PTR,22
2064004,frh01,train,corn,MIS,22
2064008,frh01,train,wheat,BTH,22
2064065,frh01,train,temporary meadows,PTR,22
2064083,frh01,train,permanent meadows,PRL,22
2064126,frh01,train,permanent meadows,PRL,38
2064150,frh01,train,permanent meadows,PRL,22
2064186,frh01,train,orchards,PFR,22
2064192,frh01,train,barley,ORH,65
2064196,frh01,train,barley,ORH,65
2064202,frh01,train,barley,ORH,65
2064238,frh01,train,permanent meadows,PPH,38
2064339,frh01,train,rapeseed,CZH,60
2064366,frh01,train,corn,MIE,47
2064398,frh01,train,barley,ORH,22
2064411,frh01,train,wheat,BTH,22
2064438,frh01,train,barley,ORH,47
2064453,frh01,train,wheat,BTH,40
2064478,frh01,train,wheat,BTH,22
2064482,frh01,train,rapeseed,CZH,22
2064499,frh01,train,permanent meadows,PPH,38
2064547,frh01,train,wheat,BTH,60
2064675,frh01,train,temporary meadows,PTR,38
2064687,frh01,train,corn,MIE,38
2064700,frh01,train,wheat,BTH,60
2064717,frh01,train,wheat,BTH,22
2064744,frh01,train,rapeseed,CZH,22
2064778,frh01,train,permanent meadows,PRL,22
2064786,frh01,train,rapeseed,CZH,60
2064788,frh01,train,permanent meadows,PRL,60
2064789,frh01,train,rapeseed,CZH,60
2064881,frh01,train,permanent meadows,PRL,47
2064945,frh01,train,barley,ORH,22
2064987,frh01,train,rapeseed,CZH,22
2065064,frh01,train,wheat,BTH,22
2065246,frh01,train,wheat,BTH,38
2065288,frh01,train,temporary meadows,PTR,38
2065312,frh01,train,orchards,VRG,22
2065468,frh01,train,corn,MIE,38
2065485,frh01,train,rapeseed,CZH,40
2065490,frh01,train,rapeseed,CZH,47
2065505,frh01,train,corn,MIE,22
2065512,frh01,train,temporary meadows,RGA,22
2065622,frh01,train,permanent meadows,PPH,22
2065639,frh01,train,wheat,BTH,22
2065648,frh01,train,barley,ORH,38
2065656,frh01,train,permanent meadows,PPH,40
2065657,frh01,train,rapeseed,CZH,40
2065696,frh01,train,barley,ORH,22
2065716,frh01,train,rapeseed,CZH,23
2065758,frh01,train,barley,ORH,22
2065796,frh01,train,permanent meadows,PRL,22
2065848,frh01,train,wheat,BTH,38
2065852,frh01,train,rapeseed,CZH,38
2065900,frh01,train,permanent meadows,PRL,22
2065940,frh01,train,barley,ORP,38
2066031,frh01,train,rapeseed,CZH,38
2066041,frh01,train,wheat,BTH,60
2066116,frh01,train,barley,ORH,60
2066136,frh01,train,temporary meadows,PTR,38
2066156,frh01,train,corn,MIE,22
2066167,frh01,train,temporary meadows,PTR,38
2066229,frh01,train,barley,ORH,55
2066254,frh01,train,wheat,BTH,38
2066341,frh01,train,barley,ORH,55
2066342,frh01,train,barley,ORH,55
2066346,frh01,train,barley,ORH,22
2066348,frh01,train,corn,MIS,22
2066460,frh01,train,barley,ORH,22
2066465,frh01,train,barley,ORH,22
2066535,frh01,train,wheat,BTH,40
2066575,frh01,train,rapeseed,CZH,22
2066611,frh01,train,rapeseed,CZH,38
2066618,frh01,train,rapeseed,CZH,38
2066626,frh01,train,rapeseed,CZH,22
2066692,frh01,train,rapeseed,CZH,38
2066704,frh01,train,permanent meadows,PPH,38
2066711,frh01,train,rapeseed,CZH,38
2066773,frh01,train,orchards,VRG,55
2066814,frh01,train,barley,ORH,40
2066882,frh01,train,rapeseed,CZH,38
2066958,frh01,train,barley,ORH,60
2066989,frh01,train,permanent meadows,PPH,47
2067070,frh01,train,temporary meadows,PTR,60
2067072,frh01,train,permanent meadows,PPH,47
2067179,frh01,train,temporary meadows,RGA,22
2067215,frh01,train,wheat,BTH,22
2067233,frh01,train,corn,MIS,22
2067246,frh01,train,corn,MIE,22
2067292,frh01,train,permanent meadows,PPH,40
2067334,frh01,train,barley,ORH,47
2067356,frh01,train,corn,MIS,40
2067362,frh01,train,barley,ORH,47
2067384,frh01,train,wheat,BTH,22
2067389,frh01,train,barley,ORH,22
2067446,frh01,train,rapeseed,CZH,47
2067453,frh01,train,barley,ORH,40
2067465,frh01,train,temporary meadows,RGA,40
2067485,frh01,train,wheat,BTH,38
2067524,frh01,train,temporary meadows,PTR,22
2067561,frh01,train,rapeseed,CZH,22
2067578,frh01,train,permanent meadows,PPH,47
2067651,frh01,train,permanent meadows,PRL,22
2067733,frh01,train,wheat,BTH,22
2067761,frh01,train,wheat,BTH,38
2067775,frh01,train,orchards,VRG,22
2067787,frh01,train,corn,MIE,22
2067802,frh01,train,barley,ORH,38
2067833,frh01,train,permanent meadows,PPH,38
2067872,frh01,train,corn,MIE,22
2067897,frh01,train,barley,ORH,38
2067934,frh01,train,rapeseed,CZH,22
2067935,frh01,train,rapeseed,CZH,22
2067939,frh01,train,barley,ORH,22
2068065,frh01,train,corn,MIE,40
2068073,frh01,train,temporary meadows,RGA,38
2068074,frh01,train,barley,ORH,38
2068105,frh01,train,wheat,BTH,22
2068160,frh01,train,wheat,BTH,27
2068223,frh01,train,rapeseed,CZH,38
2068289,frh01,train,permanent meadows,PPH,47
2068312,frh01,train,barley,ORH,38
2068317,frh01,train,barley,ORH,23
2068328,frh01,train,wheat,BTH,22
2068347,frh01,train,wheat,BTH,47
2068415,frh01,train,temporary meadows,PTR,38
2068433,frh01,train,temporary meadows,PTR,40
2068435,frh01,train,permanent meadows,PRL,40
2068456,frh01,train,rapeseed,CZH,47
2068501,frh01,train,corn,MIE,38
2068532,frh01,train,rapeseed,CZH,47
2068597,frh01,train,temporary meadows,PTR,60
2068613,frh01,train,wheat,BTH,47
2068618,frh01,train,wheat,BTH,40
2068622,frh01,train,permanent meadows,PPH,40
2068623,frh01,train,rapeseed,CZH,40
2068625,frh01,train,wheat,BTH,40
2068654,frh01,train,barley,ORH,22
2068746,frh01,train,rapeseed,CZH,22
2068749,frh01,train,rapeseed,CZH,22
2068769,frh01,train,temporary meadows,PTR,38
2068784,frh01,train,barley,ORH,47
2068795,frh01,train,corn,MIE,38
2068799,frh01,train,corn,MIE,38
2068801,frh01,train,permanent meadows,PRL,38
2068806,frh01,train,temporary meadows,PTR,38
2068824,frh01,train,barley,ORH,60
2068829,frh01,train,rapeseed,CZH,60
2068862,frh01,train,wheat,BTH,40
2068960,frh01,train,rapeseed,CZH,22
2068962,frh01,train,permanent meadows,PRL,22
2068973,frh01,train,orchards,VRG,22
2068986,frh01,train,temporary meadows,PTR,22
2069057,frh01,train,barley,ORP,22
2069092,frh01,train,rapeseed,CZH,22
2069106,frh01,train,temporary meadows,PTR,40
2069133,frh01,train,corn,MIE,22
2069221,frh01,train,wheat,BTH,22
2069240,frh01,train,temporary meadows,PTR,22
2069248,frh01,train,rapeseed,CZH,22
2069273,frh01,train,wheat,BTH,38
2069290,frh01,train,wheat,BTH,22
2069361,frh01,train,corn,MIE,47
2069387,frh01,train,rapeseed,CZH,47
2069403,frh01,train,wheat,BTH,38
2069438,frh01,train,permanent meadows,PPH,47
2069476,frh01,train,rapeseed,CZH,40
2069497,frh01,train,rapeseed,CZH,22
2069506,frh01,train,temporary meadows,PTR,22
2069515,frh01,train,barley,ORH,38
2069558,frh01,train,corn,MIE,22
2069598,frh02,train,rapeseed,CZH,38
2069604,frh01,train,orchards,VRG,22
2069608,frh01,train,wheat,BTH,22
2069626,frh01,train,temporary meadows,PTR,22
2069634,frh01,train,wheat,BTH,22
2069669,frh01,train,rapeseed,CZH,38
2069672,frh02,train,rapeseed,CZH,38
2069731,frh01,train,corn,MIE,22
2069739,frh01,train,temporary meadows,PTR,38
2069770,frh01,train,rapeseed,CZH,38
2069782,frh01,train,barley,ORH,38
2069799,frh01,train,permanent meadows,PPH,38
2069883,frh01,train,corn,MIE,38
2069919,frh01,train,barley,ORH,38
2069962,frh01,train,barley,ORH,47
2069965,frh01,train,rapeseed,CZH,47
2069972,frh01,train,wheat,BTH,40
2069974,frh01,train,corn,MIS,47
2069977,frh01,train,wheat,BTH,47
2069978,frh01,train,corn,MIS,47
2069982,frh01,train,permanent meadows,PPH,22
2069983,frh01,train,barley,ORH,22
2069989,frh01,train,permanent meadows,PRL,38
2070031,frh01,train,rapeseed,CZH,38
2070032,frh01,train,rapeseed,CZH,47
2070104,frh01,train,wheat,BTH,22
2070137,frh01,train,temporary meadows,PTR,38
2070163,frh01,train,orchards,VRG,22
2070177,frh01,train,rapeseed,CZH,38
2070182,frh01,train,wheat,BTH,22
2070211,frh01,train,corn,MIE,22
2070273,frh01,train,barley,ORH,38
2070285,frh01,train,barley,ORH,22
2070334,frh01,train,corn,MIS,65
2070412,frh01,train,orchards,VRG,22
2070421,frh01,train,temporary meadows,PTR,22
2070434,frh01,train,rapeseed,CZH,38
2070438,frh01,train,wheat,BTH,38
2070528,frh01,train,permanent meadows,PPH,38
2070581,frh01,train,wheat,BTH,22
2070596,frh01,train,rapeseed,CZH,22
2070599,frh01,train,barley,ORH,22
2070614,frh01,train,wheat,BTH,22
2070615,frh01,train,orchards,VRG,22
2070622,frh01,train,wheat,BTH,38
2070687,frh02,train,barley,ORH,38
2070703,frh01,train,wheat,BTH,38
2070723,frh01,train,barley,ORH,38
2070738,frh01,train,wheat,BTH,40
2070760,frh01,train,barley,ORH,22
2070765,frh01,train,temporary meadows,PTR,22
2070820,frh01,train,barley,ORH,31
2070822,frh01,train,barley,ORH,24
2070825,frh01,train,orchards,VRG,22
2070850,frh01,train,rapeseed,CZH,60
2070856,frh01,train,rapeseed,CZH,60
2070922,frh01,train,wheat,BTH,60
2070933,frh01,train,wheat,BTH,60
2070949,frh01,train,corn,MIE,38
2071021,frh01,train,wheat,BTH,22
2071024,frh01,train,temporary meadows,PTR,22
2071077,frh01,train,wheat,BTH,40
2071127,frh01,train,wheat,BTH,47
2071133,frh01,train,wheat,BTH,47
2071164,frh01,train,temporary meadows,RGA,47
2071166,frh01,train,temporary meadows,RGA,47
2071175,frh01,train,barley,ORH,38
2071215,frh01,train,temporary meadows,RGA,47
2071258,frh01,train,permanent meadows,PRL,47
2071289,frh01,train,rapeseed,CZH,22
2071290,frh01,train,rapeseed,CZH,22
2071294,frh01,train,wheat,BTH,22
2071306,frh01,train,barley,ORH,38
2071348,frh01,train,rapeseed,CZH,38
2071350,frh01,train,rapeseed,CZH,38
2071427,frh01,train,wheat,BTH,40
2071495,frh01,train,temporary meadows,RGA,38
2071507,frh01,train,permanent meadows,PRL,47
2071528,frh01,train,permanent meadows,PRL,47
2071541,frh01,train,wheat,BTH,22
2071568,frh01,train,barley,ORH,38
2071605,frh01,train,barley,ORH,38
2071639,frh01,train,corn,MIS,22
2071643,frh01,train,permanent meadows,PRL,47
2071658,frh01,train,permanent meadows,PPH,40
2071686,frh01,train,orchards,VRG,40
2071687,frh01,train,orchards,VRG,40
2071690,frh01,train,orchards,VRG,40
2071692,frh01,train,orchards,VRG,40
2071756,frh01,train,barley,ORH,65
2071758,frh01,train,barley,ORH,65
2071769,frh01,train,barley,ORH,22
2071782,frh01,train,rapeseed,CZH,38
2071783,frh01,train,permanent meadows,PPH,38
2071784,frh01,train,rapeseed,CZH,38
2071839,frh01,train,corn,MIE,65
2071846,frh01,train,temporary meadows,PTR,38
2071882,frh01,train,permanent meadows,PRL,38
2071935,frh01,train,orchards,VRG,38
2071972,frh01,train,permanent meadows,PPH,38
2072023,frh01,train,barley,ORH,40
2072025,frh01,train,wheat,BTH,22
2072049,frh01,train,wheat,BTH,60
2072068,frh01,train,corn,MIE,38
2072118,frh01,train,rapeseed,CZH,60
2072119,frh01,train,rapeseed,CZH,60
2072154,frh01,train,temporary meadows,RGA,38
2072190,frh01,train,corn,MIE,22
2072195,frh01,train,permanent meadows,PPH,22
2072200,frh01,train,corn,MIE,22
2072210,frh01,train,barley,ORH,38
2072244,frh01,train,permanent meadows,PPH,38
2072254,frh01,train,barley,ORH,38
2072276,frh01,train,temporary meadows,PTR,36
2072279,frh01,train,corn,MIS,22
2072285,frh01,train,permanent meadows,PPH,22
2072321,frh01,train,rapeseed,CZH,22
2072414,frh01,train,rapeseed,CZH,22
2072490,frh01,train,temporary meadows,PTR,38
2072500,frh01,train,temporary meadows,RGA,22
2072502,frh01,train,permanent meadows,PPH,22
2072526,frh01,train,temporary meadows,PTR,40
2072545,frh01,train,wheat,BTH,40
2072591,frh01,train,barley,ORH,22
2072607,frh01,train,temporary meadows,RGA,22
2072636,frh01,train,wheat,BTH,40
2072666,frh01,train,temporary meadows,RGA,38
2072674,frh01,train,barley,ORH,55
2072706,frh01,train,barley,ORH,22
2072709,frh01,train,rapeseed,CZH,22
2072712,frh01,train,rapeseed,CZH,22
2072781,frh01,train,permanent meadows,PPH,22
2072802,frh01,train,wheat,BTH,22
2072825,frh01,train,corn,MIE,22
2072826,frh01,train,corn,MIE,22
2072859,frh01,train,wheat,BTH,38
2072862,frh01,train,temporary meadows,RGA,38
2072919,frh01,train,barley,ORH,47
2072981,frh01,train,orchards,VRG,22
2073002,frh01,train,rapeseed,CZH,47
2073152,frh01,train,rapeseed,CZH,22
2073160,frh01,train,rapeseed,CZH,22
2073163,frh01,train,rapeseed,CZH,22
2073175,frh01,train,temporary meadows,RGA,47
2073187,frh01,train,corn,MIE,60
2073213,frh01,train,wheat,BTH,38
2073302,frh01,train,wheat,BTH,38
2073323,frh01,train,corn,MIS,38
2073344,frh01,train,permanent meadows,PPH,40
2073345,frh01,train,wheat,BTH,40
2073667,frh01,train,orchards,VRG,22
2073668,frh01,train,orchards,VRG,22
2073685,frh01,train,wheat,BTH,22
2073732,frh01,train,temporary meadows,PTR,47
2073744,frh01,train,corn,MIS,47
2073821,frh01,train,permanent meadows,PPH,38
2073848,frh01,train,temporary meadows,PTR,40
2073940,frh01,train,wheat,BTH,39
2073981,frh01,train,barley,ORP,22
2074010,frh01,train,wheat,BTH,40
2074020,frh01,train,corn,MIS,22
2074039,frh01,train,temporary meadows,RGA,22
2074157,frh01,train,temporary meadows,PTR,22
2074174,frh01,train,corn,MIE,22
2074177,frh01,train,orchards,VRG,22
2074249,frh01,train,permanent meadows,PRL,22
2074259,frh01,train,corn,MIE,22
2074279,frh01,train,permanent meadows,PPH,38
2074308,frh01,train,permanent meadows,PPH,38
2074369,frh01,train,corn,MIS,22
2074376,frh01,train,barley,ORH,22
2074413,frh01,train,rapeseed,CZH,38
2074414,frh01,train,rapeseed,CZH,38
2074415,frh01,train,rapeseed,CZH,38
2074423,frh01,train,wheat,BTH,38
2074464,frh01,train,wheat,BTH,22
2074467,frh01,train,corn,MIE,22
2074525,frh01,train,rapeseed,CZH,38
2074529,frh01,train,rapeseed,CZH,38
2074566,frh01,train,wheat,BTH,22
2074609,frh01,train,wheat,BTH,38
2074618,frh01,train,rapeseed,CZH,38
2074631,frh01,train,wheat,BTH,38
2074662,frh01,train,orchards,VRG,60
2074664,frh01,train,orchards,PFR,60
2074692,frh01,train,rapeseed,CZH,47
2074698,frh01,train,rapeseed,CZH,47
2074700,frh01,train,rapeseed,CZH,47
2074702,frh01,train,barley,ORH,60
2074707,frh01,train,rapeseed,CZH,38
2074713,frh01,train,wheat,BTH,60
2074730,frh01,train,corn,MIS,22
2074735,frh01,train,corn,MIS,22
2074736,frh01,train,corn,MIS,22
2074741,frh01,train,wheat,BTH,22
2074771,frh01,train,barley,ORH,47
2074796,frh01,train,temporary meadows,PTR,40
2074844,frh01,train,rapeseed,CZH,47
2074845,frh01,train,rapeseed,CZH,60
2074865,frh01,train,wheat,BTH,60
2075085,frh01,train,wheat,BTH,22
2075114,frh01,train,temporary meadows,RGA,47
2075196,frh01,train,barley,ORH,38
2075230,frh01,train,barley,ORH,47
2075292,frh01,train,corn,MIS,22
2075338,frh01,train,temporary meadows,PTR,47
2075375,frh01,train,barley,ORH,38
2075424,frh01,train,corn,MIE,38
2075444,frh01,train,corn,MIE,60
2075466,frh01,train,rapeseed,CZH,38
2075475,frh01,train,wheat,BTH,38
2075523,frh01,train,barley,ORH,22
2075544,frh01,train,barley,ORH,60
2075550,frh01,train,rapeseed,CZH,47
2075551,frh01,train,permanent meadows,PPH,47
2075576,frh01,train,corn,MIE,22
2075580,frh01,train,orchards,VRG,22
2075594,frh01,train,barley,ORH,22
2075597,frh01,train,orchards,VRG,22
2075645,frh01,train,rapeseed,CZH,22
2075691,frh01,train,temporary meadows,PTR,38
2075711,frh01,train,rapeseed,CZH,38
2075712,frh01,train,permanent meadows,PRL,38
2075713,frh01,train,rapeseed,CZH,38
2075725,frh01,train,barley,ORH,38
2075765,frh01,train,corn,MIS,22
2075779,frh01,train,orchards,VRG,22
2075857,frh01,train,wheat,BTH,40
2075858,frh01,train,wheat,BTH,40
2075863,frh01,train,rapeseed,CZH,22
2075866,frh01,train,barley,ORP,22
2075887,frh01,train,temporary meadows,PTR,22
2075895,frh01,train,temporary meadows,PTR,38
2075918,frh01,train,wheat,BTH,22
2075934,frh01,train,wheat,BTH,38
2075945,frh01,train,barley,ORH,38
2075953,frh01,train,barley,ORH,38
2075979,frh01,train,corn,MIE,40
2076072,frh01,train,rapeseed,CZH,22
2076074,frh01,train,permanent meadows,PPH,22
2076104,frh01,train,barley,ORP,38
2076122,frh01,train,permanent meadows,PPH,22
2076142,frh01,train,rapeseed,CZH,22
2076154,frh01,train,wheat,BTH,40
2076185,frh01,train,barley,ORH,38
2076188,frh01,train,permanent meadows,PRL,38
2076194,frh01,train,wheat,BTH,22
2076307,frh01,train,wheat,BTH,60
2076309,frh01,train,rapeseed,CZH,60
2076311,frh01,train,rapeseed,CZH,60
2076312,frh01,train,rapeseed,CZH,60
2076313,frh01,train,rapeseed,CZH,60
2076343,frh01,train,temporary meadows,PTR,22
2076356,frh01,train,wheat,BTH,22
2076373,frh01,train,corn,MIE,39
2076374,frh01,train,corn,MIE,40
2076410,frh01,train,barley,ORH,38
2076456,frh01,train,rapeseed,CZH,22
2076457,frh01,train,rapeseed,CZH,22
2076525,frh01,train,temporary meadows,PTR,22
2076545,frh01,train,corn,MIS,22
2076581,frh01,train,wheat,BTH,40
2076584,frh01,train,corn,MIE,40
2076592,frh01,train,permanent meadows,PPH,40
2076593,frh01,train,wheat,BTH,40
2076612,frh01,train,rapeseed,CZH,22
2076615,frh01,train,rapeseed,CZH,22
2076642,frh01,train,rapeseed,CZH,22
2076673,frh01,train,permanent meadows,PPH,40
2076793,frh01,train,barley,ORH,22
2076806,frh01,train,temporary meadows,RGA,38
2076831,frh01,train,corn,MIS,38
2076870,frh01,train,orchards,VRG,22
2076969,frh01,train,permanent meadows,PRL,47
2077028,frh01,train,temporary meadows,PTR,22
2077075,frh01,train,barley,ORH,38
2077101,frh01,train,barley,ORP,22
2077136,frh01,train,rapeseed,CZH,40
2077222,frh01,train,temporary meadows,RGA,38
2077251,frh01,train,barley,ORH,22
2077298,frh01,train,temporary meadows,RGA,38
2077345,frh01,train,barley,ORH,22
2077388,frh01,train,wheat,BTH,65
2077442,frh01,train,permanent meadows,PRL,55
2077482,frh01,train,corn,MIE,60
2077607,frh01,train,barley,ORH,22
2077618,frh01,train,orchards,VRG,22
2077678,frh01,train,wheat,BTH,40
2077693,frh01,train,temporary meadows,RGA,22
2077703,frh01,train,permanent meadows,PPH,22
2077723,frh01,train,rapeseed,CZH,40
2077768,frh01,train,temporary meadows,PTR,22
2077776,frh01,train,barley,ORH,38
2077783,frh01,train,permanent meadows,PPH,38
2077794,frh01,train,temporary meadows,PTR,22
2077856,frh01,train,temporary meadows,PTR,22
2077871,frh01,train,barley,ORH,22
2077954,frh01,train,barley,ORH,22
2077979,frh01,train,wheat,BTH,22
2077981,frh01,train,barley,ORH,22
2078010,frh01,train,permanent meadows,PPH,47
2078046,frh01,train,barley,ORH,22
2078094,frh01,train,permanent meadows,PRL,47
2078180,frh01,train,rapeseed,CZH,22
2078224,frh01,train,corn,MIS,22
2078269,frh01,train,corn,MIE,47
2078292,frh01,train,corn,MIE,38
2078332,frh01,train,temporary meadows,PTR,38
2078408,frh01,train,corn,MIS,22
2078495,frh01,train,temporary meadows,PTR,38
2078504,frh01,train,temporary meadows,PTR,38
2078526,frh01,train,barley,ORH,38
2078553,frh01,train,wheat,BTH,22
2078560,frh01,train,orchards,VRG,22
2078569,frh01,train,orchards,VRG,22
2078634,frh01,train,orchards,VRG,38
2078705,frh01,train,barley,ORH,22
2078714,frh01,train,temporary meadows,PTR,38
2078768,frh01,train,wheat,BTH,55
2078830,frh01,train,wheat,BTH,22
2078884,frh01,train,rapeseed,CZH,40
2078889,frh01,train,rapeseed,CZH,40
2078902,frh01,train,permanent meadows,PPH,22
2078926,frh01,train,permanent meadows,PPH,38
2078954,frh01,train,wheat,BTH,22
2079025,frh01,train,wheat,BTH,55
2079052,frh01,train,orchards,VRG,27
2079199,frh01,train,permanent meadows,PPH,38
2079221,frh01,train,wheat,BTH,60
2079262,frh01,train,permanent meadows,PRL,38
2079263,frh01,train,permanent meadows,PRL,38
2079313,frh01,train,wheat,BTH,22
2079317,frh01,train,barley,ORH,22
2079402,frh01,train,temporary meadows,PTR,37
2079411,frh01,train,wheat,BTH,38
2079473,frh01,train,rapeseed,CZH,22
2079477,frh01,train,wheat,BTH,22
2079614,frh01,train,rapeseed,CZH,22
2079634,frh01,train,permanent meadows,PPH,22
2079698,frh01,train,temporary meadows,PTR,22
2079713,frh01,train,permanent meadows,PPH,22
2079714,frh01,train,rapeseed,CZH,22
2079716,frh01,train,corn,MIS,22
2079737,frh01,train,wheat,BTH,47
2079795,frh01,train,corn,MIS,22
2079874,frh01,train,rapeseed,CZH,22
2079895,frh01,train,rapeseed,CZH,22
2079898,frh01,train,rapeseed,CZH,22
2079899,frh01,train,rapeseed,CZH,22
2079941,frh01,train,temporary meadows,PTR,38
2079972,frh01,train,temporary meadows,RGA,22
2079982,frh01,train,corn,MIS,22
2079986,frh01,train,orchards,VRG,22
2080040,frh01,train,temporary meadows,RGA,38
2080074,frh01,train,barley,ORH,40
2080104,frh01,train,barley,ORH,47
2080109,frh01,train,corn,MIE,22
2080128,frh01,train,rapeseed,CZH,38
2080192,frh01,train,temporary meadows,PTR,22
2080300,frh01,train,barley,ORH,55
2080321,frh01,train,temporary meadows,RGA,55
2080340,frh01,train,rapeseed,CZH,47
2080389,frh01,train,permanent meadows,PPH,38
2080390,frh01,train,temporary meadows,RGA,38
2080413,frh01,train,corn,MIS,60
2080445,frh01,train,rapeseed,CZH,22
2080449,frh01,train,rapeseed,CZH,22
2080468,frh01,train,wheat,BTH,38
2080476,frh01,train,rapeseed,CZH,22
2080479,frh01,train,permanent meadows,PPH,22
2080514,frh01,train,temporary meadows,RGA,60
2080564,frh01,train,corn,MIE,22
2080591,frh01,train,temporary meadows,PTR,47
2080623,frh01,train,orchards,VRG,22
2080640,frh01,train,wheat,BTH,22
2080683,frh01,train,wheat,BTH,38
2080716,frh01,train,permanent meadows,PPH,22
2080727,frh01,train,barley,ORH,38
2080735,frh01,train,rapeseed,CZH,38
2080742,frh01,train,barley,ORH,38
2080744,frh01,train,temporary meadows,RGA,38
2080750,frh01,train,wheat,BTH,38
2080775,frh01,train,temporary meadows,PTR,38
2080790,frh01,train,corn,MIE,40
2080816,frh01,train,corn,MIE,38
2080868,frh01,train,corn,MIE,38
2080892,frh01,train,barley,ORH,47
2080918,frh01,train,barley,ORH,38
2080939,frh01,train,temporary meadows,RGA,22
2080943,frh01,train,permanent meadows,PPH,22
2080969,frh01,train,permanent meadows,PRL,47
2080983,frh01,train,wheat,BTH,22
2081045,frh01,train,permanent meadows,PPH,22
2081068,frh01,train,wheat,BTH,22
2081077,frh01,train,corn,MIE,40
2081082,frh01,train,rapeseed,CZH,40
2081096,frh01,train,corn,MIE,38
2081129,frh01,train,temporary meadows,PTR,65
2081166,frh01,train,rapeseed,CZH,22
2081168,frh01,train,barley,ORP,22
2081214,frh01,train,rapeseed,CZH,60
2081247,frh01,train,temporary meadows,PTR,47
2081260,frh01,train,corn,MIE,22
2081317,frh01,train,wheat,BTH,47
2081346,frh01,train,corn,MIE,22
2081387,frh01,train,wheat,BTH,22
2081407,frh01,train,corn,MIS,47
2081438,frh01,train,corn,MIE,22
2081442,frh01,train,rapeseed,CZH,47
2081443,frh01,train,rapeseed,CZH,47
2081518,frh01,train,permanent meadows,PPH,38
2081593,frh01,train,permanent meadows,PRL,47
2081615,frh01,train,rapeseed,CZH,22
2081655,frh01,train,temporary meadows,PTR,22
2081683,frh01,train,wheat,BTH,22
2081688,frh01,train,permanent meadows,PPH,22
2081689,frh01,train,corn,MIE,22
2081728,frh01,train,rapeseed,CZH,38
2081753,frh01,train,barley,ORH,47
2081763,frh01,train,temporary meadows,RGA,22
2081775,frh01,train,permanent meadows,PRL,22
2081778,frh01,train,corn,MIE,22
2081859,frh01,train,rapeseed,CZH,38
2081873,frh01,train,barley,ORH,38
2081877,frh01,train,rapeseed,CZH,22
2081880,frh01,train,orchards,VRG,22
2081901,frh01,train,permanent meadows,PPH,22
2081902,frh01,train,wheat,BTH,22
2081969,frh01,train,rapeseed,CZH,22
2081970,frh01,train,rapeseed,CZH,22
2081972,frh01,train,orchards,VRG,22
2082007,frh01,train,wheat,BTH,40
2082033,frh01,train,temporary meadows,RGA,38
2082034,frh01,train,barley,ORH,38
2082045,frh01,train,rapeseed,CZH,22
2082058,frh01,train,corn,MIE,22
2082067,frh01,train,wheat,BTH,22
2082101,frh01,train,wheat,BTH,40
2082108,frh01,train,corn,MIE,40
2082157,frh01,train,permanent meadows,PRL,22
2082209,frh01,train,temporary meadows,PTR,40
2082234,frh01,train,corn,MIE,38
2082241,frh01,train,temporary meadows,PTR,22
2082268,frh01,train,temporary meadows,PTR,38
2082272,frh01,train,temporary meadows,RGA,38
2082280,frh01,train,barley,ORH,40
2082282,frh01,train,barley,ORH,40
2082316,frh01,train,rapeseed,CZH,22
2082324,frh01,train,wheat,BTH,22
2082346,frh01,train,wheat,BTH,22
2082381,frh01,train,permanent meadows,PRL,22
2082399,frh01,train,corn,MIS,22
2082449,frh01,train,temporary meadows,PTR,38
2082452,frh01,train,rapeseed,CZH,38
2082454,frh01,train,wheat,BTH,38
2082461,frh01,train,permanent meadows,PPH,22
2082464,frh01,train,barley,ORH,22
2082466,frh01,train,wheat,BTH,22
2082468,frh01,train,temporary meadows,PTR,22
2082538,frh01,train,wheat,BTH,38
2082596,frh01,train,corn,MIE,22
2082598,frh01,train,corn,MIS,22
2082721,frh01,train,barley,ORH,38
2082742,frh01,train,corn,MIE,60
2082760,frh01,train,permanent meadows,PPH,22
2082787,frh01,train,temporary meadows,PTR,22
2082802,frh01,train,permanent meadows,PRL,22
2082848,frh01,train,rapeseed,CZH,38
2082854,frh01,train,rapeseed,CZH,38
2082890,frh01,train,rapeseed,CZH,38
2082925,frh01,train,wheat,BTH,22
2082959,frh01,train,barley,ORH,22
2083015,frh01,train,orchards,VRG,40
2083044,frh01,train,permanent meadows,PRL,22
2083058,frh01,train,temporary meadows,PTR,22
2083109,frh01,train,wheat,BTH,38
2083112,frh01,train,barley,ORP,38
2083150,frh01,train,barley,ORP,38
2083175,frh01,train,rapeseed,CZH,38
2083220,frh01,train,wheat,BTH,22
2083296,frh01,train,rapeseed,CZH,22
2083317,frh01,train,corn,MIS,22
2083320,frh01,train,corn,MIS,22
2083400,frh01,train,wheat,BTH,22
2083429,frh01,train,barley,ORH,38
2083473,frh01,train,wheat,BTH,22
2083503,frh01,train,corn,MIE,22
2083521,frh01,train,rapeseed,CZH,38
2083555,frh01,train,orchards,VRG,60
2083571,frh01,train,wheat,BTH,47
2083588,frh01,train,temporary meadows,RGA,38
2083607,frh01,train,barley,ORH,38
2083645,frh01,train,barley,ORH,47
2083672,frh01,train,rapeseed,CZH,38
2083731,frh01,train,barley,ORH,60
2083748,frh01,train,permanent meadows,PRL,38
2083756,frh01,train,orchards,VRG,38
2083780,frh01,train,corn,MIE,22
2083805,frh01,train,rapeseed,CZH,22
2083815,frh01,train,wheat,BTH,40
2083874,frh01,train,corn,MIE,47
2083897,frh01,train,wheat,BTH,22
2083898,frh01,train,corn,MIS,22
2083917,frh01,train,barley,ORH,22
2083959,frh01,train,barley,ORH,40
2083961,frh01,train,corn,MIS,22
2083963,frh01,train,corn,MIE,47
2084077,frh01,train,barley,ORH,38
2084111,frh01,train,rapeseed,CZH,22
2084127,frh01,train,corn,MIS,22
2084179,frh01,train,wheat,BTH,22
2084191,frh01,train,barley,ORH,22
2084243,frh01,train,permanent meadows,PRL,38
2084262,frh01,train,barley,ORH,38
2084273,frh01,train,rapeseed,CZH,38
2084338,frh01,train,wheat,BTH,22
2084344,frh01,train,rapeseed,CZH,22
2084353,frh01,train,wheat,BTH,22
2084395,frh01,train,orchards,VRG,38
2084471,frh01,train,temporary meadows,RGA,24
2084477,frh01,train,rapeseed,CZH,40
2084520,frh01,train,temporary meadows,PTR,60
2084548,frh01,train,orchards,VRG,40
2084568,frh01,train,wheat,BTH,22
2084577,frh01,train,permanent meadows,PPH,38
2084602,frh01,train,temporary meadows,RGA,22
2084630,frh01,train,orchards,VRG,40
2084698,frh01,train,permanent meadows,PPH,38
2084702,frh01,train,temporary meadows,PTR,38
2084752,frh01,train,corn,MIS,60
2084791,frh01,train,permanent meadows,PRL,38
2084808,frh01,train,corn,MIE,55
2084809,frh01,train,corn,MIS,22
2084839,frh01,train,rapeseed,CZH,40
2084897,frh01,train,barley,ORH,22
2084942,frh01,train,permanent meadows,PPH,38
2084966,frh01,train,temporary meadows,RGA,40
2084970,frh01,train,rapeseed,CZH,38
2084972,frh01,train,rapeseed,CZH,38
2084973,frh01,train,rapeseed,CZH,38
2084975,frh01,train,rapeseed,CZH,38
2084999,frh01,train,permanent meadows,PRL,40
2085007,frh01,train,wheat,BTH,40
2085074,frh01,train,barley,ORH,40
2085157,frh01,train,wheat,BTH,22
2085252,frh01,train,rapeseed,CZH,38
2085327,frh01,train,corn,MIE,47
2085337,frh01,train,wheat,BTH,22
2085385,frh01,train,permanent meadows,PPH,22
2085387,frh01,train,orchards,VRG,22
2085432,frh01,train,orchards,VRG,22
2085453,frh01,train,temporary meadows,PTR,47
2085496,frh01,train,wheat,BTH,22
2085573,frh01,train,barley,ORH,22
2085706,frh01,train,permanent meadows,PPH,22
2085721,frh01,train,wheat,BTH,22
2085764,frh01,train,wheat,BTH,47
2085781,frh01,train,barley,ORH,40
2085799,frh01,train,rapeseed,CZH,22
2085823,frh01,train,rapeseed,CZH,40
2085824,frh01,train,wheat,BTH,40
2085832,frh01,train,barley,ORH,40
2085833,frh01,train,barley,ORH,37
2085835,frh01,train,orchards,VRG,40
2085890,frh01,train,wheat,BTH,22
2085954,frh01,train,permanent meadows,PPH,38
2085979,frh01,train,wheat,BTH,22
2085994,frh01,train,rapeseed,CZH,22
2086069,frh01,train,wheat,BTH,22
2086103,frh01,train,orchards,VRG,55
2086110,frh01,train,wheat,BTH,37
2086175,frh01,train,rapeseed,CZH,22
2086219,frh01,train,rapeseed,CZH,38
2086271,frh01,train,barley,ORP,47
2086304,frh01,train,rapeseed,CZH,38
2086321,frh01,train,temporary meadows,RGA,38
2086341,frh01,train,barley,ORH,47
2086348,frh01,train,temporary meadows,PTR,47
2086357,frh01,train,temporary meadows,RGA,38
2086368,frh01,train,temporary meadows,PTR,38
2086374,frh01,train,permanent meadows,PPH,38
2086393,frh01,train,temporary meadows,PTR,23
2086404,frh01,train,permanent meadows,PPH,38
2086513,frh01,train,wheat,BTH,38
2086595,frh01,train,barley,ORH,38
2086767,frh01,train,orchards,VRG,22
2086806,frh01,train,barley,ORH,47
2086807,frh01,train,temporary meadows,PTR,47
2086829,frh01,train,barley,ORP,40
2086845,frh01,train,wheat,BTH,38
2086849,frh01,train,wheat,BTH,38
2086863,frh01,train,orchards,VRG,22
2086871,frh01,train,wheat,BTH,40
2086873,frh01,train,wheat,BTH,40
2086886,frh01,train,rapeseed,CZH,40
2086912,frh01,train,corn,MIE,47
2086924,frh01,train,corn,MIE,47
2086963,frh01,train,temporary meadows,RGA,40
2086967,frh01,train,wheat,BTH,40
2087005,frh01,train,permanent meadows,PPH,47
2087008,frh01,train,temporary meadows,RGA,47
2087063,frh01,train,wheat,BTH,40
2087064,frh01,train,rapeseed,CZH,40
2087117,frh01,train,rapeseed,CZH,22
2087128,frh01,train,wheat,BTH,22
2087147,frh01,train,wheat,BTH,40
2087267,frh01,train,rapeseed,CZH,22
2087269,frh01,train,rapeseed,CZH,22
2087270,frh01,train,wheat,BTH,22
2087277,frh01,train,corn,MIE,22
2087288,frh01,train,temporary meadows,RGA,47
2087322,frh01,train,rapeseed,CZH,38
2087440,frh01,train,barley,ORH,22
2087451,frh01,train,corn,MIE,60
2087455,frh01,train,orchards,VRG,60
2087478,frh01,train,rapeseed,CZH,38
2087506,frh01,train,permanent meadows,PPH,22
2087525,frh01,train,rapeseed,CZH,22
2087576,frh01,train,rapeseed,CZH,22
2087585,frh01,train,rapeseed,CZH,22
2087617,frh01,train,barley,ORP,55
2087652,frh01,train,rapeseed,CZH,22
2087663,frh01,train,wheat,BTH,22
2087664,frh01,train,corn,MIE,22
2087668,frh01,train,corn,MIE,22
2087684,frh01,train,permanent meadows,PRL,22
2087724,frh01,train,barley,ORP,55
2087814,frh01,train,barley,ORH,22
2087836,frh01,train,temporary meadows,PTR,60
2087840,frh01,train,corn,MIE,60
2087912,frh01,train,rapeseed,CZH,47
2087924,frh01,train,orchards,VRG,22
2087927,frh01,train,rapeseed,CZH,65
2087929,frh01,train,rapeseed,CZH,65
2087930,frh01,train,rapeseed,CZH,65
2088018,frh01,train,rapeseed,CZH,22
2088022,frh01,train,rapeseed,CZH,22
2088042,frh01,train,corn,MIE,38
2088057,frh01,train,orchards,VRG,22
2088062,frh01,train,wheat,BTH,22
2088111,frh01,train,temporary meadows,RGA,22
2088113,frh01,train,permanent meadows,PPH,22
2088137,frh01,train,orchards,VRG,22
2088138,frh01,train,orchards,VRG,22
2088139,frh01,train,orchards,VRG,22
2088140,frh01,train,orchards,VRG,22
2088141,frh01,train,orchards,VRG,22
2088142,frh01,train,orchards,VRG,22
2088143,frh01,train,orchards,VRG,22
2088145,frh01,train,barley,ORH,38
2088173,frh01,train,temporary meadows,PTR,22
2088220,frh01,train,orchards,VRG,22
2088221,frh01,train,orchards,VRG,22
2088226,frh01,train,orchards,VRG,22
2088227,frh01,train,orchards,VRG,22
2088228,frh01,train,orchards,VRG,22
2088229,frh01,train,orchards,VRG,22
2088230,frh01,train,orchards,VRG,22
2088231,frh01,train,orchards,VRG,22
2088232,frh01,train,orchards,VRG,22
2088234,frh01,train,orchards,VRG,36
2088235,frh01,train,orchards,VRG,36
2088236,frh01,train,orchards,VRG,22
2088237,frh01,train,orchards,VRG,22
2088238,frh01,train,orchards,VRG,22
2088239,frh01,train,orchards,VRG,22
2088240,frh01,train,orchards,VRG,22
2088241,frh01,train,orchards,VRG,22
2088242,frh01,train,orchards,VRG,22
2088244,frh01,train,orchards,VRG,22
2088245,frh01,train,orchards,VRG,22
2088256,frh01,train,temporary meadows,RGA,38
2088291,frh01,train,barley,ORH,55
2088299,frh01,train,rapeseed,CZH,47
2088339,frh01,train,permanent meadows,PPH,38
2088367,frh01,train,wheat,BTH,38
2088398,frh01,train,wheat,BTH,38
2088440,frh01,train,permanent meadows,PRL,38
2088506,frh01,train,corn,MIS,60
2088622,frh01,train,temporary meadows,PTR,38
2088653,frh01,train,wheat,BTH,22
2088684,frh01,train,corn,MIE,38
2088685,frh01,train,wheat,BTH,38
2088708,frh01,train,rapeseed,CZH,38
2088726,frh01,train,barley,ORH,38
2088765,frh01,train,corn,MIS,60
2088794,frh01,train,wheat,BTH,22
2088798,frh01,train,barley,ORH,22
2088813,frh01,train,corn,MIE,22
2088814,frh01,train,barley,ORH,22
2088863,frh01,train,orchards,VRG,22
2088865,frh01,train,barley,ORH,22
2088868,frh01,train,temporary meadows,PTR,23
2088875,frh01,train,orchards,VRG,22
2088890,frh01,train,temporary meadows,RGA,38
2088892,frh01,train,barley,ORH,38
2088978,frh01,train,corn,MIE,38
2089007,frh01,train,wheat,BTP,55
2089025,frh01,train,barley,ORP,55
2089056,frh01,train,barley,ORH,38
2089120,frh01,train,temporary meadows,RGA,22
2089144,frh01,train,barley,ORH,38
2089147,frh01,train,temporary meadows,RGA,38
2089167,frh01,train,rapeseed,CZH,22
2089173,frh01,train,temporary meadows,PTR,22
2089216,frh01,train,corn,MIS,38
2089249,frh01,train,wheat,BTH,22
2089251,frh01,train,corn,MIS,22
2089252,frh01,train,temporary meadows,RGA,29
2089279,frh01,train,barley,ORH,25
2089291,frh01,train,permanent meadows,PPH,38
2089296,frh01,train,temporary meadows,PTR,38
2089332,frh01,train,wheat,BTH,55
2089381,frh01,train,permanent meadows,PPH,22
2089385,frh01,train,rapeseed,CZH,60
2089400,frh01,train,orchards,VRG,22
2089571,frh01,train,barley,ORH,38
2089572,frh01,train,temporary meadows,PTR,38
2089632,frh01,train,temporary meadows,PTR,38
2089695,frh01,train,rapeseed,CZH,22
2089756,frh01,train,temporary meadows,PTR,38
2089765,frh01,train,wheat,BTH,38
2089779,frh01,train,barley,ORH,38
2089785,frh01,train,wheat,BTH,38
2089802,frh01,train,temporary meadows,PTR,38
2089840,frh01,train,corn,MIE,22
2089842,frh01,train,orchards,VRG,22
2089869,frh01,train,rapeseed,CZH,38
2089870,frh01,train,rapeseed,CZH,38
2089915,frh01,train,permanent meadows,PRL,22
2089917,frh01,train,wheat,BTH,22
2089921,frh01,train,orchards,VRG,22
2089962,frh01,train,orchards,VRG,22
2089977,frh01,train,rapeseed,CZH,22
2089992,frh01,train,wheat,BTH,22
2089996,frh01,train,orchards,VRG,22
2090011,frh01,train,wheat,BTH,22
2090018,frh01,train,rapeseed,CZH,22
2090023,frh01,train,corn,MIE,22
2090024,frh01,train,barley,ORH,22
2090061,frh01,train,rapeseed,CZH,22
2090062,frh01,train,rapeseed,CZH,22
2090076,frh01,train,wheat,BTH,24
2090103,frh01,train,temporary meadows,PTR,22
2090233,frh01,train,barley,ORH,38
2090236,frh01,train,corn,MIE,38
2090264,frh01,train,wheat,BTH,22
2090292,frh01,train,permanent meadows,PPH,38
2090316,frh01,train,temporary meadows,RGA,38
2090322,frh01,train,corn,MIE,38
2090358,frh01,train,corn,MIS,38
2090362,frh01,train,wheat,BTH,38
2090411,frh01,train,corn,MIE,34
2090425,frh01,train,barley,ORH,22
2090480,frh01,train,corn,MIE,27
2090511,frh01,train,orchards,VRG,22
2090537,frh01,train,wheat,BTH,47
2090559,frh01,train,orchards,VRG,22
2090560,frh01,train,orchards,VRG,22
2090561,frh01,train,orchards,VRG,22
2090562,frh01,train,orchards,VRG,22
2090563,frh01,train,orchards,VRG,22
2090564,frh01,train,orchards,VRG,22
2090570,frh01,train,orchards,VRG,22
2090571,frh01,train,orchards,VRG,22
2090575,frh01,train,corn,MIS,38
2090582,frh01,train,barley,ORH,38
2090588,frh01,train,orchards,VRG,22
2090594,frh01,train,rapeseed,CZH,22
2090617,frh01,train,barley,ORH,38
2090635,frh01,train,orchards,VRG,60
2090641,frh01,train,corn,MIE,38
2090648,frh01,train,wheat,BTH,38
2090654,frh01,train,temporary meadows,PTR,38
2090656,frh01,train,rapeseed,CZH,38
2090678,frh01,train,corn,MIE,38
2090682,frh01,train,corn,MIE,60
2090689,frh01,train,wheat,BTH,47
2090701,frh01,train,barley,ORH,38
2090706,frh01,train,barley,ORH,38
2090748,frh01,train,temporary meadows,RGA,38
2090802,frh01,train,wheat,BTH,22
2090809,frh01,train,corn,MIE,38
2090876,frh01,train,permanent meadows,PPH,22
2090918,frh01,train,permanent meadows,PPH,38
2090988,frh01,train,orchards,VRG,38
2091021,frh01,train,wheat,BTH,22
2091025,frh01,train,corn,MIS,22
2091027,frh01,train,orchards,VRG,22
2091031,frh01,train,orchards,VRG,22
2091053,frh01,train,rapeseed,CZH,22
2091101,frh01,train,wheat,BTH,40
2091158,frh01,train,corn,MIE,38
2091163,frh01,train,rapeseed,CZH,47
2091201,frh01,train,temporary meadows,PTR,22
2091217,frh01,train,permanent meadows,PRL,22
2091222,frh01,train,wheat,BTH,22
2091274,frh01,train,corn,MIE,38
2091359,frh01,train,corn,MIS,22
2091375,frh01,train,orchards,VRG,40
2091385,frh01,train,permanent meadows,PRL,38
2091397,frh01,train,wheat,BTH,22
2091414,frh01,train,orchards,PFR,38
2091415,frh01,train,orchards,VRG,38
2091416,frh01,train,orchards,VRG,38
2091417,frh01,train,orchards,VRG,38
2091418,frh01,train,orchards,PFR,38
2091419,frh01,train,orchards,PFR,38
2091421,frh01,train,orchards,PFR,38
2091428,frh01,train,rapeseed,CZH,22
2091480,frh01,train,orchards,VRG,22
2091488,frh01,train,orchards,VRG,38
2091489,frh01,train,orchards,VRG,38
2091508,frh01,train,orchards,VRG,60
2091528,frh01,train,temporary meadows,PTR,38
2091557,frh01,train,rapeseed,CZH,47
2091605,frh01,train,temporary meadows,PTR,38
2091630,frh01,train,rapeseed,CZH,60
2091651,frh01,train,permanent meadows,PPH,47
2091703,frh01,train,rapeseed,CZH,60
2091722,frh01,train,barley,ORH,47
2091753,frh01,train,barley,ORH,22
2091783,frh01,train,permanent meadows,PPH,38
2091800,frh01,train,wheat,BTH,38
2091857,frh01,train,corn,MIE,38
2091859,frh01,train,wheat,BTH,38
2091932,frh01,train,permanent meadows,PPH,22
2091959,frh01,train,rapeseed,CZH,22
2091960,frh01,train,wheat,BTH,22
2091990,frh01,train,rapeseed,CZH,38
2092074,frh01,train,orchards,VRG,38
2092079,frh01,train,wheat,BTP,38
2092096,frh01,train,rapeseed,CZH,38
2092128,frh01,train,corn,MIE,38
2092170,frh01,train,wheat,BTH,38
2092204,frh01,train,corn,MIE,34
2092253,frh01,train,temporary meadows,PTR,38
2092255,frh01,train,temporary meadows,PTR,38
2092354,frh01,train,corn,MIS,38
2092386,frh01,train,temporary meadows,RGA,22
2092483,frh01,train,temporary meadows,PTR,38
2092495,frh01,train,temporary meadows,PTR,22
2092508,frh01,train,corn,MIE,22
2092561,frh01,train,permanent meadows,PRL,22
2092623,frh01,train,orchards,VRG,22
2092656,frh01,train,barley,ORH,38
2092747,frh01,train,wheat,BTH,38
2092829,frh01,train,orchards,VRG,22
2092835,frh01,train,wheat,BTH,38
2092847,frh01,train,permanent meadows,PRL,38
2092890,frh01,train,permanent meadows,PRL,47
2092908,frh01,train,corn,MIE,38
2092931,frh01,train,temporary meadows,PTR,38
2092940,frh01,train,wheat,BTH,38
2092955,frh01,train,corn,MIE,22
2093027,frh01,train,wheat,BTH,38
2093128,frh01,train,wheat,BTH,22
2093181,frh01,train,orchards,VRG,47
2093222,frh01,train,barley,ORH,22
2093224,frh01,train,corn,MIE,22
2093227,frh01,train,barley,ORH,22
2093261,frh01,train,wheat,BTH,47
2093274,frh01,train,temporary meadows,PTR,38
2093318,frh01,train,permanent meadows,PPH,22
2093336,frh01,train,orchards,VRG,22
2093337,frh01,train,orchards,VRG,22
2093357,frh01,train,wheat,BTH,47
2093377,frh01,train,wheat,BTH,38
2093456,frh01,train,rapeseed,CZH,22
2093461,frh01,train,rapeseed,CZH,22
2093478,frh01,train,corn,MIS,38
2093638,frh01,train,corn,MIE,38
2093670,frh01,train,barley,ORH,40
2093677,frh01,train,permanent meadows,PRL,47
2093714,frh01,train,barley,ORH,55
2093716,frh01,train,barley,ORH,55
2093743,frh01,train,rapeseed,CZH,40
2093744,frh01,train,rapeseed,CZH,40
2093747,frh01,train,permanent meadows,PRL,47
2093754,frh01,train,wheat,BTH,47
2093790,frh01,train,rapeseed,CZH,47
2093794,frh01,train,rapeseed,CZH,47
2093832,frh01,train,orchards,VRG,22
2093852,frh01,train,temporary meadows,PTR,22
2093923,frh01,train,corn,MIE,38
2093940,frh01,train,temporary meadows,PTR,22
2093956,frh01,train,rapeseed,CZH,38
2093962,frh01,train,rapeseed,CZH,38
2093985,frh01,train,wheat,BTH,38
2094031,frh01,train,barley,ORH,60
2094054,frh01,train,wheat,BTH,22
2094077,frh01,train,orchards,VRG,55
2094149,frh01,train,barley,ORH,60
2094169,frh01,train,temporary meadows,PTR,38
2094310,frh01,train,corn,MIS,22
2094353,frh01,train,permanent meadows,PPH,40
2094356,frh01,train,barley,ORH,38
2094443,frh01,train,permanent meadows,PPH,22
2094487,frh01,train,corn,MIE,22
2094502,frh01,train,rapeseed,CZH,40
2094515,frh01,train,rapeseed,CZH,40
2094540,frh01,train,temporary meadows,RGA,60
2094553,frh01,train,corn,MIE,55
2094612,frh01,train,corn,MIE,22
2094711,frh01,train,temporary meadows,PTR,22
2094736,frh01,train,temporary meadows,PTR,60
2094741,frh01,train,wheat,BTH,60
2094750,frh01,train,corn,MIE,60
2094836,frh01,train,barley,ORH,60
2094878,frh01,train,permanent meadows,PRL,22
2094893,frh01,train,corn,MIE,38
2094902,frh01,train,permanent meadows,PPH,55
2094917,frh01,train,wheat,BTH,22
2094948,frh01,train,orchards,VRG,38
2094949,frh01,train,orchards,VRG,38
2094950,frh01,train,orchards,VRG,38
2094954,frh01,train,permanent meadows,PPH,38
2094978,frh01,train,corn,MIE,55
2095013,frh01,train,wheat,BTH,22
2095031,frh01,train,temporary meadows,RGA,38
2095095,frh01,train,temporary meadows,PTR,55
2095188,frh01,train,temporary meadows,PTR,38
2095229,frh01,train,barley,ORH,40
2095251,frh01,train,rapeseed,CZH,22
2095290,frh01,train,temporary meadows,PTR,38
2095331,frh01,train,rapeseed,CZH,40
2095412,frh01,train,orchards,VRG,38
2095432,frh01,train,corn,MIS,40
2095490,frh01,train,orchards,VRG,38
2095498,frh01,train,orchards,VRG,38
2095623,frh01,train,permanent meadows,PPH,22
2095668,frh01,train,corn,MIE,22
2095688,frh01,train,rapeseed,CZH,40
2095689,frh01,train,rapeseed,CZH,40
2095693,frh01,train,corn,MIE,40
2095758,frh01,train,permanent meadows,PPH,22
2095837,frh01,train,temporary meadows,PTR,22
2095839,frh01,train,corn,MIE,22
2095865,frh01,train,orchards,VRG,55
2095884,frh01,train,corn,MIS,22
2095911,frh01,train,temporary meadows,RGA,38
2096010,frh01,train,orchards,VRG,38
2096011,frh01,train,orchards,VRG,38
2096012,frh01,train,orchards,VRG,38
2096027,frh01,train,wheat,BTH,22
2096181,frh01,train,barley,ORH,38
2096214,frh01,train,barley,ORH,55
2096242,frh01,train,barley,ORH,47
2096260,frh01,train,permanent meadows,PPH,22
2096291,frh01,train,permanent meadows,PPH,38
2096332,frh01,train,temporary meadows,RGA,38
2096369,frh01,train,temporary meadows,PTR,38
2096396,frh01,train,wheat,BTH,40
2096442,frh01,train,corn,MIE,22
2096468,frh01,train,temporary meadows,PTR,40
2096483,frh01,train,permanent meadows,PPH,38
2096495,frh01,train,rapeseed,CZH,22
2096550,frh01,train,wheat,BTH,47
2096555,frh01,train,rapeseed,CZH,22
2096658,frh01,train,corn,MIS,22
2096660,frh01,train,corn,MIE,40
2096768,frh01,train,barley,ORH,22
2096781,frh01,train,corn,MIE,38
2096803,frh01,train,temporary meadows,PTR,22
2096813,frh01,train,permanent meadows,PPH,22
2096822,frh01,train,temporary meadows,RGA,22
2096869,frh01,train,rapeseed,CZH,38
2096896,frh01,train,permanent meadows,PRL,22
2097007,frh01,train,temporary meadows,PTR,38
2097064,frh01,train,temporary meadows,PTR,38
2097125,frh01,train,temporary meadows,RGA,22
2097175,frh01,train,temporary meadows,PTR,38
2097233,frh01,train,wheat,BTH,55
2097314,frh01,train,barley,ORH,38
2097319,frh01,train,permanent meadows,PRL,38
2097422,frh01,train,corn,MIE,38
2097436,frh01,train,barley,ORP,38
2097483,frh01,train,wheat,BTH,22
2097488,frh01,train,temporary meadows,PTR,47
2097489,frh01,train,barley,ORH,47
2097541,frh01,train,orchards,VRG,22
2097583,frh01,train,rapeseed,CZH,22
2097621,frh01,train,rapeseed,CZH,22
2097646,frh01,train,wheat,BTH,40
2097723,frh01,train,corn,MIE,40
2097724,frh01,train,corn,MIE,40
2097735,frh01,train,rapeseed,CZH,40
2097871,frh01,train,permanent meadows,PPH,38
2097872,frh01,train,temporary meadows,PTR,38
2097875,frh01,train,rapeseed,CZH,38
2097896,frh01,train,barley,ORH,38
2097908,frh01,train,rapeseed,CZH,22
2097956,frh01,train,temporary meadows,PTR,38
2097966,frh01,train,orchards,VRG,22
2097967,frh01,train,temporary meadows,PTR,22
2097970,frh01,train,corn,MIE,22
2098042,frh01,train,wheat,BTH,22
2098066,frh01,train,permanent meadows,PPH,22
2098080,frh01,train,corn,MIE,38
2098104,frh01,train,corn,MIE,38
2098109,frh01,train,wheat,BTH,40
2098125,frh01,train,permanent meadows,PRL,38
2098136,frh01,train,corn,MIE,38
2098269,frh01,train,barley,ORH,38
2098326,frh01,train,barley,ORH,38
2098393,frh01,train,rapeseed,CZH,22
2098399,frh01,train,wheat,BTH,22
2098460,frh01,train,corn,MIE,22
2098501,frh01,train,rapeseed,CZH,60
2098509,frh01,train,temporary meadows,RGA,38
2098528,frh01,train,barley,ORH,38
2098620,frh01,train,temporary meadows,PTR,22
2098652,frh01,train,temporary meadows,PTR,38
2098728,frh01,train,rapeseed,CZH,22
2098744,frh01,train,temporary meadows,PTR,40
2098754,frh01,train,barley,ORH,22
2098782,frh01,train,temporary meadows,RGA,38
2098843,frh01,train,barley,ORH,60
2098854,frh01,train,corn,MIE,38
2098869,frh01,train,temporary meadows,PTR,38
2098899,frh01,train,corn,MIS,22
2098915,frh01,train,orchards,VRG,22
2098918,frh01,train,rapeseed,CZH,38
2098920,frh01,train,rapeseed,CZH,38
2098924,frh01,train,barley,ORH,38
2099009,frh01,train,rapeseed,CZH,38
2099022,frh01,train,barley,ORH,22
2099103,frh01,train,barley,ORH,22
2099197,frh01,train,temporary meadows,PTR,60
2099283,frh01,train,rapeseed,CZH,60
2099284,frh01,train,rapeseed,CZH,60
2099299,frh01,train,orchards,VRG,38
2099317,frh01,train,orchards,VRG,47
2099328,frh01,train,corn,MIE,22
2099364,frh01,train,wheat,BTH,38
2099378,frh01,train,wheat,BTH,22
2099388,frh01,train,permanent meadows,PRL,38
2099412,frh01,train,corn,MIS,22
2099427,frh01,train,wheat,BTH,22
2099451,frh01,train,barley,ORP,38
2099466,frh01,train,temporary meadows,PTR,38
2099478,frh01,train,corn,MIE,38
2099491,frh01,train,wheat,BTH,47
2099505,frh01,train,rapeseed,CZP,22
2099568,frh01,train,wheat,BTH,38
2099580,frh01,train,barley,ORH,38
2099600,frh01,train,orchards,VRG,22
2099635,frh01,train,barley,ORH,38
2099671,frh01,train,wheat,BTH,38
2099678,frh01,train,wheat,BTH,38
2099696,frh01,train,temporary meadows,PTR,38
2099716,frh01,train,wheat,BTH,38
2099727,frh01,train,temporary meadows,PTR,38
2099729,frh01,train,permanent meadows,PPH,38
2099755,frh01,train,temporary meadows,PTR,38
2099827,frh01,train,wheat,BTH,22
2099836,frh01,train,wheat,BTH,22
2099880,frh01,train,wheat,BTH,22
2100044,frh01,train,corn,MIE,22
2100058,frh01,train,rapeseed,CZH,60
2100196,frh01,train,orchards,VRG,55
2100247,frh01,train,rapeseed,CZH,38
2100251,frh01,train,rapeseed,CZH,31
2100296,frh01,train,orchards,VRG,22
2100352,frh01,train,permanent meadows,PPH,38
2100365,frh01,train,corn,MIE,38
2100366,frh01,train,barley,ORH,38
2100410,frh01,train,corn,MIE,22
2100419,frh01,train,barley,ORH,22
2100440,frh01,train,rapeseed,CZH,47
2100461,frh01,train,orchards,VRG,22
2100480,frh01,train,barley,ORH,38
2100486,frh01,train,temporary meadows,PTR,22
2100489,frh01,train,temporary meadows,PTR,22
2100599,frh01,train,corn,MIE,60
2100614,frh01,train,corn,MIE,38
2100645,frh01,train,wheat,BTH,22
2100668,frh01,train,rapeseed,CZH,22
2100703,frh01,train,corn,MIE,60
2100723,frh01,train,rapeseed,CZH,47
2100746,frh01,train,orchards,PFR,22
2100747,frh01,train,orchards,PFR,22
2100749,frh01,train,orchards,PFR,22
2100810,frh01,train,barley,ORH,38
2100815,frh01,train,barley,ORH,47
2100828,frh01,train,wheat,BTH,60
2100952,frh01,train,temporary meadows,PTR,38
2100956,frh01,train,orchards,VRG,40
2100963,frh01,train,rapeseed,CZH,38
2100967,frh01,train,rapeseed,CZH,22
2100979,frh01,train,permanent meadows,PRL,38
2100989,frh01,train,temporary meadows,PTR,47
2101095,frh01,train,permanent meadows,PRL,38
2101109,frh01,train,temporary meadows,PTR,40
2101124,frh01,train,orchards,VRG,40
2101136,frh01,train,orchards,VRG,40
2101183,frh01,train,orchards,VRG,22
2101185,frh01,train,orchards,VRG,22
2101197,frh01,train,rapeseed,CZH,22
2101204,frh01,train,rapeseed,CZH,22
2101244,frh01,train,orchards,VRG,65
2101287,frh01,train,orchards,VRG,22
2101314,frh01,train,barley,ORH,55
2101332,frh01,train,barley,ORP,38
2101384,frh01,train,barley,ORH,22
2101402,frh01,train,corn,MIE,38
2101425,frh01,train,permanent meadows,PRL,40
2101480,frh01,train,rapeseed,CZH,22
2101481,frh01,train,rapeseed,CZH,22
2101482,frh01,train,wheat,BTH,22
2101485,frh01,train,wheat,BTH,22
2101507,frh01,train,wheat,BTH,60
2101512,frh01,train,rapeseed,CZH,55
2101589,frh01,train,orchards,VRG,22
2101654,frh01,train,rapeseed,CZH,38
2101674,frh01,train,wheat,BTH,22
2101709,frh01,train,permanent meadows,PPH,47
2101714,frh01,train,corn,MIE,38
2101728,frh01,train,temporary meadows,PTR,55
2101752,frh01,train,rapeseed,CZH,38
2101785,frh01,train,barley,ORH,22
2101816,frh02,train,temporary meadows,PTR,60
2101829,frh01,train,orchards,VRG,22
2101853,frh01,train,corn,MIE,22
2101903,frh01,train,rapeseed,CZH,38
2101912,frh01,train,rapeseed,CZH,22
2101915,frh01,train,wheat,BTH,22
2101975,frh01,train,barley,ORH,22
2102028,frh01,train,wheat,BTH,22
2102049,frh01,train,permanent meadows,PRL,38
2102118,frh01,train,rapeseed,CZH,22
2102155,frh01,train,wheat,BTH,22
2102232,frh01,train,barley,ORH,22
2102234,frh01,train,barley,ORH,22
2102333,frh01,train,rapeseed,CZH,47
2102334,frh01,train,wheat,BTH,47
2102338,frh01,train,barley,ORH,47
2102367,frh01,train,wheat,BTH,22
2102398,frh01,train,orchards,VRG,22
2102402,frh01,train,corn,MIS,22
2102431,frh01,train,rapeseed,CZH,47
2102457,frh01,train,barley,ORH,22
2102468,frh01,train,temporary meadows,RGA,60
2102512,frh01,train,wheat,BTH,40
2102516,frh01,train,wheat,BTH,22
2102565,frh01,train,corn,MIE,38
2102570,frh01,train,corn,MIE,60
2102625,frh01,train,corn,MIE,40
2102631,frh01,train,rapeseed,CZH,22
2102635,frh01,train,rapeseed,CZH,22
2102647,frh01,train,wheat,BTH,22
2102694,frh01,train,wheat,BTH,40
2102695,frh01,train,corn,MIE,40
2102711,frh01,train,permanent meadows,PPH,22
2102718,frh01,train,rapeseed,CZH,22
2102727,frh01,train,temporary meadows,PTR,60
2102755,frh01,train,rapeseed,CZH,38
2102757,frh01,train,rapeseed,CZH,38
2102764,frh01,train,barley,ORH,47
2102801,frh01,train,barley,ORH,38
2102802,frh01,train,barley,ORH,38
2102822,frh01,train,temporary meadows,RGA,47
2102837,frh01,train,barley,ORH,38
2102840,frh01,train,wheat,BTH,38
2102933,frh01,train,orchards,PFR,38
2102964,frh01,train,orchards,VRG,22
2102985,frh01,train,temporary meadows,PTR,22
2103011,frh01,train,barley,ORH,40
2103038,frh01,train,orchards,VRG,55
2103053,frh01,train,corn,MIE,47
2103074,frh01,train,rapeseed,CZH,22
2103080,frh01,train,corn,MIE,38
2103081,frh01,train,permanent meadows,PPH,38
2103113,frh01,train,temporary meadows,PTR,60
2103118,frh01,train,temporary meadows,PTR,60
2103124,frh01,train,permanent meadows,PPH,38
2103145,frh01,train,wheat,BTH,22
2103161,frh01,train,wheat,BTH,22
2103181,frh01,train,corn,MIE,65
2103237,frh01,train,wheat,BTH,22
2103331,frh01,train,rapeseed,CZH,38
2103369,frh01,train,wheat,BTH,22
2103376,frh01,train,wheat,BTH,38
2103379,frh01,train,permanent meadows,PPH,38
2103383,frh01,train,wheat,BTH,38
2103480,frh01,train,corn,MIE,38
2103539,frh01,train,rapeseed,CZH,38
2103552,frh01,train,barley,ORH,38
2103577,frh01,train,wheat,BTH,22
2103588,frh01,train,corn,MIS,22
2103608,frh01,train,temporary meadows,PTR,60
2103650,frh01,train,orchards,VRG,38
2103658,frh01,train,barley,ORH,22
2103659,frh01,train,wheat,BTH,22
2103695,frh01,train,wheat,BTH,38
2103707,frh01,train,rapeseed,CZH,22
2103723,frh01,train,temporary meadows,RGA,38
2103730,frh01,train,temporary meadows,RGA,38
2103740,frh01,train,corn,MIE,60
2103764,frh01,train,corn,MIS,22
2103797,frh01,train,wheat,BTH,60
2103814,frh01,train,corn,MIE,60
2103828,frh01,train,corn,MIE,60
2103864,frh01,train,orchards,VRG,22
2103878,frh01,train,corn,MIS,60
2103899,frh01,train,wheat,BTH,60
2104030,frh01,train,rapeseed,CZH,47
2104039,frh01,train,permanent meadows,PRL,22
2104042,frh01,train,barley,ORH,22
2104053,frh01,train,rapeseed,CZH,22
2104080,frh01,train,wheat,BTH,38
2104102,frh01,train,corn,MIS,22
2104104,frh01,train,corn,MIS,22
2104179,frh01,train,corn,MIE,60
2104196,frh01,train,rapeseed,CZH,22
2104229,frh01,train,corn,MIE,60
2104230,frh01,train,orchards,VRG,60
2104254,frh01,train,corn,MIE,65
2104288,frh01,train,wheat,BTH,55
2104289,frh01,train,barley,ORH,55
2104323,frh01,train,orchards,VRG,47
2104330,frh01,train,wheat,BTH,65
2104347,frh01,train,temporary meadows,RGA,65
2104349,frh01,train,temporary meadows,RGA,65
2104409,frh01,train,barley,ORH,40
2104417,frh01,train,wheat,BTH,40
2104556,frh01,train,temporary meadows,RGA,47
2104597,frh01,train,temporary meadows,RGA,38
2104600,frh01,train,permanent meadows,PPH,47
2104606,frh01,train,temporary meadows,PTR,22
2104648,frh01,train,permanent meadows,PPH,40
2104698,frh01,train,barley,ORH,22
2104699,frh01,train,barley,ORH,22
2104731,frh01,train,wheat,BTH,40
2104746,frh01,train,wheat,BTH,40
2104882,frh01,train,rapeseed,CZH,22
2104918,frh01,train,rapeseed,CZH,22
2104950,frh01,train,barley,ORH,22
2105099,frh01,train,corn,MIS,55
2105131,frh01,train,rapeseed,CZH,40
2105137,frh01,train,barley,ORH,22
2105202,frh01,train,rapeseed,CZH,22
2105210,frh01,train,barley,ORH,38
2105234,frh01,train,rapeseed,CZH,47
2105241,frh02,train,barley,ORH,38
2105269,frh01,train,barley,ORH,55
2105273,frh01,train,barley,ORH,55
2105320,frh01,train,barley,ORH,47
2105399,frh01,train,temporary meadows,PTR,38
2105510,frh01,train,rapeseed,CZH,22
2105529,frh01,train,wheat,BTH,22
2105533,frh01,train,wheat,BTH,22
2105558,frh01,train,orchards,VRG,22
2105578,frh01,train,wheat,BTH,40
2105585,frh01,train,permanent meadows,PRL,40
2105649,frh01,train,orchards,VRG,22
2105666,frh01,train,rapeseed,CZH,22
2105731,frh01,train,barley,ORH,40
2105745,frh01,train,corn,MIE,22
2105774,frh01,train,temporary meadows,PTR,22
2105886,frh01,train,temporary meadows,PTR,60
2105889,frh01,train,wheat,BTH,60
2105985,frh01,train,wheat,BTH,40
2106041,frh01,train,orchards,VRG,22
2106088,frh01,train,wheat,BTH,38
2106173,frh01,train,corn,MIE,38
2106185,frh01,train,wheat,BTH,22
2106188,frh01,train,permanent meadows,PPH,22
2106234,frh01,train,wheat,BTH,55
2106351,frh01,train,orchards,VRG,55
2106455,frh01,train,barley,ORH,22
2106494,frh01,train,barley,ORH,38
2106525,frh01,train,barley,ORH,60
2106531,frh01,train,orchards,VRG,55
2106541,frh01,train,temporary meadows,PTR,22
2106573,frh01,train,permanent meadows,PPH,38
2106593,frh01,train,corn,MIE,40
2106706,frh01,train,temporary meadows,PTR,47
2106738,frh01,train,permanent meadows,PPH,22
2106756,frh01,train,wheat,BTH,22
2106761,frh01,train,rapeseed,CZH,22
2106791,frh01,train,corn,MIE,40
2106812,frh01,train,wheat,BTH,22
2106822,frh01,train,corn,MIE,22
2106830,frh01,train,rapeseed,CZH,47
2106908,frh01,train,barley,ORH,40
2107005,frh01,train,temporary meadows,PTR,40
2107009,frh02,train,temporary meadows,PTR,38
2107023,frh01,train,wheat,BTH,38
2107067,frh01,train,barley,ORH,40
2107087,frh01,train,temporary meadows,PTR,40
2107184,frh01,train,permanent meadows,PPH,38
2107196,frh01,train,permanent meadows,PRL,38
2107209,frh01,train,temporary meadows,PTR,38
2107222,frh01,train,permanent meadows,PPH,47
2107252,frh01,train,rapeseed,CZH,22
2107255,frh01,train,wheat,BTH,22
2107258,frh01,train,temporary meadows,PTR,38
2107304,frh01,train,permanent meadows,PRL,22
2107309,frh01,train,wheat,BTH,22
2107350,frh01,train,temporary meadows,PTR,47
2107453,frh01,train,wheat,BTH,22
2107460,frh01,train,corn,MIS,36
2107463,frh01,train,wheat,BTH,34
2107469,frh01,train,temporary meadows,RGA,38
2107530,frh01,train,permanent meadows,PRL,22
2107578,frh01,train,corn,MIE,22
2107585,frh01,train,wheat,BTH,22
2107617,frh01,train,corn,MIE,22
2107619,frh01,train,orchards,VRG,22
2107651,frh01,train,rapeseed,CZH,22
2107666,frh01,train,barley,ORP,38
2107692,frh01,train,wheat,BTH,22
2107699,frh01,train,permanent meadows,PPH,38
2107711,frh01,train,barley,ORP,22
2107723,frh01,train,corn,MIS,38
2107745,frh01,train,barley,ORH,22
2107821,frh01,train,wheat,BTH,38
2107824,frh01,train,wheat,BTH,38
2107897,frh01,train,rapeseed,CZH,38
2107899,frh01,train,rapeseed,CZH,38
2107921,frh01,train,orchards,VRG,22
2107927,frh01,train,wheat,BTH,22
2107978,frh01,train,wheat,BTH,22
2107988,frh01,train,rapeseed,CZH,38
2107993,frh01,train,corn,MIS,38
2108004,frh01,train,wheat,BTH,38
2108010,frh01,train,temporary meadows,PTR,38
2108067,frh01,train,wheat,BTH,22
2108068,frh01,train,barley,ORH,22
2108075,frh01,train,rapeseed,CZH,38
2108092,frh01,train,rapeseed,CZH,38
2108104,frh01,train,rapeseed,CZH,60
2108115,frh01,train,wheat,BTH,60
2108142,frh01,train,corn,MIS,55
2108184,frh01,train,wheat,BTH,38
2108207,frh01,train,rapeseed,CZH,22
2108226,frh01,train,wheat,BTH,38
2108317,frh01,train,wheat,BTH,38
2108330,frh01,train,wheat,BTH,22
2108382,frh01,train,temporary meadows,PTR,60
2108422,frh01,train,orchards,VRG,22
2108516,frh01,train,permanent meadows,PPH,22
2108552,frh01,train,orchards,VRG,38
2108599,frh01,train,wheat,BTH,22
2108617,frh01,train,temporary meadows,PTR,38
2108622,frh01,train,barley,ORH,22
2108623,frh01,train,barley,ORH,22
2108634,frh01,train,rapeseed,CZH,22
2108662,frh01,train,corn,MIE,38
2108666,frh01,train,temporary meadows,RGA,38
2108703,frh01,train,barley,ORH,38
2108704,frh01,train,temporary meadows,PTR,38
2108732,frh01,train,barley,ORH,40
2108763,frh01,train,corn,MIS,55
2108785,frh01,train,corn,MIE,47
2108887,frh01,train,rapeseed,CZH,22
2108961,frh01,train,temporary meadows,PTR,38
2108976,frh01,train,permanent meadows,PPH,38
2109003,frh01,train,rapeseed,CZH,38
2109032,frh01,train,rapeseed,CZH,65
2109069,frh01,train,corn,MIE,22
2109078,frh01,train,rapeseed,CZH,38
2109100,frh01,train,orchards,VRG,60
2109192,frh01,train,rapeseed,CZH,40
2109244,frh01,train,rapeseed,CZH,22
2109247,frh01,train,wheat,BTH,22
2109248,frh01,train,rapeseed,CZH,22
2109253,frh01,train,wheat,BTH,22
2109274,frh01,train,temporary meadows,RGA,22
2109308,frh01,train,rapeseed,CZH,22
2109311,frh01,train,wheat,BTH,22
2109333,frh01,train,barley,ORH,38
2109347,frh01,train,orchards,VRG,22
2109349,frh01,train,corn,MIS,22
2109385,frh01,train,wheat,BTH,47
2109405,frh01,train,rapeseed,CZH,22
2109412,frh01,train,rapeseed,CZH,22
2109413,frh01,train,rapeseed,CZH,22
2109426,frh01,train,permanent meadows,PPH,38
2109489,frh01,train,wheat,BTH,22
2109496,frh01,train,barley,ORH,22
2109511,frh01,train,wheat,BTH,38
2109513,frh01,train,permanent meadows,PRL,47
2109559,frh01,train,orchards,VRG,47
2109569,frh01,train,temporary meadows,PTR,25
2109594,frh01,train,corn,MIE,38
2109636,frh01,train,rapeseed,CZH,22
2109640,frh01,train,rapeseed,CZH,22
2109650,frh01,train,rapeseed,CZH,22
2109677,frh01,train,rapeseed,CZH,22
2109678,frh01,train,wheat,BTH,22
2109715,frh01,train,temporary meadows,PTR,22
2109784,frh01,train,barley,ORH,38
2109805,frh01,train,temporary meadows,PTR,22
2109849,frh01,train,barley,ORH,22
2109875,frh01,train,barley,ORH,38
2109896,frh01,train,wheat,BTH,40
2109902,frh01,train,temporary meadows,PTR,22
2109922,frh01,train,rapeseed,CZH,22
2109931,frh01,train,barley,ORH,22
2109980,frh01,train,temporary meadows,PTR,22
2110007,frh01,train,barley,ORH,22
2110014,frh01,train,temporary meadows,PTR,22
2110018,frh01,train,corn,MIE,22
2110047,frh01,train,barley,ORH,38
2110112,frh01,train,rapeseed,CZH,22
2110186,frh01,train,temporary meadows,PTR,22
2110208,frh01,train,corn,MIE,27
2110213,frh01,train,wheat,BTH,30
2110269,frh01,train,permanent meadows,PPH,22
2110306,frh01,train,rapeseed,CZH,40
2110311,frh01,train,barley,ORH,29
2110314,frh01,train,rapeseed,CZH,34
2110336,frh01,train,corn,MIS,22
2110366,frh01,train,rapeseed,CZH,38
2110423,frh01,train,permanent meadows,PRL,38
2110498,frh01,train,permanent meadows,PPH,38
2110500,frh01,train,permanent meadows,PPH,38
2110535,frh01,train,rapeseed,CZH,38
2110566,frh01,train,rapeseed,CZH,22
2110622,frh01,train,temporary meadows,RGA,40
2110647,frh01,train,rapeseed,CZH,22
2110692,frh01,train,barley,ORH,38
2110712,frh01,train,barley,ORH,22
2110786,frh01,train,wheat,BTH,38
2110830,frh01,train,wheat,BTH,22
2110831,frh01,train,rapeseed,CZH,22
2110866,frh01,train,corn,MIE,55
2110900,frh01,train,rapeseed,CZH,38
2110901,frh01,train,rapeseed,CZH,38
2110927,frh01,train,rapeseed,CZH,40
2110932,frh01,train,barley,ORH,60
2110962,frh01,train,wheat,BTH,22
2110966,frh01,train,barley,ORH,47
2110980,frh01,train,wheat,BTH,47
2110991,frh01,train,orchards,VRG,47
2111009,frh01,train,corn,MIE,60
2111014,frh01,train,barley,ORH,60
2111086,frh01,train,corn,MIE,22
2111104,frh01,train,barley,ORH,55
2111127,frh01,train,corn,MIS,22
2111137,frh01,train,temporary meadows,PTR,22
2111140,frh01,train,corn,MIE,22
2111256,frh01,train,corn,MIS,22
2111285,frh01,train,permanent meadows,PRL,40
2111359,frh01,train,wheat,BTH,22
2111400,frh01,train,orchards,VRG,22
2111443,frh01,train,permanent meadows,PPH,38
2111452,frh01,train,barley,ORH,38
2111473,frh01,train,rapeseed,CZH,40
2111476,frh01,train,permanent meadows,PRL,40
2111509,frh01,train,temporary meadows,RGA,22
2111535,frh01,train,permanent meadows,PPH,22
2111619,frh01,train,corn,MIE,47
2111650,frh01,train,rapeseed,CZH,60
2111678,frh01,train,wheat,BTH,38
2111728,frh01,train,barley,ORH,22
2111870,frh01,train,rapeseed,CZH,40
2111895,frh01,train,permanent meadows,PRL,60
2111901,frh02,train,wheat,BTH,38
2111931,frh01,train,wheat,BTH,22
2111934,frh01,train,orchards,VRG,22
2111938,frh01,train,wheat,BTH,22
2111945,frh01,train,temporary meadows,RGA,22
2111946,frh01,train,barley,ORH,22
2111948,frh01,train,orchards,VRG,22
2111949,frh01,train,temporary meadows,RGA,22
2111951,frh01,train,barley,ORH,22
2111996,frh01,train,temporary meadows,RGA,47
2112054,frh01,train,wheat,BTH,22
2112072,frh01,train,wheat,BTH,22
2112154,frh01,train,corn,MIE,22
2112164,frh01,train,rapeseed,CZH,40
2112171,frh01,train,orchards,VRG,31
2112173,frh01,train,wheat,BTH,31
2112218,frh01,train,rapeseed,CZH,60
2112224,frh01,train,temporary meadows,RGA,22
2112237,frh01,train,corn,MIS,60
2112246,frh01,train,temporary meadows,PTR,38
2112252,frh01,train,orchards,VRG,47
2112253,frh01,train,orchards,VRG,47
2112307,frh01,train,corn,MIS,22
2112370,frh01,train,barley,ORH,60
2112372,frh01,train,rapeseed,CZH,60
2112374,frh01,train,rapeseed,CZH,38
2112450,frh01,train,wheat,BTH,37
2112470,frh01,train,corn,MIS,60
2112511,frh01,train,corn,MIE,38
2112552,frh01,train,wheat,BTH,60
2112567,frh01,train,barley,ORH,40
2112571,frh01,train,barley,ORH,40
2112609,frh01,train,barley,ORH,38
2112637,frh01,train,wheat,BTH,38
2112683,frh01,train,corn,MIS,60
2112712,frh01,train,wheat,BTH,38
2112726,frh01,train,barley,ORH,22
2112804,frh01,train,permanent meadows,PRL,55
2112822,frh01,train,corn,MIS,22
2112828,frh01,train,rapeseed,CZH,22
2112851,frh01,train,wheat,BTH,22
2112917,frh01,train,barley,ORH,22
2112959,frh01,train,barley,ORH,22
2112979,frh01,train,rapeseed,CZH,47
2113016,frh01,train,temporary meadows,PTR,22
2113022,frh01,train,barley,ORH,38
2113049,frh01,train,permanent meadows,PRL,38
2113050,frh01,train,temporary meadows,RGA,38
2113100,frh01,train,orchards,VRG,22
2113104,frh01,train,rapeseed,CZH,38
2113128,frh01,train,barley,ORH,60
2113134,frh01,train,corn,MIE,38
2113142,frh01,train,barley,ORP,38
2113143,frh01,train,temporary meadows,PTR,22
2113191,frh01,train,corn,MIE,38
2113212,frh01,train,barley,ORH,38
2113220,frh01,train,temporary meadows,PTR,38
2113231,frh01,train,temporary meadows,PTR,22
2113237,frh01,train,temporary meadows,RGA,22
2113265,frh01,train,rapeseed,CZH,22
2113266,frh01,train,rapeseed,CZH,22
2113284,frh01,train,wheat,BTH,60
2113328,frh01,train,rapeseed,CZH,60
2113331,frh01,train,wheat,BTH,60
2113372,frh01,train,orchards,VRG,60
2113373,frh01,train,orchards,VRG,60
2113418,frh01,train,corn,MIS,40
2113420,frh01,train,temporary meadows,PTR,40
2113452,frh01,train,permanent meadows,PRL,38
2113460,frh01,train,corn,MIS,22
2113493,frh01,train,temporary meadows,PTR,47
2113505,frh01,train,temporary meadows,PTR,22
2113551,frh01,train,orchards,VRG,22
2113560,frh01,train,corn,MIS,47
2113570,frh01,train,wheat,BTH,33
2113574,frh01,train,temporary meadows,PTR,22
2113657,frh01,train,corn,MIE,22
2113726,frh01,train,wheat,BTH,22
2113768,frh01,train,wheat,BTH,47
2113876,frh01,train,permanent meadows,PRL,38
2113877,frh01,train,rapeseed,CZH,38
2113890,frh01,train,corn,MIE,60
2113893,frh01,train,corn,MIE,60
2113942,frh01,train,rapeseed,CZH,22
2113952,frh01,train,wheat,BTH,22
2113957,frh01,train,corn,MIE,22
2114004,frh01,train,corn,MIE,22
2114051,frh01,train,corn,MIE,22
2114132,frh01,train,barley,ORH,30
2114144,frh01,train,temporary meadows,PTR,38
2114168,frh01,train,rapeseed,CZH,22
2114256,frh01,train,corn,MIE,22
2114280,frh01,train,rapeseed,CZH,22
2114281,frh01,train,orchards,VRG,22
2114326,frh01,train,corn,MIE,40
2114369,frh01,train,permanent meadows,PPH,38
2114384,frh01,train,corn,MIE,47
2114389,frh01,train,permanent meadows,PPH,47
2114408,frh01,train,permanent meadows,PPH,38
2114421,frh01,train,rapeseed,CZH,47
2114469,frh01,train,temporary meadows,PTR,47
2114497,frh01,train,temporary meadows,PTR,38
2114521,frh01,train,corn,MIE,22
2114594,frh01,train,permanent meadows,PRL,22
2114605,frh01,train,orchards,VRG,40
2114621,frh01,train,temporary meadows,PTR,22
2114752,frh01,train,corn,MIE,40
2114754,frh01,train,corn,MIE,40
2114757,frh01,train,rapeseed,CZH,22
2114802,frh01,train,temporary meadows,PTR,38
2114805,frh01,train,barley,ORH,47
2114806,frh01,train,barley,ORH,47
2114825,frh01,train,wheat,BTH,22
2114826,frh01,train,rapeseed,CZH,22
2114830,frh01,train,wheat,BTH,22
2114847,frh01,train,barley,ORH,47
2114875,frh01,train,corn,MIE,38
2114940,frh01,train,corn,MIE,47
2114941,frh01,train,barley,ORH,40
2114946,frh01,train,corn,MIE,47
2115029,frh01,train,rapeseed,CZH,40
2115046,frh01,train,wheat,BTH,40
2115108,frh01,train,orchards,VRG,22
2115109,frh01,train,orchards,VRG,22
2115110,frh01,train,orchards,VRG,22
2115111,frh01,train,orchards,VRG,22
2115126,frh01,train,temporary meadows,RGA,22
2115151,frh01,train,barley,ORH,22
2115207,frh01,train,rapeseed,CZH,22
2115209,frh01,train,rapeseed,CZH,22
2115226,frh01,train,temporary meadows,RGA,22
2115230,frh01,train,rapeseed,CZH,40
2115241,frh01,train,corn,MIE,22
2115259,frh01,train,rapeseed,CZH,38
2115262,frh01,train,rapeseed,CZH,38
2115308,frh01,train,permanent meadows,PRL,40
2115324,frh01,train,wheat,BTH,47
2115328,frh01,train,rapeseed,CZH,40
2115380,frh01,train,temporary meadows,PTR,47
2115434,frh01,train,corn,MIS,47
2115474,frh01,train,temporary meadows,PTR,38
2115634,frh01,train,corn,MIE,38
2115655,frh01,train,temporary meadows,PTR,38
2115694,frh01,train,orchards,VRG,22
2115700,frh01,train,barley,ORH,40
2115806,frh01,train,wheat,BTH,22
2115810,frh01,train,rapeseed,CZH,22
2115832,frh01,train,orchards,VRG,55
2115901,frh01,train,rapeseed,CZH,38
2115902,frh01,train,orchards,VRG,38
2115925,frh01,train,temporary meadows,PTR,55
2115990,frh01,train,wheat,BTH,65
2116035,frh01,train,wheat,BTH,40
2116050,frh01,train,orchards,VRG,60
2116061,frh01,train,orchards,VRG,60
2116078,frh01,train,permanent meadows,PPH,22
2116087,frh01,train,rapeseed,CZH,22
2116097,frh01,train,barley,ORH,40
2116128,frh01,train,wheat,BTH,38
2116130,frh01,train,orchards,VRG,60
2116174,frh01,train,corn,MIE,22
2116182,frh01,train,barley,ORH,47
2116186,frh01,train,rapeseed,CZH,40
2116200,frh01,train,rapeseed,CZH,22
2116212,frh01,train,wheat,BTH,40
2116253,frh01,train,corn,MIE,22
2116256,frh01,train,temporary meadows,PTR,22
2116277,frh01,train,orchards,VRG,22
2116343,frh01,train,orchards,VRG,55
2116366,frh01,train,rapeseed,CZH,38
2116370,frh01,train,corn,MIS,38
2116383,frh01,train,permanent meadows,PPH,22
2116387,frh01,train,corn,MIE,22
2116400,frh01,train,orchards,PFR,38
2116402,frh01,train,orchards,VRG,38
2116404,frh01,train,orchards,VRG,38
2116405,frh01,train,orchards,VRG,38
2116410,frh01,train,temporary meadows,PTR,38
2116412,frh01,train,orchards,VRG,38
2116428,frh01,train,wheat,BTH,55
2116651,frh01,train,wheat,BTH,23
2116689,frh01,train,barley,ORH,55
2116697,frh01,train,rapeseed,CZH,22
2116703,frh01,train,rapeseed,CZH,22
2116718,frh01,train,corn,MIS,25
2116739,frh01,train,permanent meadows,PPH,47
2116751,frh01,train,corn,MIE,47
2116789,frh01,train,wheat,BTH,22
2116844,frh01,train,wheat,BTP,55
2116851,frh01,train,barley,ORP,55
2116853,frh01,train,barley,ORP,55
2116854,frh01,train,barley,ORH,22
2116880,frh01,train,temporary meadows,PTR,22
2116884,frh01,train,barley,ORH,55
2116902,frh01,train,rapeseed,CZH,40
2117015,frh01,train,wheat,BTH,47
2117019,frh01,train,wheat,BTH,47
2117048,frh01,train,permanent meadows,PRL,38
2117085,frh01,train,wheat,BTH,40
2117098,frh01,train,rapeseed,CZH,47
2117126,frh01,train,rapeseed,CZH,22
2117127,frh01,train,rapeseed,CZH,22
2117128,frh01,train,rapeseed,CZH,22
2117157,frh01,train,rapeseed,CZH,22
2117160,frh01,train,orchards,VRG,38
2117190,frh01,train,orchards,VRG,47
2117194,frh01,train,temporary meadows,PTR,47
2117243,frh01,train,barley,ORH,40
2117282,frh01,train,orchards,VRG,22
2117288,frh01,train,wheat,BTH,22
2117298,frh01,train,barley,ORH,22
2117322,frh01,train,corn,MIE,55
2117329,frh01,train,rapeseed,CZH,22
2117334,frh01,train,wheat,BTH,22
2117354,frh01,train,barley,ORH,40
2117413,frh01,train,rapeseed,CZH,22
2117415,frh01,train,wheat,BTH,22
2117442,frh01,train,barley,ORP,38
2117455,frh01,train,barley,ORH,38
2117458,frh01,train,orchards,VRG,22
2117509,frh01,train,corn,MIE,38
2117515,frh01,train,barley,ORH,38
2117517,frh01,train,temporary meadows,PTR,38
2117552,frh01,train,temporary meadows,RGA,38
2117560,frh01,train,barley,ORP,47
2117571,frh01,train,orchards,VRG,55
2117574,frh01,train,corn,MIS,22
2117602,frh01,train,barley,ORH,38
2117605,frh01,train,corn,MIE,38
2117619,frh01,train,corn,MIE,47
2117663,frh01,train,rapeseed,CZH,55
2117664,frh01,train,rapeseed,CZH,55
2117728,frh01,train,temporary meadows,PTR,38
2117736,frh01,train,temporary meadows,PTR,38
2117797,frh01,train,temporary meadows,RGA,38
2117834,frh01,train,temporary meadows,PTR,38
2117855,frh01,train,permanent meadows,PPH,38
2117858,frh01,train,wheat,BTH,22
2117863,frh01,train,wheat,BTH,22
2117876,frh01,train,orchards,VRG,60
2117900,frh01,train,permanent meadows,PRL,40
2117919,frh01,train,corn,MIS,22
2117923,frh01,train,temporary meadows,PTR,38
2117956,frh01,train,orchards,PFR,55
2117957,frh01,train,orchards,VRG,55
2117962,frh01,train,orchards,VRG,55
2117990,frh01,train,barley,ORH,22
2118012,frh01,train,corn,MIE,22
2118038,frh01,train,rapeseed,CZH,55
2118059,frh01,train,barley,ORH,38
2118061,frh01,train,corn,MIE,38
2118124,frh01,train,corn,MIS,22
2118153,frh01,train,temporary meadows,RGA,47
2118181,frh01,train,rapeseed,CZH,60
2118209,frh01,train,orchards,VRG,38
2118210,frh01,train,orchards,VRG,38
2118296,frh01,train,corn,MIE,22
2118342,frh01,train,wheat,BTH,38
2118366,frh01,train,corn,MIE,22
2118370,frh01,train,rapeseed,CZH,22
2118448,frh01,train,corn,MIE,38
2118483,frh01,train,temporary meadows,PTR,22
2118610,frh01,train,rapeseed,CZH,38
2118617,frh01,train,rapeseed,CZH,22
2118730,frh01,train,wheat,BTH,22
2118751,frh01,train,corn,MIE,22
2118765,frh01,train,permanent meadows,PPH,38
2118784,frh01,train,rapeseed,CZH,47
2118805,frh01,train,rapeseed,CZH,60
2118807,frh01,train,rapeseed,CZH,22
2118813,frh01,train,rapeseed,CZH,22
2118818,frh01,train,orchards,VRG,40
2118819,frh01,train,orchards,VRG,40
2118820,frh01,train,barley,ORH,22
2118840,frh01,train,temporary meadows,PTR,38
2118888,frh01,train,rapeseed,CZH,47
2118965,frh01,train,rapeseed,CZH,40
2118969,frh01,train,wheat,BTH,22
2118977,frh01,train,permanent meadows,PPH,22
2119013,frh01,train,wheat,BTH,47
2119044,frh01,train,orchards,VRG,22
2119091,frh01,train,barley,ORH,22
2119092,frh01,train,wheat,BTH,22
2119151,frh01,train,wheat,BTH,47
2119188,frh01,train,barley,ORH,38
2119196,frh01,train,wheat,BTH,22
2119205,frh01,train,rapeseed,CZH,60
2119212,frh01,train,rapeseed,CZH,60
2119272,frh01,train,permanent meadows,PRL,22
2119279,frh01,train,permanent meadows,PPH,38
2119283,frh01,train,temporary meadows,PTR,38
2119294,frh01,train,wheat,BTH,22
2119312,frh01,train,orchards,VRG,22
2119336,frh01,train,permanent meadows,PRL,60
2119354,frh01,train,permanent meadows,PRL,47
2119361,frh01,train,corn,MIE,38
2119365,frh01,train,rapeseed,CZH,22
2119388,frh01,train,orchards,VRG,27
2119389,frh01,train,orchards,VRG,30
2119404,frh01,train,rapeseed,CZH,40
2119421,frh01,train,corn,MIE,60
2119433,frh01,train,temporary meadows,PTR,60
2119445,frh01,train,permanent meadows,PPH,40
2119497,frh01,train,rapeseed,CZH,40
2119500,frh01,train,rapeseed,CZH,40
2119502,frh01,train,barley,ORH,40
2119506,frh01,train,corn,MIE,22
2119523,frh01,train,orchards,VRG,40
2119528,frh01,train,orchards,VRG,40
2119553,frh01,train,permanent meadows,PRL,22
2119554,frh01,train,wheat,BTH,22
2119558,frh01,train,corn,MIE,23
2119574,frh01,train,wheat,BTH,38
2119589,frh01,train,rapeseed,CZH,40
2119591,frh01,train,permanent meadows,PPH,40
2119622,frh01,train,wheat,BTH,40
2119631,frh01,train,wheat,BTH,40
2119644,frh01,train,barley,ORH,26
2119690,frh01,train,temporary meadows,RGA,22
2119708,frh01,train,rapeseed,CZH,60
2119763,frh01,train,wheat,BTH,38
2119783,frh01,train,wheat,BTH,22
2119792,frh01,train,permanent meadows,PPH,22
2119848,frh01,train,rapeseed,CZH,60
2119850,frh01,train,barley,ORH,60
2119854,frh01,train,orchards,VRG,60
2119855,frh01,train,rapeseed,CZH,60
2119859,frh01,train,rapeseed,CZH,60
2119902,frh01,train,wheat,BTH,60
2119923,frh01,train,barley,ORP,60
2119954,frh01,train,wheat,BTH,38
2119978,frh01,train,rapeseed,CZH,22
2120003,frh01,train,wheat,BTH,47
2120016,frh01,train,orchards,VRG,60
2120033,frh01,train,rapeseed,CZH,60
2120044,frh01,train,orchards,VRG,22
2120100,frh01,train,rapeseed,CZH,40
2120162,frh01,train,corn,MIE,38
2120183,frh01,train,temporary meadows,PTR,22
2120198,frh01,train,temporary meadows,PTR,40
2120202,frh01,train,orchards,VRG,40
2120217,frh01,train,rapeseed,CZH,22
2120240,frh01,train,temporary meadows,PTR,22
2120303,frh01,train,permanent meadows,PRL,38
2120337,frh01,train,temporary meadows,PTR,38
2120388,frh01,train,barley,ORP,38
2120424,frh01,train,corn,MIE,65
2120508,frh01,train,wheat,BTH,65
2120514,frh01,train,rapeseed,CZH,22
2120522,frh01,train,corn,MIE,22
2120525,frh01,train,rapeseed,CZH,22
2120592,frh01,train,permanent meadows,PPH,22
2120619,frh01,train,corn,MIE,38
2120626,frh01,train,temporary meadows,PTR,38
2120644,frh02,train,wheat,BTH,38
2120677,frh01,train,permanent meadows,PPH,22
2120681,frh01,train,temporary meadows,PTR,22
2120696,frh01,train,wheat,BTH,22
2120701,frh01,train,wheat,BTH,65
2120745,frh01,train,permanent meadows,PRL,38
2120749,frh01,train,temporary meadows,PTR,38
2120770,frh01,train,barley,ORH,38
2120777,frh01,train,corn,MIE,22
2120783,frh01,train,wheat,BTH,22
2120795,frh01,train,wheat,BTH,22
2120798,frh01,train,permanent meadows,PRL,38
2120806,frh01,train,corn,MIE,38
2120843,frh01,train,barley,ORH,38
2120845,frh01,train,barley,ORH,38
2120865,frh01,train,permanent meadows,PPH,22
2120873,frh01,train,rapeseed,CZH,22
2120931,frh01,train,permanent meadows,PRL,38
2121019,frh01,train,corn,MIE,38
2121084,frh01,train,temporary meadows,PTR,47
2121086,frh01,train,temporary meadows,PTR,22
2121090,frh01,train,temporary meadows,RGA,38
2121095,frh01,train,permanent meadows,PPH,38
2121112,frh01,train,orchards,VRG,22
2121121,frh01,train,temporary meadows,PTR,65
2121133,frh01,train,rapeseed,CZH,22
2121136,frh01,train,rapeseed,CZH,22
2121196,frh01,train,temporary meadows,PTR,47
2121273,frh01,train,wheat,BTH,22
2121285,frh01,train,rapeseed,CZH,22
2121356,frh01,train,rapeseed,CZH,22
2121369,frh01,train,wheat,BTH,22
2121385,frh01,train,temporary meadows,RGA,38
2121424,frh01,train,barley,ORP,22
2121425,frh01,train,permanent meadows,PPH,22
2121444,frh01,train,temporary meadows,RGA,38
2121458,frh01,train,wheat,BTH,22
2121461,frh01,train,temporary meadows,PTR,22
2121493,frh01,train,permanent meadows,PRL,38
2121494,frh01,train,corn,MIE,60
2121503,frh01,train,wheat,BTH,47
2121564,frh01,train,corn,MIE,47
2121576,frh01,train,wheat,BTH,47
2121623,frh01,train,wheat,BTH,38
2121630,frh01,train,barley,ORH,38
2121637,frh01,train,permanent meadows,PPH,47
2121664,frh01,train,temporary meadows,PTR,38
2121691,frh01,train,wheat,BTH,22
2121692,frh01,train,rapeseed,CZH,22
2121878,frh01,train,temporary meadows,PTR,38
2121894,frh01,train,barley,ORH,40
2121957,frh01,train,wheat,BTH,38
2121995,frh01,train,barley,ORH,22
2122003,frh01,train,temporary meadows,PTR,38
2122016,frh01,train,temporary meadows,PTR,38
2122017,frh01,train,wheat,BTH,38
2122039,frh01,train,corn,MIE,38
2122046,frh01,train,corn,MIE,38
2122049,frh01,train,permanent meadows,PRL,22
2122095,frh01,train,rapeseed,CZH,47
2122105,frh01,train,temporary meadows,PTR,38
2122222,frh01,train,temporary meadows,PTR,38
2122278,frh01,train,barley,ORH,38
2122288,frh01,train,temporary meadows,RGA,38
2122317,frh01,train,permanent meadows,PPH,38
2122362,frh01,train,permanent meadows,PPH,38
2122450,frh01,train,corn,MIE,38
2122583,frh01,train,wheat,BTH,60
2122623,frh01,train,rapeseed,CZH,38
2122640,frh01,train,barley,ORH,38
2122765,frh01,train,wheat,BTH,60
2122826,frh01,train,temporary meadows,PTR,38
2122873,frh01,train,temporary meadows,RGA,38
2122955,frh01,train,orchards,VRG,38
2122974,frh01,train,temporary meadows,PTR,38
2123041,frh01,train,rapeseed,CZH,38
2123043,frh01,train,rapeseed,CZH,38
2123094,frh01,train,corn,MIE,40
2123159,frh01,train,temporary meadows,PTR,22
2123169,frh01,train,orchards,VRG,22
2123215,frh01,train,wheat,BTH,22
2123259,frh01,train,wheat,BTH,55
2123273,frh01,train,barley,ORP,65
2123367,frh01,train,wheat,BTH,60
2123400,frh01,train,permanent meadows,PPH,22
2123424,frh01,train,corn,MIS,22
2123476,frh01,train,barley,ORH,38
2123491,frh01,train,wheat,BTH,38
2123515,frh01,train,corn,MIS,22
2123522,frh01,train,wheat,BTH,22
2123556,frh01,train,wheat,BTH,47
2123568,frh01,train,barley,ORH,47
2123587,frh01,train,corn,MIE,22
2123595,frh01,train,orchards,VRG,22
2123597,frh01,train,wheat,BTH,22
2123622,frh01,train,corn,MIE,40
2123697,frh01,train,temporary meadows,PTR,22
2123769,frh01,train,orchards,VRG,22
2123808,frh01,train,temporary meadows,PTR,22
2123819,frh01,train,corn,MIS,22
2123821,frh01,train,permanent meadows,PPH,22
2123879,frh01,train,temporary meadows,RGA,40
2123880,frh01,train,temporary meadows,PTR,40
2123909,frh01,train,permanent meadows,PPH,22
2123912,frh01,train,rapeseed,CZH,22
2123932,frh01,train,barley,ORH,22
2123994,frh01,train,permanent meadows,PPH,22
2124065,frh01,train,rapeseed,CZH,22
2124149,frh01,train,rapeseed,CZH,22
2124150,frh01,train,barley,ORH,22
2124157,frh01,train,wheat,BTH,22
2124187,frh01,train,wheat,BTH,38
2124212,frh01,train,barley,ORH,40
2124252,frh01,train,barley,ORP,22
2124256,frh01,train,wheat,BTH,22
2124303,frh01,train,wheat,BTH,22
2124317,frh01,train,rapeseed,CZH,22
2124321,frh01,train,rapeseed,CZH,22
2124347,frh01,train,wheat,BTH,22
2124351,frh01,train,rapeseed,CZH,22
2124401,frh01,train,wheat,BTH,38
2124443,frh01,train,permanent meadows,PRL,38
2124511,frh01,train,wheat,BTH,22
2124526,frh01,train,permanent meadows,PRL,22
2124547,frh01,train,corn,MIS,22
2124590,frh01,train,permanent meadows,PPH,47
2124596,frh01,train,corn,MIE,38
2124614,frh01,train,orchards,VRG,22
2124624,frh01,train,corn,MIE,22
2124663,frh01,train,corn,MIE,22
2124674,frh01,train,corn,MIE,22
2124683,frh01,train,temporary meadows,PTR,22
2124688,frh01,train,temporary meadows,PTR,22
2124737,frh01,train,wheat,BTH,22
2124748,frh01,train,rapeseed,CZH,47
2124791,frh01,train,temporary meadows,PTR,38
2124880,frh01,train,barley,ORH,38
2124892,frh02,train,temporary meadows,PTR,38
2124913,frh01,train,rapeseed,CZH,38
2124976,frh01,train,barley,ORH,38
2124986,frh01,train,wheat,BTH,38
2124990,frh01,train,temporary meadows,RGA,38
2125024,frh01,train,corn,MIS,60
2125028,frh01,train,rapeseed,CZH,22
2125029,frh01,train,wheat,BTH,22
2125084,frh01,train,temporary meadows,RGA,38
2125097,frh01,train,temporary meadows,PTR,38
2125262,frh01,train,barley,ORH,38
2125275,frh01,train,corn,MIE,22
2125320,frh01,train,corn,MIE,22
2125323,frh01,train,wheat,BTH,22
2125328,frh01,train,rapeseed,CZH,22
2125377,frh01,train,temporary meadows,PTR,38
2125424,frh01,train,temporary meadows,PTR,38
2125430,frh01,train,permanent meadows,PPH,38
2125450,frh01,train,barley,ORH,38
2125497,frh01,train,temporary meadows,PTR,22
2125549,frh01,train,rapeseed,CZH,38
2125554,frh01,train,temporary meadows,RGA,47
2125555,frh01,train,permanent meadows,PPH,47
2125578,frh01,train,wheat,BTH,22
2125642,frh01,train,temporary meadows,RGA,47
2125644,frh01,train,rapeseed,CZH,38
2125680,frh01,train,rapeseed,CZH,22
2125695,frh01,train,rapeseed,CZH,22
2125720,frh01,train,permanent meadows,PRL,60
2125722,frh01,train,temporary meadows,RGA,60
2125733,frh01,train,permanent meadows,PPH,38
2125762,frh01,train,temporary meadows,PTR,38
2125845,frh01,train,permanent meadows,PRL,60
2125846,frh01,train,wheat,BTH,60
2125854,frh01,train,rapeseed,CZH,60
2125959,frh01,train,temporary meadows,RGA,38
2126026,frh01,train,wheat,BTH,22
2126092,frh01,train,permanent meadows,PRL,38
2126119,frh01,train,temporary meadows,RGA,47
2126128,frh01,train,rapeseed,CZH,60
2126149,frh01,train,permanent meadows,PRL,38
2126203,frh01,train,barley,ORH,60
2126216,frh01,train,barley,ORH,37
2126252,frh01,train,temporary meadows,PTR,40
2126287,frh01,train,permanent meadows,PPH,47
2126344,frh01,train,corn,MIE,40
2126476,frh01,train,barley,ORH,22
2126496,frh01,train,barley,ORH,22
2126497,frh01,train,rapeseed,CZH,22
2126542,frh01,train,barley,ORH,22
2126560,frh02,train,wheat,BTH,38
2126635,frh02,train,barley,ORH,38
2126691,frh01,train,corn,MIS,60
2126698,frh01,train,corn,MIS,60
2126715,frh01,train,temporary meadows,PTR,55
2126717,frh01,train,wheat,BTH,55
2126806,frh01,train,permanent meadows,PPH,38
2126839,frh01,train,temporary meadows,PTR,40
2126843,frh01,train,corn,MIE,22
2126854,frh01,train,temporary meadows,PTR,22
2126895,frh01,train,permanent meadows,PRL,38
2126937,frh01,train,corn,MIE,22
2126964,frh01,train,rapeseed,CZH,22
2126969,frh01,train,permanent meadows,PRL,22
2127047,frh01,train,barley,ORH,22
2127120,frh01,train,corn,MIE,38
2127146,frh01,train,temporary meadows,PTR,22
2127194,frh01,train,rapeseed,CZH,60
2127202,frh01,train,rapeseed,CZH,60
2127204,frh01,train,rapeseed,CZH,60
2127212,frh01,train,rapeseed,CZH,60
2127220,frh01,train,temporary meadows,RGA,38
2127278,frh01,train,permanent meadows,PPH,38
2127299,frh01,train,wheat,BTH,22
2127301,frh01,train,orchards,VRG,22
2127371,frh01,train,corn,MIE,22
2127389,frh01,train,permanent meadows,PPH,22
2127412,frh01,train,barley,ORH,38
2127455,frh01,train,barley,ORH,22
2127486,frh02,train,permanent meadows,PPH,25
2127498,frh01,train,temporary meadows,PTR,38
2127507,frh01,train,temporary meadows,PTR,38
2127528,frh01,train,corn,MIE,55
2127540,frh01,train,barley,ORH,38
2127550,frh01,train,permanent meadows,PPH,38
2127631,frh01,train,barley,ORH,38
2127671,frh01,train,temporary meadows,RGA,38
2127677,frh01,train,rapeseed,CZH,22
2127678,frh01,train,rapeseed,CZH,22
2127684,frh01,train,wheat,BTH,22
2127703,frh01,train,permanent meadows,PPH,22
2127714,frh01,train,orchards,VRG,22
2127783,frh01,train,corn,MIE,22
2127809,frh01,train,temporary meadows,PTR,38
2127854,frh01,train,wheat,BTH,22
2127917,frh01,train,permanent meadows,PRL,38
2127921,frh01,train,temporary meadows,PTR,38
2127938,frh01,train,rapeseed,CZH,22
2128036,frh01,train,corn,MIE,22
2128050,frh01,train,permanent meadows,PPH,22
2128113,frh01,train,rapeseed,CZH,22
2128117,frh01,train,wheat,BTH,38
2128130,frh01,train,wheat,BTH,22
2128159,frh01,train,temporary meadows,PTR,22
2128169,frh01,train,wheat,BTH,22
2128196,frh01,train,permanent meadows,PPH,38
2128213,frh01,train,corn,MIE,40
2128258,frh01,train,temporary meadows,PTR,38
2128270,frh01,train,temporary meadows,PTR,38
2128273,frh01,train,rapeseed,CZH,22
2128314,frh01,train,wheat,BTH,40
2128386,frh01,train,permanent meadows,PPH,38
2128403,frh01,train,wheat,BTH,60
2128414,frh01,train,corn,MIE,22
2128438,frh01,train,temporary meadows,PTR,38
2128502,frh01,train,rapeseed,CZH,60
2128513,frh01,train,temporary meadows,RGA,38
2128522,frh01,train,corn,MIE,38
2128622,frh01,train,orchards,VRG,22
2128630,frh01,train,barley,ORH,22
2128636,frh01,train,temporary meadows,RGA,38
2128665,frh01,train,permanent meadows,PPH,38
2128679,frh01,train,wheat,BTH,22
2128685,frh01,train,rapeseed,CZH,22
2128728,frh01,train,orchards,VRG,22
2128738,frh01,train,permanent meadows,PPH,38
2128750,frh01,train,orchards,VRG,22
2128755,frh01,train,wheat,BTH,22
2128773,frh01,train,wheat,BTH,22
2128789,frh01,train,temporary meadows,PTR,38
2128796,frh01,train,temporary meadows,PTR,38
2128858,frh01,train,rapeseed,CZH,22
2128971,frh01,train,permanent meadows,PPH,38
2128977,frh01,train,temporary meadows,PTR,38
2129022,frh01,train,temporary meadows,PTR,22
2129026,frh01,train,wheat,BTH,22
2129036,frh01,train,temporary meadows,PTR,38
2129099,frh01,train,orchards,VRG,22
2129145,frh01,train,corn,MIE,22
2129202,frh01,train,permanent meadows,PPH,22
2129242,frh01,train,barley,ORH,38
2129253,frh01,train,temporary meadows,PTR,40
2129377,frh01,train,rapeseed,CZH,22
2129388,frh01,train,barley,ORH,22
2129399,frh01,train,orchards,VRG,22
2129403,frh01,train,barley,ORH,38
2129468,frh01,train,orchards,VRG,22
2129483,frh01,train,rapeseed,CZH,38
2129486,frh01,train,temporary meadows,RGA,38
2129500,frh01,train,permanent meadows,PRL,38
2129514,frh01,train,corn,MIE,38
2129547,frh01,train,permanent meadows,PRL,47
2129556,frh01,train,barley,ORP,38
2129559,frh01,train,barley,ORP,38
2129567,frh01,train,temporary meadows,PTR,38
2129578,frh01,train,permanent meadows,PPH,38
2129636,frh01,train,corn,MIE,22
2129650,frh01,train,permanent meadows,PPH,38
2129653,frh01,train,wheat,BTH,38
2129707,frh01,train,permanent meadows,PPH,38
2129725,frh01,train,permanent meadows,PRL,47
2129742,frh01,train,barley,ORH,38
2129786,frh01,train,barley,ORH,38
2129850,frh01,train,temporary meadows,RGA,22
2129872,frh01,train,wheat,BTH,22
2129912,frh01,train,corn,MIE,22
2129950,frh01,train,rapeseed,CZH,38
2129959,frh01,train,temporary meadows,RGA,38
2129983,frh01,train,orchards,VRG,22
2129989,frh01,train,orchards,VRG,22
2129996,frh01,train,corn,MIE,22
2130002,frh01,train,temporary meadows,PTR,22
2130044,frh01,train,wheat,BTH,22
2130060,frh01,train,barley,ORH,22
2130062,frh01,train,barley,ORH,38
2130066,frh01,train,barley,ORH,38
2130072,frh01,train,orchards,VRG,22
2130076,frh01,train,wheat,BTH,22
2130090,frh01,train,rapeseed,CZH,22
2130126,frh01,train,corn,MIE,22
2130128,frh01,train,rapeseed,CZH,38
2130178,frh01,train,barley,ORH,40
2130226,frh01,train,temporary meadows,PTR,38
2130297,frh01,train,rapeseed,CZH,38
2130298,frh01,train,rapeseed,CZH,38
2130303,frh01,train,temporary meadows,PTR,22
2130400,frh01,train,wheat,BTH,22
2130403,frh01,train,rapeseed,CZH,38
2130465,frh01,train,barley,ORH,22
2130483,frh01,train,corn,MIE,38
2130553,frh01,train,permanent meadows,PPH,38
2130619,frh01,train,wheat,BTH,22
2130653,frh01,train,wheat,BTH,22
2130671,frh01,train,corn,MIE,40
2130706,frh01,train,barley,ORH,22
2130768,frh01,train,corn,MIS,22
2130770,frh01,train,barley,ORH,22
2130844,frh01,train,wheat,BTH,38
2130863,frh01,train,wheat,BTH,22
2130881,frh01,train,temporary meadows,RGA,22
2130893,frh01,train,permanent meadows,PPH,38
2130894,frh01,train,permanent meadows,PPH,38
2130914,frh01,train,rapeseed,CZH,38
2130955,frh01,train,rapeseed,CZH,38
2130969,frh01,train,temporary meadows,PTR,38
2130998,frh01,train,wheat,BTH,38
2131090,frh01,train,permanent meadows,PPH,38
2131112,frh01,train,temporary meadows,PTR,38
2131117,frh01,train,corn,MIE,22
2131135,frh01,train,barley,ORH,38
2131170,frh01,train,corn,MIE,60
2131238,frh01,train,temporary meadows,PTR,38
2131267,frh01,train,orchards,VRG,22
2131300,frh01,train,permanent meadows,PRL,22
2131322,frh01,train,wheat,BTH,22
2131355,frh01,train,rapeseed,CZH,22
2131403,frh01,train,corn,MIS,22
2131421,frh01,train,temporary meadows,PTR,22
2131424,frh01,train,barley,ORH,22
2131535,frh01,train,corn,MIE,38
2131577,frh01,train,permanent meadows,PRL,22
2131578,frh01,train,wheat,BTH,22
2131598,frh01,train,temporary meadows,PTR,22
2131664,frh01,train,barley,ORH,38
2131671,frh01,train,barley,ORH,22
2131695,frh01,train,wheat,BTH,22
2131755,frh01,train,rapeseed,CZH,22
2131816,frh01,train,temporary meadows,PTR,38
2131870,frh01,train,temporary meadows,PTR,22
2131879,frh01,train,temporary meadows,PTR,22
2131884,frh01,train,permanent meadows,PPH,22
2131895,frh01,train,rapeseed,CZH,22
2131897,frh01,train,rapeseed,CZH,22
2131956,frh01,train,barley,ORH,22
2131982,frh01,train,corn,MIS,22
2132048,frh01,train,rapeseed,CZH,22
2132049,frh01,train,rapeseed,CZH,22
2132119,frh01,train,rapeseed,CZH,22
2132267,frh01,train,temporary meadows,PTR,38
2132278,frh01,train,corn,MIE,22
2132300,frh01,train,permanent meadows,PPH,55
2132343,frh01,train,barley,ORH,38
2132344,frh01,train,barley,ORH,38
2132377,frh01,train,corn,MIE,22
2132392,frh01,train,corn,MIE,38
2132404,frh01,train,permanent meadows,PPH,38
2132491,frh01,train,temporary meadows,RGA,38
2132518,frh01,train,corn,MIE,38
2132523,frh01,train,barley,ORH,38
2132537,frh01,train,barley,ORH,22
2132543,frh01,train,rapeseed,CZH,22
2132557,frh01,train,barley,ORH,22
2132633,frh01,train,temporary meadows,PTR,22
2132638,frh01,train,temporary meadows,PTR,22
2132646,frh01,train,orchards,VRG,22
2132655,frh01,train,temporary meadows,PTR,22
2132696,frh01,train,corn,MIS,22
2132728,frh01,train,barley,ORH,22
2132831,frh01,train,wheat,BTH,27
2132839,frh01,train,nuts,NOX,60
2132841,frh01,train,nuts,NOS,60
2132843,frh01,train,orchards,VRG,60
2132844,frh01,train,nuts,CTG,60
2132845,frh01,train,nuts,NOX,60
2132924,frh01,train,temporary meadows,PTR,22
2132930,frh01,train,orchards,VRG,22
2132946,frh01,train,wheat,BTH,22
2132966,frh01,train,rapeseed,CZH,22
2132980,frh01,train,barley,ORH,60
2132988,frh01,train,barley,ORH,60
2133007,frh01,train,orchards,VRG,22
2133022,frh01,train,temporary meadows,PTR,38
2133029,frh01,train,corn,MIE,22
2133032,frh01,train,corn,MIE,22
2133040,frh01,train,barley,ORH,22
2133090,frh01,train,rapeseed,CZH,22
2133166,frh01,train,permanent meadows,PPH,38
2133200,frh01,train,rapeseed,CZH,22
2133220,frh01,train,wheat,BTH,38
2133299,frh01,train,rapeseed,CZH,22
2133309,frh01,train,permanent meadows,PPH,38
2133355,frh01,train,temporary meadows,PTR,38
2133379,frh01,train,wheat,BTH,38
2133384,frh01,train,wheat,BTH,38
2133451,frh01,train,rapeseed,CZH,38
2133506,frh01,train,temporary meadows,PTR,38
2133563,frh01,train,permanent meadows,PPH,47
2133714,frh01,train,corn,MIE,40
2133715,frh01,train,corn,MIE,55
2133719,frh01,train,temporary meadows,PTR,55
2133724,frh01,train,temporary meadows,PTR,38
2133728,frh01,train,permanent meadows,PRL,38
2133748,frh01,train,barley,ORH,47
2133799,frh01,train,temporary meadows,PTR,60
2133807,frh01,train,barley,ORH,60
2133827,frh01,train,barley,ORH,47
2133833,frh01,train,permanent meadows,PRL,47
2133834,frh01,train,barley,ORH,47
2133903,frh01,train,temporary meadows,RGA,22
2133925,frh01,train,barley,ORH,47
2133928,frh01,train,barley,ORH,47
2133935,frh01,train,temporary meadows,PTR,47
2134057,frh01,train,temporary meadows,PTR,38
2134070,frh01,train,rapeseed,CZH,22
2134072,frh01,train,permanent meadows,PPH,22
2134090,frh01,train,corn,MIE,22
2134098,frh01,train,corn,MIE,22
2134123,frh01,train,orchards,VRG,60
2134125,frh01,train,temporary meadows,PTR,60
2134172,frh01,train,corn,MIE,22
2134194,frh01,train,rapeseed,CZH,60
2134204,frh01,train,rapeseed,CZH,40
2134210,frh01,train,rapeseed,CZH,40
2134229,frh01,train,temporary meadows,RGA,47
2134234,frh01,train,wheat,BTH,47
2134242,frh01,train,barley,ORH,38
2134290,frh01,train,wheat,BTH,40
2134315,frh01,train,barley,ORH,22
2134352,frh01,train,rapeseed,CZH,22
2134443,frh01,train,wheat,BTH,55
2134452,frh01,train,temporary meadows,RGA,40
2134504,frh01,train,corn,MIE,22
2134524,frh01,train,rapeseed,CZH,60
2134543,frh01,train,wheat,BTH,47
2134544,frh01,train,wheat,BTH,47
2134604,frh01,train,permanent meadows,PRL,38
2134668,frh01,train,wheat,BTH,22
2134672,frh01,train,wheat,BTH,22
2134765,frh01,train,wheat,BTH,22
2134766,frh01,train,wheat,BTH,22
2134785,frh01,train,corn,MIS,22
2134791,frh01,train,temporary meadows,PTR,38
2134792,frh01,train,permanent meadows,PRL,38
2134841,frh01,train,corn,MIE,22
2134859,frh01,train,wheat,BTH,22
2134891,frh01,train,wheat,BTH,38
2134927,frh01,train,temporary meadows,RGA,22
2134962,frh01,train,corn,MIE,60
2134985,frh01,train,temporary meadows,RGA,60
2134996,frh01,train,temporary meadows,RGA,60
2135007,frh01,train,permanent meadows,PPH,22
2135014,frh01,train,corn,MIE,22
2135038,frh01,train,permanent meadows,PPH,60
2135122,frh01,train,rapeseed,CZH,60
2135138,frh01,train,temporary meadows,RGA,22
2135167,frh01,train,wheat,BTH,22
2135178,frh01,train,rapeseed,CZH,22
2135179,frh01,train,wheat,BTH,22
2135188,frh01,train,corn,MIE,22
2135196,frh01,train,barley,ORH,38
2135225,frh01,train,corn,MIE,38
2135243,frh01,train,temporary meadows,RGA,38
2135246,frh01,train,permanent meadows,PPH,22
2135291,frh01,train,orchards,VRG,22
2135295,frh01,train,orchards,VRG,22
2135310,frh01,train,wheat,BTH,38
2135343,frh01,train,corn,MIE,22
2135360,frh01,train,temporary meadows,PTR,38
2135389,frh01,train,permanent meadows,PPH,22
2135409,frh01,train,temporary meadows,PTR,38
2135413,frh01,train,temporary meadows,RGA,38
2135418,frh01,train,wheat,BTH,40
2135483,frh01,train,barley,ORH,22
2135498,frh01,train,permanent meadows,PPH,22
2135513,frh01,train,barley,ORH,38
2135514,frh01,train,barley,ORH,38
2135685,frh01,train,rapeseed,CZH,38
2135689,frh01,train,barley,ORH,38
2135702,frh01,train,barley,ORH,22
2135723,frh01,train,wheat,BTH,38
2135724,frh01,train,barley,ORH,38
2135731,frh01,train,permanent meadows,PRL,38
2135763,frh01,train,rapeseed,CZH,22
2135776,frh01,train,corn,MIE,40
2135814,frh01,train,wheat,BTH,38
2135818,frh01,train,barley,ORH,38
2135856,frh01,train,corn,MIE,40
2135923,frh01,train,rapeseed,CZH,38
2135924,frh01,train,rapeseed,CZH,38
2135975,frh01,train,permanent meadows,PPH,38
2135982,frh01,train,wheat,BTH,38
2136030,frh01,train,temporary meadows,PTR,38
2136052,frh01,train,temporary meadows,PTR,22
2136139,frh01,train,corn,MIE,40
2136153,frh01,train,orchards,VRG,22
2136161,frh01,train,barley,ORH,22
2136177,frh01,train,barley,ORH,65
2136220,frh01,train,corn,MIE,60
2136238,frh01,train,temporary meadows,PTR,38
2136280,frh01,train,barley,ORH,65
2136281,frh01,train,barley,ORH,65
2136293,frh01,train,temporary meadows,PTR,47
2136296,frh01,train,orchards,VRG,47
2136299,frh01,train,rapeseed,CZH,47
2136303,frh01,train,temporary meadows,PTR,47
2136344,frh01,train,wheat,BTH,65
2136387,frh01,train,wheat,BTH,47
2136461,frh01,train,corn,MIE,38
2136462,frh01,train,barley,ORH,55
2136468,frh01,train,barley,ORH,55
2136495,frh01,train,wheat,BTH,22
2136498,frh01,train,barley,ORH,22
2136500,frh01,train,corn,MIS,22
2136601,frh01,train,temporary meadows,PTR,38
2136635,frh01,train,barley,ORH,38
2136651,frh01,train,barley,ORH,38
2136704,frh01,train,permanent meadows,PRL,38
2136768,frh01,train,permanent meadows,PPH,47
2136795,frh01,train,corn,MIE,22
2136800,frh01,train,permanent meadows,PRL,22
2136830,frh01,train,corn,MIE,22
2136841,frh01,train,wheat,BTH,40
2136854,frh01,train,rapeseed,CZH,22
2136867,frh01,train,rapeseed,CZH,38
2136889,frh01,train,permanent meadows,PRL,38
2136901,frh01,train,orchards,PFR,22
2136908,frh01,train,rapeseed,CZH,38
2136911,frh01,train,temporary meadows,PTR,65
2136928,frh01,train,rapeseed,CZH,22
2136942,frh01,train,wheat,BTH,22
2137007,frh01,train,temporary meadows,PTR,65
2137013,frh01,train,barley,ORH,38
2137157,frh01,train,temporary meadows,RGA,37
2137169,frh01,train,wheat,BTH,47
2137182,frh01,train,corn,MIE,47
2137186,frh01,train,temporary meadows,RGA,47
2137205,frh01,train,wheat,BTH,22
2137214,frh01,train,rapeseed,CZH,38
2137254,frh01,train,orchards,VRG,55
2137294,frh01,train,wheat,BTH,22
2137327,frh01,train,wheat,BTH,55
2137495,frh01,train,corn,MIE,40
2137510,frh01,train,permanent meadows,PRL,40
2137521,frh01,train,rapeseed,CZH,47
2137558,frh01,train,corn,MIS,22
2137568,frh01,train,temporary meadows,PTR,38
2137598,frh01,train,corn,MIS,47
2137674,frh01,train,permanent meadows,PRL,60
2137689,frh01,train,orchards,VRG,38
2137703,frh01,train,corn,MIS,47
2137707,frh01,train,temporary meadows,PTR,38
2137767,frh01,train,orchards,VRG,22
2137775,frh01,train,wheat,BTH,47
2137779,frh01,train,rapeseed,CZH,47
2137792,frh01,train,wheat,BTH,47
2137793,frh01,train,orchards,VRG,47
2137802,frh01,train,wheat,BTH,22
2137834,frh01,train,orchards,VRG,40
2137851,frh01,train,corn,MIS,40
2137873,frh01,train,orchards,PFR,40
2137887,frh01,train,wheat,BTH,22
2137898,frh01,train,wheat,BTH,22
2137925,frh01,train,corn,MIE,22
2137935,frh01,train,wheat,BTH,38
2137941,frh01,train,orchards,VRG,60
2137991,frh01,train,permanent meadows,PPH,38
2138038,frh01,train,barley,ORH,38
2138093,frh01,train,permanent meadows,PPH,38
2138099,frh01,train,barley,ORH,38
2138103,frh01,train,wheat,BTH,40
2138104,frh01,train,orchards,VRG,40
2138118,frh01,train,wheat,BTH,40
2138121,frh01,train,wheat,BTH,40
2138205,frh01,train,wheat,BTH,38
2138280,frh01,train,permanent meadows,PPH,38
2138287,frh01,train,permanent meadows,PRL,60
2138294,frh01,train,wheat,BTH,38
2138323,frh01,train,rapeseed,CZH,22
2138328,frh01,train,rapeseed,CZH,22
2138331,frh01,train,rapeseed,CZH,22
2138333,frh01,train,wheat,BTH,55
2138350,frh01,train,barley,ORH,40
2138359,frh01,train,barley,ORH,40
2138360,frh01,train,barley,ORH,40
2138387,frh01,train,wheat,BTH,60
2138416,frh01,train,barley,ORP,55
2138503,frh01,train,corn,MIE,60
2138559,frh01,train,permanent meadows,PPH,22
2138561,frh01,train,temporary meadows,PTR,38
2138562,frh01,train,barley,ORH,22
2138608,frh01,train,permanent meadows,PRL,38
2138628,frh01,train,barley,ORH,47
2138649,frh01,train,rapeseed,CZH,22
2138702,frh01,train,wheat,BTH,47
2138778,frh01,train,corn,MIE,38
2138782,frh01,train,wheat,BTH,38
2138821,frh01,train,rapeseed,CZH,22
2138825,frh01,train,rapeseed,CZH,22
2138894,frh01,train,temporary meadows,RGA,22
2138931,frh01,train,temporary meadows,RGA,38
2138947,frh01,train,corn,MIE,38
2138960,frh01,train,wheat,BTH,47
2138963,frh01,train,wheat,BTH,22
2138964,frh01,train,corn,MIE,22
2138965,frh01,train,temporary meadows,PTR,22
2138968,frh01,train,permanent meadows,PPH,22
2138998,frh01,train,wheat,BTH,60
2139016,frh01,train,barley,ORP,60
2139025,frh01,train,temporary meadows,RGA,47
2139052,frh01,train,orchards,VRG,22
2139054,frh01,train,temporary meadows,PTR,22
2139059,frh01,train,temporary meadows,PTR,22
2139092,frh01,train,temporary meadows,PTR,60
2139120,frh01,train,permanent meadows,PPH,38
2139125,frh01,train,temporary meadows,PTR,38
2139127,frh01,train,barley,ORH,60
2139136,frh01,train,barley,ORP,38
2139142,frh01,train,permanent meadows,PPH,38
2139146,frh01,train,permanent meadows,PPH,38
2139192,frh01,train,permanent meadows,PPH,38
2139220,frh01,train,barley,ORH,22
2139232,frh01,train,rapeseed,CZH,22
2139252,frh01,train,temporary meadows,PTR,22
2139290,frh01,train,orchards,VRG,22
2139370,frh01,train,barley,ORP,55
2139382,frh01,train,permanent meadows,PPH,38
2139398,frh01,train,temporary meadows,PTR,22
2139471,frh01,train,barley,ORH,40
2139522,frh01,train,corn,MIE,22
2139554,frh01,train,wheat,BTH,38
2139584,frh01,train,orchards,VRG,22
2139619,frh01,train,barley,ORH,60
2139746,frh01,train,rapeseed,CZH,40
2139885,frh01,train,rapeseed,CZH,60
2139927,frh01,train,orchards,VRG,40
2139940,frh01,train,orchards,VRG,40
2140003,frh01,train,rapeseed,CZH,38
2140092,frh01,train,rapeseed,CZH,38
2140103,frh01,train,barley,ORH,38
2140113,frh01,train,corn,MIE,38
2140132,frh01,train,wheat,BTH,40
2140157,frh01,train,permanent meadows,PPH,22
2140176,frh01,train,corn,MIE,47
2140198,frh01,train,temporary meadows,PTR,22
2140201,frh01,train,permanent meadows,PPH,38
2140205,frh01,train,temporary meadows,PTR,38
2140272,frh01,train,barley,ORH,47
2140372,frh01,train,permanent meadows,PPH,32
2140374,frh01,train,orchards,VRG,27
2140427,frh01,train,orchards,VRG,22
2140439,frh01,train,wheat,BTH,22
2140448,frh01,train,permanent meadows,PPH,22
2140470,frh01,train,temporary meadows,PTR,22
2140474,frh01,train,corn,MIE,22
2140493,frh01,train,wheat,BTH,22
2140505,frh01,train,temporary meadows,PTR,38
2140509,frh01,train,permanent meadows,PPH,38
2140512,frh01,train,wheat,BTH,22
2140516,frh01,train,wheat,BTH,22
2140532,frh01,train,barley,ORH,22
2140537,frh01,train,barley,ORH,22
2140543,frh01,train,wheat,BTH,22
2140547,frh01,train,barley,ORH,40
2140590,frh01,train,temporary meadows,PTR,38
2140729,frh01,train,permanent meadows,PPH,22
2140740,frh01,train,permanent meadows,PPH,22
2140743,frh01,train,corn,MIE,22
2140757,frh01,train,wheat,BTH,47
2140786,frh01,train,permanent meadows,PRL,22
2140801,frh01,train,rapeseed,CZH,22
2140831,frh01,train,orchards,VRG,22
2140858,frh01,train,barley,ORH,38
2140895,frh01,train,rapeseed,CZH,22
2140938,frh01,train,permanent meadows,PRL,40
2140952,frh01,train,temporary meadows,PTR,40
2140953,frh01,train,permanent meadows,PRL,40
2140961,frh01,train,rapeseed,CZH,22
2140965,frh01,train,permanent meadows,PPH,22
2140977,frh01,train,rapeseed,CZH,47
2140996,frh01,train,wheat,BTH,47
2141017,frh01,train,temporary meadows,PTR,40
2141037,frh01,train,wheat,BTH,22
2141043,frh01,train,rapeseed,CZH,22
2141071,frh01,train,wheat,BTH,38
2141146,frh01,train,wheat,BTH,22
2141167,frh01,train,wheat,BTH,38
2141179,frh01,train,temporary meadows,RGA,60
2141248,frh01,train,orchards,VRG,38
2141266,frh01,train,permanent meadows,PPH,38
2141343,frh01,train,temporary meadows,PTR,38
2141381,frh01,train,permanent meadows,PPH,22
2141382,frh01,train,corn,MIE,22
2141396,frh01,train,temporary meadows,PTR,22
2141509,frh01,train,temporary meadows,PTR,55
2141510,frh01,train,wheat,BTH,55
2141515,frh01,train,wheat,BTH,22
2141534,frh01,train,temporary meadows,PTR,47
2141588,frh01,train,wheat,BTH,40
2141632,frh01,train,rapeseed,CZH,22
2141716,frh01,train,wheat,BTH,22
2141719,frh01,train,corn,MIS,22
2141721,frh01,train,barley,ORH,38
2141828,frh01,train,barley,ORH,38
2141901,frh01,train,corn,MIE,55
2141959,frh01,train,corn,MIE,47
2141973,frh01,train,permanent meadows,PRL,38
2141999,frh01,train,orchards,VRG,22
2142028,frh01,train,barley,ORP,55
2142039,frh01,train,permanent meadows,PPH,38
2142066,frh01,train,corn,MIE,38
2142083,frh01,train,temporary meadows,PTR,40
2142098,frh01,train,temporary meadows,PTR,40
2142112,frh01,train,corn,MIE,38
2142121,frh01,train,barley,ORP,55
2142259,frh01,train,permanent meadows,PRL,22
2142346,frh01,train,temporary meadows,RGA,38
2142349,frh01,train,permanent meadows,PRL,38
2142381,frh01,train,rapeseed,CZH,38
2142382,frh01,train,rapeseed,CZH,38
2142440,frh01,train,permanent meadows,PRL,55
2142476,frh01,train,corn,MIE,38
2142591,frh01,train,wheat,BTH,22
2142607,frh01,train,temporary meadows,PTR,47
2142689,frh01,train,orchards,VRG,47
2142691,frh01,train,wheat,BTH,38
2142780,frh01,train,temporary meadows,PTR,38
2142815,frh01,train,temporary meadows,PTR,38
2142972,frh01,train,orchards,VRG,22
2142993,frh01,train,orchards,VRG,60
2143001,frh01,train,corn,MIE,22
2143131,frh01,train,permanent meadows,PPH,40
2143134,frh01,train,wheat,BTH,40
2143137,frh01,train,wheat,BTH,40
2143147,frh01,train,wheat,BTH,40
2143195,frh01,train,wheat,BTH,22
2143204,frh01,train,barley,ORH,22
2143231,frh01,train,corn,MIE,22
2143250,frh01,train,temporary meadows,RGA,30
2143264,frh01,train,permanent meadows,PPH,38
2143288,frh01,train,orchards,VRG,22
2143296,frh01,train,temporary meadows,PTR,38
2143308,frh01,train,wheat,BTH,22
2143315,frh01,train,temporary meadows,PTR,38
2143344,frh01,train,barley,ORH,38
2143347,frh01,train,temporary meadows,PTR,38
2143399,frh01,train,barley,ORH,38
2143408,frh01,train,temporary meadows,RGA,38
2143420,frh02,train,permanent meadows,PPH,38
2143423,frh01,train,wheat,BTH,22
2143425,frh01,train,orchards,VRG,22
2143452,frh01,train,rapeseed,CZH,22
2143490,frh01,train,permanent meadows,PPH,38
2143500,frh01,train,barley,ORH,38
2143571,frh01,train,temporary meadows,PTR,22
2143574,frh01,train,rapeseed,CZH,22
2143580,frh01,train,temporary meadows,PTR,22
2143600,frh01,train,wheat,BTH,22
2143649,frh01,train,barley,ORH,22
2143670,frh01,train,corn,MIE,22
2143701,frh01,train,rapeseed,CZH,22
2143709,frh01,train,wheat,BTH,22
2143726,frh01,train,wheat,BTH,38
2143751,frh01,train,rapeseed,CZH,22
2143784,frh01,train,barley,ORH,55
2143788,frh01,train,barley,ORH,55
2143816,frh01,train,orchards,VRG,22
2143817,frh01,train,orchards,VRG,22
2143857,frh01,train,wheat,BTH,47
2143876,frh01,train,wheat,BTH,47
2143901,frh01,train,temporary meadows,PTR,38
2143961,frh01,train,barley,ORH,55
2144005,frh01,train,rapeseed,CZH,65
2144007,frh01,train,wheat,BTH,40
2144010,frh01,train,wheat,BTH,40
2144023,frh01,train,rapeseed,CZH,22
2144052,frh01,train,rapeseed,CZH,40
2144118,frh01,train,barley,ORH,38
2144144,frh01,train,temporary meadows,RGA,40
2144201,frh01,train,rapeseed,CZH,38
2144218,frh01,train,permanent meadows,PPH,40
2144220,frh01,train,permanent meadows,PRL,40
2144247,frh01,train,orchards,VRG,22
2144249,frh01,train,orchards,VRG,22
2144250,frh01,train,orchards,VRG,22
2144251,frh01,train,orchards,VRG,22
2144253,frh01,train,orchards,VRG,22
2144254,frh01,train,orchards,VRG,22
2144255,frh01,train,orchards,VRG,22
2144256,frh01,train,orchards,VRG,22
2144257,frh01,train,orchards,VRG,22
2144258,frh01,train,orchards,VRG,22
2144259,frh01,train,orchards,VRG,22
2144261,frh01,train,orchards,VRG,22
2144270,frh01,train,corn,MIE,38
2144276,frh01,train,corn,MIE,60
2144293,frh01,train,rapeseed,CZH,40
2144307,frh01,train,barley,ORH,60
2144315,frh01,train,orchards,VRG,55
2144354,frh01,train,corn,MIS,22
2144435,frh01,train,wheat,BTH,22
2144446,frh01,train,wheat,BTH,40
2144447,frh01,train,rapeseed,CZH,40
2144450,frh01,train,barley,ORH,38
2144459,frh01,train,barley,ORH,60
2144490,frh01,train,temporary meadows,PTR,38
2144542,frh01,train,permanent meadows,PPH,38
2144602,frh01,train,corn,MIS,22
2144644,frh01,train,barley,ORH,38
2144671,frh01,train,permanent meadows,PPH,22
2144756,frh01,train,temporary meadows,PTR,38
2144802,frh01,train,wheat,BTH,38
2144883,frh01,train,corn,MIE,40
2144894,frh01,train,barley,ORH,22
2144947,frh01,train,barley,ORH,22
2144955,frh01,train,wheat,BTH,22
2144961,frh01,train,wheat,BTH,22
2145057,frh01,train,barley,ORH,38
2145059,frh01,train,wheat,BTH,40
2145073,frh01,train,corn,MIE,60
2145128,frh01,train,temporary meadows,RGA,22
2145183,frh01,train,barley,ORP,22
2145185,frh01,train,wheat,BTH,22
2145235,frh01,train,barley,ORH,38
2145238,frh01,train,corn,MIE,38
2145275,frh01,train,rapeseed,CZH,22
2145303,frh01,train,barley,ORH,60
2145307,frh01,train,rapeseed,CZH,60
2145346,frh01,train,rapeseed,CZH,38
2145348,frh01,train,rapeseed,CZH,38
2145361,frh01,train,rapeseed,CZH,22
2145396,frh01,train,permanent meadows,PPH,38
2145403,frh01,train,permanent meadows,PPH,38
2145428,frh01,train,barley,ORH,38
2145476,frh01,train,corn,MIE,22
2145491,frh01,train,orchards,VRG,40
2145492,frh01,train,orchards,VRG,40
2145531,frh01,train,rapeseed,CZH,22
2145596,frh01,train,temporary meadows,PTR,38
2145604,frh01,train,rapeseed,CZH,60
2145762,frh01,train,corn,MIE,38
2145808,frh01,train,corn,MIE,22
2145813,frh01,train,wheat,BTH,38
2145824,frh01,train,temporary meadows,PTR,38
2145845,frh01,train,permanent meadows,PPH,38
2145850,frh01,train,rapeseed,CZH,60
2145898,frh01,train,wheat,BTH,38
2145909,frh01,train,permanent meadows,PPH,38
2145937,frh01,train,wheat,BTH,38
2145988,frh01,train,barley,ORH,47
2146035,frh01,train,permanent meadows,PPH,38
2146047,frh01,train,wheat,BTH,22
2146102,frh01,train,temporary meadows,RGA,40
2146163,frh01,train,corn,MIE,65
2146233,frh01,train,wheat,BTH,60
2146242,frh01,train,temporary meadows,RGA,60
2146284,frh01,train,temporary meadows,RGA,40
2146286,frh01,train,temporary meadows,RGA,40
2146288,frh01,train,corn,MIE,40
2146364,frh01,train,corn,MIE,47
2146453,frh01,train,wheat,BTH,38
2146456,frh01,train,wheat,BTH,22
2146469,frh01,train,rapeseed,CZH,22
2146482,frh01,train,orchards,VRG,22
2146483,frh01,train,orchards,VRG,22
2146516,frh01,train,rapeseed,CZH,38
2146518,frh01,train,rapeseed,CZH,38
2146520,frh01,train,rapeseed,CZH,38
2146534,frh01,train,temporary meadows,RGA,22
2146543,frh01,train,corn,MIE,22
2146601,frh01,train,barley,ORP,38
2146608,frh01,train,rapeseed,CZH,38
2146610,frh01,train,rapeseed,CZH,38
2146614,frh01,train,rapeseed,CZH,38
2146616,frh01,train,rapeseed,CZH,38
2146649,frh01,train,wheat,BTH,22
2146680,frh01,train,rapeseed,CZH,38
2146710,frh01,train,barley,ORH,22
2146728,frh01,train,temporary meadows,RGA,22
2146778,frh01,train,temporary meadows,PTR,65
2146837,frh01,train,permanent meadows,PPH,22
2146856,frh01,train,corn,MIS,38
2146881,frh01,train,barley,ORH,22
2146893,frh01,train,temporary meadows,RGA,22
2146894,frh01,train,temporary meadows,RGA,22
2146967,frh01,train,rapeseed,CZH,38
2146994,frh01,train,temporary meadows,RGA,22
2147025,frh01,train,barley,ORH,22
2147026,frh01,train,orchards,VRG,22
2147044,frh01,train,rapeseed,CZH,38
2147048,frh01,train,permanent meadows,PPH,38
2147070,frh01,train,rapeseed,CZH,22
2147071,frh01,train,rapeseed,CZH,22
2147150,frh01,train,rapeseed,CZH,22
2147154,frh01,train,wheat,BTH,22
2147226,frh01,train,rapeseed,CZH,22
2147232,frh01,train,rapeseed,CZH,22
2147428,frh01,train,permanent meadows,PPH,22
2147438,frh01,train,corn,MIS,55
2147440,frh01,train,rapeseed,CZH,55
2147446,frh01,train,corn,MIS,55
2147454,frh01,train,orchards,VRG,22
2147538,frh01,train,permanent meadows,PPH,55
2147563,frh01,train,corn,MIS,38
2147612,frh01,train,permanent meadows,PPH,55
2147641,frh01,train,barley,ORP,38
2147663,frh01,train,temporary meadows,PTR,38
2147792,frh01,train,temporary meadows,PTR,38
2147804,frh01,train,permanent meadows,PPH,38
2147847,frh01,train,barley,ORH,47
2147885,frh01,train,permanent meadows,PPH,38
2147910,frh01,train,permanent meadows,PPH,38
2147930,frh01,train,barley,ORH,47
2147956,frh01,train,barley,ORH,38
2147988,frh01,train,corn,MIE,38
2147994,frh01,train,corn,MIE,38
2148043,frh01,train,wheat,BTH,38
2148045,frh01,train,permanent meadows,PRL,38
2148076,frh01,train,permanent meadows,PPH,40
2148097,frh01,train,wheat,BTH,22
2148100,frh01,train,corn,MIS,22
2148103,frh01,train,rapeseed,CZH,22
2148112,frh01,train,rapeseed,CZH,22
2148171,frh01,train,rapeseed,CZH,22
2148196,frh01,train,rapeseed,CZH,47
2148197,frh01,train,rapeseed,CZH,47
2148202,frh01,train,rapeseed,CZH,47
2148204,frh01,train,wheat,BTH,47
2148206,frh01,train,rapeseed,CZH,47
2148210,frh01,train,wheat,BTH,40
2148212,frh01,train,rapeseed,CZH,40
2148218,frh01,train,temporary meadows,PTR,40
2148238,frh01,train,orchards,VRG,22
2148240,frh01,train,orchards,VRG,22
2148298,frh01,train,rapeseed,CZH,22
2148373,frh01,train,temporary meadows,PTR,55
2148453,frh01,train,rapeseed,CZH,40
2148463,frh01,train,permanent meadows,PPH,47
2148465,frh01,train,wheat,BTH,47
2148535,frh01,train,rapeseed,CZH,38
2148537,frh01,train,rapeseed,CZH,38
2148538,frh01,train,barley,ORH,38
2148556,frh01,train,temporary meadows,RGA,47
2148691,frh01,train,corn,MIE,38
2148734,frh01,train,barley,ORH,22
2148744,frh01,train,temporary meadows,RGA,22
2148780,frh01,train,temporary meadows,PTR,38
2148784,frh01,train,corn,MIE,38
2148788,frh01,train,wheat,BTH,22
2148845,frh01,train,barley,ORH,38
2148871,frh01,train,temporary meadows,RGA,38
2148888,frh01,train,temporary meadows,PTR,38
2148958,frh01,train,barley,ORH,38
2148978,frh01,train,temporary meadows,PTR,38
2148995,frh01,train,permanent meadows,PPH,22
2149000,frh01,train,wheat,BTH,22
2149025,frh01,train,wheat,BTH,60
2149031,frh01,train,barley,ORH,38
2149071,frh01,train,wheat,BTH,38
2149100,frh01,train,wheat,BTH,60
2149152,frh01,train,temporary meadows,RGA,22
2149241,frh01,train,orchards,VRG,22
2149242,frh01,train,orchards,VRG,22
2149243,frh01,train,orchards,VRG,22
2149255,frh01,train,corn,MIE,60
2149279,frh01,train,barley,ORH,47
2149317,frh01,train,temporary meadows,PTR,22
2149331,frh01,train,orchards,VRG,22
2149332,frh01,train,orchards,VRG,22
2149335,frh01,train,orchards,VRG,22
2149338,frh01,train,orchards,VRG,22
2149339,frh01,train,orchards,VRG,22
2149367,frh01,train,rapeseed,CZH,22
2149377,frh01,train,permanent meadows,PPH,22
2149411,frh01,train,orchards,VRG,22
2149412,frh01,train,orchards,VRG,22
2149413,frh01,train,orchards,VRG,22
2149415,frh01,train,orchards,VRG,22
2149416,frh01,train,orchards,VRG,22
2149418,frh01,train,orchards,VRG,22
2149420,frh01,train,orchards,VRG,22
2149421,frh01,train,orchards,VRG,22
2149423,frh01,train,orchards,VRG,22
2149426,frh01,train,orchards,VRG,22
2149431,frh01,train,orchards,VRG,22
2149434,frh01,train,orchards,VRG,22
2149435,frh01,train,orchards,VRG,22
2149458,frh01,train,barley,ORP,55
2149476,frh01,train,corn,MIE,22
2149489,frh01,train,permanent meadows,PRL,38
2149528,frh01,train,orchards,VRG,22
2149565,frh01,train,corn,MIE,60
2149590,frh01,train,permanent meadows,PRL,47
2149604,frh01,train,orchards,VRG,22
2149606,frh01,train,orchards,VRG,22
2149607,frh01,train,orchards,VRG,22
2149610,frh01,train,orchards,VRG,22
2149611,frh01,train,wheat,BTH,22
2149643,frh01,train,barley,ORH,55
2149665,frh01,train,corn,MIS,38
2149669,frh01,train,wheat,BTH,38
2149672,frh01,train,temporary meadows,PTR,22
2149775,frh01,train,permanent meadows,PPH,38
2149784,frh01,train,orchards,VRG,22
2149832,frh01,train,permanent meadows,PRL,40
2149846,frh01,train,temporary meadows,RGA,22
2149901,frh01,train,orchards,VRG,40
2149943,frh01,train,temporary meadows,PTR,47
2149985,frh01,train,orchards,VRG,22
2149986,frh01,train,orchards,VRG,22
2149988,frh01,train,rapeseed,CZH,47
2150010,frh01,train,barley,ORH,47
2150038,frh01,train,rapeseed,CZH,38
2150039,frh01,train,rapeseed,CZH,38
2150040,frh01,train,rapeseed,CZH,38
2150125,frh01,train,wheat,BTH,38
2150130,frh01,train,rapeseed,CZH,38
2150131,frh01,train,wheat,BTH,38
2150187,frh01,train,corn,MIS,60
2150283,frh01,train,rapeseed,CZH,38
2150329,frh01,train,barley,ORP,47
2150348,frh01,train,barley,ORH,22
2150360,frh01,train,wheat,BTH,22
2150362,frh01,train,barley,ORH,60
2150395,frh01,train,corn,MIS,38
2150404,frh01,train,wheat,BTH,40
2150459,frh01,train,wheat,BTH,22
2150490,frh01,train,wheat,BTH,38
2150511,frh01,train,temporary meadows,RGA,22
2150513,frh01,train,corn,MIE,22
2150584,frh01,train,barley,ORH,22
2150587,frh01,train,orchards,VRG,22
2150610,frh01,train,wheat,BTH,22
2150639,frh01,train,permanent meadows,PPH,22
2150750,frh01,train,barley,ORP,22
2150768,frh01,train,permanent meadows,PPH,38
2150792,frh01,train,temporary meadows,PTR,38
2150838,frh01,train,permanent meadows,PPH,47
2150933,frh01,train,wheat,BTH,60
2150998,frh01,train,wheat,BTH,40
2151003,frh01,train,corn,MIS,38
2151007,frh01,train,rapeseed,CZH,38
2151108,frh01,train,permanent meadows,PPH,22
2151113,frh01,train,rapeseed,CZH,40
2151141,frh01,train,temporary meadows,PTR,47
2151179,frh01,train,orchards,VRG,22
2151187,frh01,train,temporary meadows,PTR,47
2151191,frh01,train,corn,MIE,22
2151209,frh01,train,temporary meadows,RGA,38
2151245,frh01,train,corn,MIE,47
2151259,frh01,train,rapeseed,CZH,38
2151268,frh01,train,barley,ORH,38
2151300,frh01,train,wheat,BTH,22
2151324,frh01,train,temporary meadows,PTR,47
2151399,frh01,train,temporary meadows,PTR,22
2151404,frh01,train,barley,ORH,22
2151411,frh01,train,wheat,BTH,47
2151482,frh01,train,barley,ORH,38
2151483,frh01,train,permanent meadows,PRL,47
2151493,frh01,train,rapeseed,CZH,22
2151510,frh01,train,rapeseed,CZH,22
2151516,frh01,train,rapeseed,CZH,22
2151534,frh01,train,temporary meadows,RGA,38
2151609,frh01,train,corn,MIE,60
2151645,frh01,train,permanent meadows,PRL,38
2151670,frh01,train,temporary meadows,RGA,38
2151676,frh01,train,barley,ORH,38
2151810,frh01,train,temporary meadows,RGA,47
2151818,frh01,train,orchards,VRG,38
2151880,frh01,train,temporary meadows,PTR,60
2151955,frh01,train,wheat,BTH,22
2151997,frh01,train,corn,MIE,60
2152022,frh01,train,corn,MIE,22
2152113,frh01,train,orchards,VRG,22
2152121,frh01,train,permanent meadows,PPH,47
2152143,frh01,train,rapeseed,CZH,38
2152156,frh01,train,permanent meadows,PPH,38
2152168,frh01,train,rapeseed,CZH,22
2152181,frh01,train,corn,MIS,60
2152198,frh01,train,orchards,VRG,47
2152245,frh01,train,wheat,BTH,23
2152277,frh01,train,barley,ORH,38
2152323,frh01,train,barley,ORH,38
2152337,frh01,train,orchards,VRG,38
2152371,frh01,train,corn,MIS,38
2152438,frh01,train,temporary meadows,RGA,22
2152497,frh01,train,rapeseed,CZH,22
2152563,frh01,train,barley,ORH,47
2152572,frh01,train,temporary meadows,RGA,38
2152581,frh01,train,wheat,BTH,38
2152590,frh01,train,rapeseed,CZH,47
2152631,frh01,train,rapeseed,CZH,38
2152679,frh01,train,temporary meadows,PTR,22
2152681,frh01,train,rapeseed,CZH,22
2152687,frh01,train,barley,ORH,47
2152703,frh01,train,permanent meadows,PPH,38
2152724,frh01,train,wheat,BTH,38
2152742,frh01,train,rapeseed,CZH,40
2152758,frh01,train,wheat,BTH,47
2152761,frh01,train,wheat,BTH,47
2152774,frh01,train,corn,MIE,47
2152784,frh01,train,temporary meadows,RGA,22
2152794,frh01,train,orchards,VRG,22
2152831,frh01,train,permanent meadows,PPH,38
2152833,frh01,train,wheat,BTH,38
2152855,frh01,train,temporary meadows,RGA,38
2152880,frh01,train,permanent meadows,PPH,38
2152945,frh01,train,temporary meadows,PTR,22
2152946,frh01,train,orchards,VRG,22
2152959,frh01,train,barley,ORH,38
2152974,frh01,train,corn,MIE,38
2153010,frh01,train,wheat,BTH,55
2153022,frh01,train,permanent meadows,PRL,55
2153077,frh01,train,rapeseed,CZH,38
2153103,frh01,train,barley,ORH,47
2153149,frh01,train,temporary meadows,PTR,38
2153159,frh01,train,temporary meadows,PTR,38
2153184,frh01,train,corn,MIE,60
2153227,frh01,train,rapeseed,CZH,22
2153242,frh01,train,orchards,VRG,22
2153245,frh01,train,rapeseed,CZH,22
2153258,frh01,train,rapeseed,CZH,38
2153264,frh01,train,corn,MIE,38
2153282,frh01,train,rapeseed,CZH,22
2153289,frh01,train,orchards,VRG,22
2153300,frh01,train,wheat,BTH,22
2153335,frh01,train,permanent meadows,PPH,38
2153352,frh01,train,wheat,BTH,55
2153356,frh01,train,temporary meadows,RGA,60
2153390,frh01,train,wheat,BTH,22
2153418,frh01,train,temporary meadows,PTR,38
2153419,frh01,train,corn,MIE,38
2153446,frh01,train,temporary meadows,PTR,22
2153467,frh01,train,orchards,VRG,22
2153529,frh01,train,orchards,VRG,22
2153531,frh01,train,orchards,VRG,22
2153532,frh01,train,rapeseed,CZH,22
2153544,frh01,train,corn,MIE,22
2153545,frh01,train,temporary meadows,PTR,22
2153581,frh01,train,temporary meadows,RGA,60
2153588,frh01,train,permanent meadows,PRL,38
2153606,frh01,train,barley,ORH,38
2153628,frh01,train,wheat,BTH,22
2153630,frh01,train,wheat,BTH,22
2153638,frh01,train,corn,MIE,38
2153649,frh01,train,wheat,BTH,22
2153678,frh01,train,temporary meadows,PTR,38
2153717,frh01,train,rapeseed,CZH,22
2153745,frh01,train,rapeseed,CZH,22
2153769,frh01,train,barley,ORH,40
2153778,frh01,train,wheat,BTH,40
2153781,frh01,train,corn,MIE,40
2153782,frh01,train,wheat,BTH,40
2153798,frh01,train,permanent meadows,PPH,22
2153802,frh01,train,permanent meadows,PRL,38
2153837,frh01,train,rapeseed,CZH,22
2153845,frh01,train,wheat,BTH,40
2153867,frh01,train,temporary meadows,PTR,38
2153910,frh01,train,orchards,VRG,22
2153913,frh01,train,temporary meadows,PTR,22
2153931,frh01,train,rapeseed,CZH,22
2153965,frh01,train,permanent meadows,PPH,38
2153974,frh01,train,barley,ORH,38
2154010,frh01,train,permanent meadows,PPH,40
2154024,frh01,train,temporary meadows,RGA,60
2154029,frh01,train,wheat,BTH,38
2154061,frh01,train,wheat,BTH,23
2154079,frh01,train,corn,MIE,38
2154080,frh01,train,barley,ORH,38
2154114,frh01,train,corn,MIE,38
2154128,frh01,train,corn,MIE,38
2154154,frh01,train,temporary meadows,RGA,38
2154175,frh01,train,wheat,BTH,22
2154189,frh01,train,corn,MIS,22
2154191,frh01,train,barley,ORH,22
2154260,frh01,train,wheat,BTH,55
2154294,frh01,train,barley,ORH,60
2154307,frh01,train,rapeseed,CZH,60
2154370,frh01,train,corn,MIE,38
2154432,frh01,train,temporary meadows,PTR,22
2154487,frh01,train,barley,ORP,47
2154493,frh01,train,rapeseed,CZH,22
2154498,frh01,train,orchards,VRG,22
2154501,frh01,train,orchards,VRG,22
2154502,frh01,train,orchards,VRG,22
2154519,frh01,train,wheat,BTH,60
2154586,frh01,train,rapeseed,CZH,38
2154606,frh01,train,corn,MIE,60
2154614,frh01,train,rapeseed,CZH,22
2154629,frh01,train,wheat,BTH,22
2154695,frh01,train,temporary meadows,RGA,60
2154702,frh01,train,barley,ORH,60
2154704,frh01,train,rapeseed,CZH,22
2154746,frh01,train,barley,ORH,38
2154808,frh01,train,rapeseed,CZH,47
2154820,frh01,train,rapeseed,CZH,47
2154830,frh01,train,rapeseed,CZH,38
2154915,frh01,train,rapeseed,CZH,38
2154980,frh01,train,barley,ORH,22
2155041,frh01,train,rapeseed,CZH,22
2155042,frh01,train,rapeseed,CZH,22
2155045,frh01,train,rapeseed,CZH,22
2155051,frh01,train,corn,MIS,22
2155075,frh01,train,corn,MIS,65
2155081,frh01,train,rapeseed,CZH,47
2155134,frh01,train,wheat,BTH,38
2155139,frh01,train,barley,ORH,38
2155168,frh01,train,barley,ORH,55
2155192,frh01,train,barley,ORH,47
2155249,frh01,train,temporary meadows,RGA,55
2155321,frh01,train,temporary meadows,RGA,38
2155337,frh01,train,rapeseed,CZH,38
2155457,frh01,train,permanent meadows,PPH,38
2155460,frh01,train,orchards,VRG,60
2155478,frh01,train,rapeseed,CZH,47
2155488,frh01,train,permanent meadows,PRL,55
2155587,frh01,train,barley,ORH,38
2155609,frh01,train,barley,ORH,47
2155631,frh01,train,corn,MIE,38
2155664,frh01,train,permanent meadows,PRL,38
2155761,frh01,train,permanent meadows,PPH,38
2155791,frh01,train,barley,ORH,22
2155857,frh01,train,orchards,VRG,22
2155858,frh01,train,orchards,VRG,22
2155859,frh01,train,orchards,VRG,22
2155879,frh01,train,corn,MIE,38
2155917,frh01,train,temporary meadows,PTR,22
2155926,frh01,train,corn,MIE,38
2156012,frh01,train,rapeseed,CZH,30
2156029,frh01,train,temporary meadows,RGA,47
2156037,frh01,train,temporary meadows,RGA,22
2156133,frh01,train,barley,ORH,22
2156328,frh01,train,rapeseed,CZH,22
2156345,frh01,train,wheat,BTH,38
2156351,frh01,train,rapeseed,CZH,22
2156370,frh01,train,permanent meadows,PRL,22
2156381,frh01,train,temporary meadows,PTR,38
2156390,frh01,train,temporary meadows,RGA,55
2156434,frh01,train,rapeseed,CZH,22
2156450,frh01,train,rapeseed,CZH,22
2156457,frh01,train,permanent meadows,PRL,22
2156460,frh01,train,orchards,VRG,22
2156461,frh01,train,orchards,VRG,22
2156491,frh01,train,wheat,BTH,38
2156540,frh01,train,barley,ORH,38
2156657,frh01,train,rapeseed,CZH,22
2156676,frh01,train,corn,MIE,38
2156696,frh01,train,temporary meadows,RGA,40
2156795,frh01,train,temporary meadows,RGA,40
2156802,frh01,train,wheat,BTH,22
2156816,frh01,train,corn,MIS,22
2156835,frh01,train,barley,ORP,38
2156851,frh01,train,barley,ORH,22
2156887,frh01,train,wheat,BTH,22
2156910,frh01,train,rapeseed,CZH,22
2156911,frh01,train,rapeseed,CZH,22
2156921,frh01,train,wheat,BTH,38
2156957,frh01,train,wheat,BTH,38
2156972,frh01,train,temporary meadows,PTR,38
2156993,frh01,train,wheat,BTH,23
2157009,frh01,train,corn,MIE,38
2157048,frh01,train,rapeseed,CZH,39
2157081,frh01,train,orchards,VRG,55
2157082,frh01,train,rapeseed,CZH,38
2157086,frh01,train,wheat,BTH,40
2157095,frh01,train,rapeseed,CZH,22
2157106,frh01,train,permanent meadows,PPH,47
2157133,frh01,train,rapeseed,CZH,24
2157135,frh01,train,corn,MIS,34
2157136,frh01,train,corn,MIS,31
2157146,frh01,train,barley,ORH,22
2794926,frh02,train,permanent meadows,PPH,20
2794963,frh02,train,permanent meadows,PRL,20
2795005,frh02,train,wheat,BTH,38
2795033,frh02,train,rapeseed,CZH,38
2795060,frh02,train,orchards,VRG,38
2795071,frh02,train,permanent meadows,PRL,38
2795079,frh02,train,permanent meadows,PRL,38
2795183,frh02,train,permanent meadows,PPH,49
2795288,frh02,train,permanent meadows,PRL,20
2795320,frh02,train,rapeseed,CZH,49
2795321,frh02,train,rapeseed,CZH,49
2795358,frh02,train,permanent meadows,PPH,38
2795390,frh02,train,permanent meadows,PRL,20
2795454,frh02,train,temporary meadows,PTR,38
2795464,frh02,train,barley,ORH,20
2795509,frh02,train,rapeseed,CZH,38
2795530,frh02,train,rapeseed,CZH,58
2795563,frh02,train,orchards,VRG,38
2795605,frh02,train,permanent meadows,PPH,38
2795622,frh02,train,corn,MIS,38
2795648,frh02,train,permanent meadows,PRL,38
2795657,frh02,train,barley,ORH,38
2795659,frh02,train,permanent meadows,PPH,38
2795734,frh02,train,temporary meadows,RGA,38
2795757,frh02,train,temporary meadows,RGA,49
2795785,frh02,train,orchards,VRG,38
2795794,frh02,train,orchards,VRG,38
2795823,frh02,train,permanent meadows,PPH,38
2795852,frh02,train,permanent meadows,PRL,38
2795880,frh02,train,temporary meadows,RGA,38
2795885,frh02,train,permanent meadows,PPH,38
2795890,frh02,train,temporary meadows,PTR,38
2795891,frh02,train,permanent meadows,PPH,38
2795943,frh02,train,temporary meadows,RGA,38
2795948,frh02,train,temporary meadows,PTR,38
2795954,frh02,train,permanent meadows,PPH,38
2795964,frh02,train,permanent meadows,PPH,38
2795973,frh02,train,temporary meadows,PTR,38
2795977,frh02,train,corn,MIE,38
2795983,frh02,train,permanent meadows,PPH,38
2796029,frh02,train,permanent meadows,PPH,49
2796052,frh02,train,permanent meadows,PRL,38
2796060,frh02,train,rapeseed,CZH,58
2796086,frh02,train,permanent meadows,PPH,38
2796134,frh02,train,corn,MIE,38
2796189,frh02,train,barley,ORH,20
2796260,frh02,train,corn,MIE,20
2796292,frh02,train,rapeseed,CZH,38
2796293,frh02,train,wheat,BTH,38
2796320,frh02,train,permanent meadows,PPH,60
2796368,frh02,train,rapeseed,CZH,25
2796479,frh02,train,permanent meadows,PRL,49
2796504,frh02,train,barley,ORH,49
2796531,frh02,train,temporary meadows,PTR,60
2796555,frh02,train,permanent meadows,PRL,49
2796580,frh02,train,permanent meadows,PRL,38
2796656,frh02,train,permanent meadows,PPH,38
2796748,frh02,train,permanent meadows,PPH,38
2796772,frh02,train,corn,MIS,44
2796774,frh02,train,barley,ORH,42
2796793,frh02,train,barley,ORP,49
2796850,frh02,train,wheat,BTH,38
2796851,frh02,train,wheat,BTH,38
2796881,frh02,train,temporary meadows,RGA,49
2796882,frh02,train,temporary meadows,RGA,49
2796891,frh02,train,corn,MIE,25
2796902,frh02,train,permanent meadows,PPH,25
2796908,frh02,train,permanent meadows,PRL,25
2796915,frh02,train,temporary meadows,RGA,25
2797001,frh02,train,rapeseed,CZH,38
2797004,frh02,train,wheat,BTH,49
2797074,frh02,train,permanent meadows,PRL,49
2797111,frh02,train,permanent meadows,PRL,38
2797117,frh02,train,permanent meadows,PPH,38
2797122,frh02,train,permanent meadows,PPH,25
2797123,frh02,train,wheat,BTH,25
2797173,frh02,train,wheat,BTH,38
2797216,frh02,train,rapeseed,CZH,38
2797260,frh02,train,corn,MIE,38
2797365,frh02,train,corn,MIE,20
2797376,frh02,train,barley,ORH,38
2797435,frh02,train,barley,ORH,38
2797450,frh02,train,permanent meadows,PPH,38
2797608,frh02,train,rapeseed,CZH,20
2797611,frh02,train,corn,MIS,20
2797612,frh02,train,temporary meadows,PTR,38
2797626,frh02,train,orchards,VRG,20
2797650,frh02,train,barley,ORP,38
2797714,frh02,train,permanent meadows,PPH,20
2797832,frh02,train,permanent meadows,PPH,38
2797853,frh02,train,corn,MIE,38
2797893,frh02,train,corn,MIS,38
2797906,frh02,train,corn,MIS,38
2797927,frh02,train,wheat,BTH,20
2797932,frh02,train,wheat,BTH,20
2797960,frh02,train,temporary meadows,RGA,38
2797980,frh02,train,rapeseed,CZH,38
2798020,frh02,train,barley,ORP,38
2798183,frh02,train,barley,ORH,38
2798220,frh02,train,permanent meadows,PRL,38
2798297,frh02,train,corn,MIS,38
2798411,frh02,train,temporary meadows,PTR,60
2798449,frh02,train,wheat,BTH,38
2798506,frh02,train,corn,MIE,60
2798508,frh02,train,temporary meadows,PTR,60
2798601,frh02,train,barley,ORP,38
2798648,frh02,train,barley,ORP,60
2798651,frh02,train,barley,ORH,38
2798656,frh02,train,barley,ORH,38
2798679,frh02,train,nuts,CTG,38
2798700,frh02,train,corn,MIE,38
2798820,frh02,train,permanent meadows,PPH,38
2798828,frh02,train,permanent meadows,PRL,38
2798847,frh02,train,rapeseed,CZH,38
2798898,frh02,train,permanent meadows,PRL,38
2798910,frh02,train,orchards,VRG,38
2798920,frh02,train,temporary meadows,RGA,20
2799036,frh02,train,permanent meadows,PRL,38
2799064,frh02,train,permanent meadows,PRL,38
2799138,frh02,train,corn,MIE,38
2799175,frh02,train,temporary meadows,PTR,38
2799230,frh02,train,barley,ORH,20
2799289,frh02,train,permanent meadows,PPH,38
2799319,frh02,train,permanent meadows,PPH,38
2799388,frh02,train,permanent meadows,PPH,38
2799457,frh02,train,permanent meadows,PPH,38
2799589,frh02,train,permanent meadows,PPH,38
2799595,frh02,train,rapeseed,CZH,38
2799599,frh02,train,rapeseed,CZH,38
2799625,frh02,train,permanent meadows,PPH,38
2799656,frh02,train,corn,MIE,20
2799802,frh02,train,permanent meadows,PRL,38
2799829,frh02,train,barley,ORH,30
2799831,frh02,train,corn,MIS,34
2799866,frh02,train,temporary meadows,PTR,20
2799917,frh02,train,rapeseed,CZH,38
2799922,frh02,train,orchards,VRG,38
2799950,frh02,train,corn,MIS,38
2800029,frh02,train,corn,MIE,38
2800035,frh02,train,temporary meadows,RGA,38
2800093,frh02,train,corn,MIS,38
2800108,frh02,train,wheat,BTH,60
2800120,frh02,train,wheat,BTH,38
2800154,frh02,train,orchards,VRG,49
2800175,frh02,train,wheat,BTH,38
2800206,frh02,train,temporary meadows,PTR,49
2800243,frh02,train,temporary meadows,PTR,38
2800270,frh02,train,barley,ORH,49
2800284,frh02,train,corn,MIE,38
2800289,frh02,train,permanent meadows,PRL,38
2800331,frh02,train,rapeseed,CZH,38
2800354,frh02,train,wheat,BTH,49
2800386,frh02,train,permanent meadows,PRL,38
2800496,frh02,train,corn,MIE,38
2800511,frh02,train,corn,MIE,38
2800524,frh02,train,permanent meadows,PPH,38
2800546,frh02,train,permanent meadows,PRL,38
2800560,frh02,train,barley,ORH,38
2800587,frh02,train,barley,ORH,38
2800591,frh02,train,temporary meadows,RGA,38
2800592,frh02,train,temporary meadows,RGA,38
2800607,frh02,train,temporary meadows,PTR,38
2800613,frh02,train,temporary meadows,RGA,38
2800665,frh02,train,temporary meadows,RGA,38
2800728,frh02,train,temporary meadows,PTR,38
2800807,frh02,train,barley,ORH,60
2800907,frh02,train,temporary meadows,PTR,38
2800923,frh02,train,barley,ORP,20
2800945,frh02,train,permanent meadows,PPH,38
2800948,frh02,train,temporary meadows,RGA,38
2800974,frh02,train,wheat,BTH,38
2800983,frh02,train,rapeseed,CZH,38
2801043,frh02,train,permanent meadows,PPH,38
2801059,frh02,train,permanent meadows,PPH,38
2801137,frh02,train,temporary meadows,PTR,20
2801148,frh02,train,temporary meadows,PTR,38
2801169,frh02,train,barley,ORH,36
2801170,frh02,train,permanent meadows,PPH,35
2801246,frh02,train,wheat,BTH,38
2801495,frh02,train,barley,ORH,38
2801499,frh02,train,rapeseed,CZH,38
2801661,frh02,train,barley,ORH,48
2801674,frh02,train,barley,ORH,38
2801690,frh02,train,permanent meadows,PRL,38
2801773,frh02,train,permanent meadows,PPH,38
2801806,frh02,train,sunflower,TRN,38
2801825,frh02,train,temporary meadows,RGA,20
2801839,frh02,train,temporary meadows,PTR,45
2801937,frh02,train,permanent meadows,PPH,38
2801940,frh02,train,orchards,VRG,38
2801960,frh02,train,permanent meadows,PPH,38
2802006,frh02,train,permanent meadows,PRL,38
2802036,frh02,train,permanent meadows,PPH,38
2802058,frh02,train,permanent meadows,PPH,38
2802077,frh02,train,barley,ORH,38
2802085,frh02,train,permanent meadows,PPH,38
2802113,frh02,train,barley,ORP,41
2802136,frh02,train,orchards,VRG,38
2802140,frh02,train,corn,MIE,20
2802171,frh02,train,permanent meadows,PRL,38
2802202,frh02,train,permanent meadows,PRL,38
2802205,frh02,train,permanent meadows,PPH,41
2802267,frh02,train,corn,MIE,20
2802339,frh02,train,wheat,BTH,38
2802414,frh02,train,permanent meadows,PPH,38
2802428,frh02,train,temporary meadows,PTR,38
2802440,frh02,train,wheat,BTH,20
2802710,frh02,train,barley,ORH,20
2802740,frh02,train,temporary meadows,PTR,38
2802799,frh02,train,wheat,BTH,38
2802846,frh02,train,rapeseed,CZH,38
2802962,frh02,train,barley,ORH,38
2802984,frh02,train,temporary meadows,RGA,38
2803015,frh01,train,wheat,BTH,38
2803043,frh02,train,rapeseed,CZP,25
2803112,frh02,train,permanent meadows,PRL,58
2803124,frh02,train,corn,MIE,41
2803139,frh02,train,wheat,BTH,35
2803164,frh02,train,wheat,BTH,38
2803347,frh02,train,rapeseed,CZH,38
2803355,frh02,train,permanent meadows,PRL,38
2803359,frh02,train,permanent meadows,PRL,38
2803413,frh02,train,rapeseed,CZH,20
2803436,frh02,train,permanent meadows,PPH,20
2803498,frh02,train,barley,ORH,20
2803510,frh02,train,rapeseed,CZH,38
2803543,frh02,train,temporary meadows,PTR,20
2803544,frh02,train,barley,ORH,20
2803591,frh02,train,permanent meadows,PPH,38
2803592,frh02,train,corn,MIE,38
2803617,frh02,train,permanent meadows,PPH,38
2803783,frh02,train,temporary meadows,PTR,38
2803827,frh02,train,temporary meadows,PTR,20
2803850,frh02,train,wheat,BTH,38
2803911,frh02,train,barley,ORH,38
2803930,frh02,train,barley,ORH,38
2803977,frh02,train,barley,ORH,38
2804060,frh02,train,temporary meadows,PTR,38
2804087,frh02,train,permanent meadows,PPH,38
2804129,frh02,train,corn,MIE,38
2804161,frh02,train,permanent meadows,PRL,38
2804168,frh02,train,permanent meadows,PPH,38
2804174,frh02,train,permanent meadows,PRL,38
2804196,frh02,train,temporary meadows,PTR,38
2804329,frh02,train,corn,MIS,38
2804430,frh02,train,temporary meadows,PTR,20
2804452,frh02,train,wheat,BTH,20
2804583,frh02,train,barley,ORH,25
2804590,frh02,train,barley,ORH,25
2804615,frh02,train,barley,ORH,20
2804626,frh02,train,corn,MIE,38
2804726,frh02,train,wheat,BTH,38
2804728,frh02,train,wheat,BTH,38
2804782,frh02,train,temporary meadows,RGA,38
2804796,frh02,train,temporary meadows,PTR,38
2804823,frh02,train,permanent meadows,PRL,38
2804876,frh02,train,temporary meadows,PTR,38
2804879,frh02,train,permanent meadows,PPH,38
2804885,frh02,train,temporary meadows,PTR,38
2804915,frh02,train,temporary meadows,PTR,20
2804953,frh02,train,orchards,VRG,49
2804986,frh02,train,corn,MIE,20
2805001,frh02,train,permanent meadows,PRL,20
2805015,frh02,train,corn,MIE,20
2805085,frh02,train,permanent meadows,PPH,38
2805102,frh02,train,corn,MIE,38
2805128,frh02,train,temporary meadows,PTR,28
2805137,frh02,train,temporary meadows,PTR,20
2805165,frh02,train,corn,MIE,38
2805253,frh02,train,permanent meadows,PRL,25
2805303,frh02,train,permanent meadows,PPH,20
2805325,frh02,train,permanent meadows,PRL,25
2805374,frh02,train,wheat,BTH,38
2805428,frh02,train,corn,MIE,20
2805472,frh02,train,barley,ORH,20
2805554,frh02,train,barley,ORH,20
2805558,frh02,train,permanent meadows,PRL,20
2805599,frh02,train,permanent meadows,PRL,38
2805603,frh02,train,wheat,BTH,38
2805617,frh02,train,permanent meadows,PRL,38
2805806,frh02,train,rapeseed,CZH,60
2805931,frh02,train,permanent meadows,PPH,38
2805990,frh02,train,permanent meadows,PRL,49
2806052,frh02,train,barley,ORP,36
2806068,frh02,train,orchards,VRG,25
2806077,frh02,train,wheat,BTH,49
2806116,frh02,train,permanent meadows,PRL,38
2806123,frh02,train,temporary meadows,RGA,30
2806149,frh02,train,corn,MIE,20
2806167,frh02,train,barley,ORP,25
2806172,frh02,train,permanent meadows,PPH,38
2806196,frh02,train,temporary meadows,PTR,38
2806205,frh02,train,temporary meadows,PTR,38
2806300,frh02,train,corn,MIS,38
2806349,frh02,train,corn,MIE,38
2806377,frh02,train,barley,ORH,38
2806378,frh02,train,barley,ORH,38
2806436,frh02,train,wheat,BTH,20
2806546,frh02,train,corn,MIE,38
2806575,frh02,train,wheat,BTH,30
2806627,frh02,train,temporary meadows,PTR,38
2806678,frh02,train,corn,MIS,38
2806712,frh02,train,temporary meadows,PTR,38
2806716,frh02,train,rapeseed,CZH,38
2806719,frh02,train,temporary meadows,PTR,38
2806740,frh02,train,corn,MIE,20
2806990,frh02,train,wheat,BTH,38
2807001,frh02,train,temporary meadows,RGA,38
2807005,frh02,train,wheat,BTH,38
2807037,frh02,train,barley,ORH,25
2807043,frh02,train,barley,ORH,25
2807096,frh02,train,rapeseed,CZH,38
2807099,frh02,train,permanent meadows,PPH,38
2807120,frh02,train,orchards,VRG,59
2807157,frh02,train,orchards,VRG,38
2807174,frh02,train,corn,MIS,38
2807183,frh02,train,corn,MIE,38
2807275,frh02,train,corn,MIE,38
2807378,frh02,train,corn,MIE,38
2807391,frh01,train,corn,MIE,38
2807577,frh02,train,wheat,BTH,38
2807596,frh02,train,permanent meadows,PPH,60
2807719,frh02,train,barley,ORH,48
2807738,frh02,train,permanent meadows,PPH,25
2807822,frh02,train,wheat,BTH,38
2807864,frh02,train,barley,ORH,25
2807901,frh02,train,temporary meadows,PTR,38
2808007,frh02,train,corn,MIS,20
2808040,frh02,train,temporary meadows,PTR,38
2808089,frh02,train,rapeseed,CZH,38
2808107,frh02,train,barley,ORH,38
2808174,frh02,train,barley,ORH,38
2808185,frh02,train,rapeseed,CZH,38
2808276,frh02,train,barley,ORH,38
2808364,frh02,train,corn,MIS,20
2808471,frh02,train,permanent meadows,PRL,38
2808487,frh02,train,permanent meadows,PPH,20
2808490,frh02,train,corn,MIE,20
2808494,frh02,train,orchards,VRG,38
2808601,frh02,train,corn,MIE,25
2808637,frh02,train,temporary meadows,PTR,38
2808646,frh02,train,permanent meadows,PPH,49
2808750,frh02,train,permanent meadows,PRL,38
2808762,frh02,train,rapeseed,CZH,20
2808764,frh02,train,rapeseed,CZH,20
2808805,frh02,train,corn,MIS,38
2808811,frh02,train,corn,MIS,38
2808827,frh02,train,corn,MIE,38
2808890,frh02,train,corn,MIS,38
2808928,frh02,train,temporary meadows,PTR,38
2808939,frh02,train,rapeseed,CZH,20
2808942,frh02,train,barley,ORH,20
2808961,frh02,train,corn,MIE,47
2808982,frh02,train,permanent meadows,PRL,38
2808986,frh02,train,permanent meadows,PRL,49
2808996,frh02,train,temporary meadows,RGA,49
2809005,frh02,train,rapeseed,CZH,38
2809046,frh02,train,wheat,BTH,49
2809093,frh02,train,rapeseed,CZH,49
2809099,frh02,train,barley,ORH,38
2809107,frh02,train,rapeseed,CZH,49
2809132,frh02,train,rapeseed,CZH,49
2809175,frh02,train,wheat,BTH,41
2809195,frh02,train,barley,ORH,38
2809222,frh02,train,corn,MIE,38
2809224,frh02,train,barley,ORH,38
2809241,frh02,train,temporary meadows,PTR,38
2809314,frh02,train,temporary meadows,RGA,38
2809372,frh02,train,barley,ORH,38
2809400,frh02,train,barley,ORH,20
2809439,frh02,train,barley,ORH,38
2809440,frh02,train,wheat,BTH,38
2809497,frh02,train,barley,ORH,20
2809574,frh02,train,barley,ORH,38
2809620,frh02,train,rapeseed,CZH,38
2809680,frh02,train,temporary meadows,PTR,29
2809749,frh02,train,temporary meadows,PTR,25
2809818,frh02,train,corn,MIS,58
2809858,frh02,train,barley,ORH,38
2809905,frh02,train,wheat,BTH,20
2809961,frh02,train,corn,MIE,38
2809973,frh02,train,orchards,VRG,38
2809984,frh02,train,temporary meadows,PTR,25
2810012,frh02,train,temporary meadows,RGA,38
2810032,frh02,train,barley,ORH,38
2810084,frh02,train,corn,MIS,44
2810100,frh02,train,corn,MIS,38
2810133,frh02,train,wheat,BTH,49
2810223,frh02,train,corn,MIE,25
2810314,frh02,train,permanent meadows,PPH,25
2810333,frh02,train,corn,MIE,60
2810352,frh02,train,barley,ORH,20
2810403,frh02,train,corn,MIE,20
2810414,frh02,train,permanent meadows,PPH,25
2810424,frh02,train,permanent meadows,PRL,25
2810480,frh02,train,permanent meadows,PRL,49
2810492,frh02,train,corn,MIE,20
2810520,frh02,train,temporary meadows,PTR,38
2810532,frh02,train,corn,MIS,49
2810554,frh02,train,barley,ORH,38
2810566,frh02,train,barley,ORH,38
2810576,frh02,train,temporary meadows,PTR,38
2810635,frh02,train,temporary meadows,PTR,38
2810705,frh02,train,rapeseed,CZH,38
2810761,frh02,train,barley,ORH,20
2810792,frh02,train,corn,MIS,49
2810853,frh02,train,corn,MIS,38
2810855,frh02,train,permanent meadows,PRL,38
2810886,frh02,train,orchards,VRG,38
2810967,frh02,train,barley,ORH,38
2811002,frh02,train,corn,MIE,38
2811031,frh02,train,barley,ORH,20
2811191,frh02,train,temporary meadows,PTR,38
2811198,frh02,train,temporary meadows,RGA,20
2811293,frh02,train,corn,MIE,20
2811382,frh02,train,wheat,BTH,20
2811399,frh02,train,permanent meadows,PRL,38
2811411,frh02,train,permanent meadows,PPH,49
2811424,frh02,train,temporary meadows,RGA,38
2811478,frh02,train,rapeseed,CZH,38
2811542,frh02,train,wheat,BTH,20
2811560,frh02,train,permanent meadows,PRL,38
2811562,frh02,train,temporary meadows,PTR,38
2811599,frh02,train,orchards,VRG,25
2811604,frh02,train,orchards,VRG,25
2811627,frh02,train,orchards,VRG,38
2811684,frh02,train,permanent meadows,PPH,38
2811777,frh02,train,corn,MIE,38
2811819,frh02,train,wheat,BTH,38
2811823,frh02,train,temporary meadows,RGA,49
2811838,frh02,train,wheat,BTH,38
2811886,frh02,train,corn,MIE,20
2811921,frh02,train,temporary meadows,RGA,49
2811940,frh02,train,permanent meadows,PPH,20
2811978,frh02,train,rapeseed,CZH,38
2812075,frh02,train,barley,ORH,38
2812099,frh02,train,permanent meadows,PPH,38
2812134,frh02,train,permanent meadows,PRL,38
2812146,frh02,train,rapeseed,CZH,38
2812200,frh02,train,temporary meadows,RGA,20
2812228,frh02,train,permanent meadows,PPH,38
2812261,frh02,train,wheat,BTH,20
2812301,frh02,train,permanent meadows,PPH,38
2812303,frh02,train,corn,MIE,38
2812314,frh02,train,corn,MIS,38
2812356,frh02,train,barley,ORH,20
2812407,frh02,train,temporary meadows,RGA,38
2812420,frh02,train,corn,MIE,38
2812477,frh02,train,permanent meadows,PPH,38
2812480,frh02,train,barley,ORH,38
2812488,frh02,train,barley,ORH,38
2812561,frh02,train,rapeseed,CZH,38
2812563,frh02,train,wheat,BTH,38
2812575,frh02,train,corn,MIS,38
2812606,frh02,train,rapeseed,CZH,38
2812608,frh02,train,rapeseed,CZH,38
2812630,frh02,train,wheat,BTH,41
2812632,frh02,train,rapeseed,CZH,20
2812660,frh02,train,permanent meadows,PPH,38
2812676,frh02,train,barley,ORH,38
2812681,frh02,train,rapeseed,CZH,48
2812698,frh02,train,barley,ORH,38
2812725,frh02,train,barley,ORH,38
2812727,frh02,train,barley,ORH,38
2812805,frh02,train,permanent meadows,PRL,38
2812844,frh02,train,permanent meadows,PPH,20
2812856,frh02,train,wheat,BTH,25
2812911,frh02,train,permanent meadows,PPH,20
2812920,frh02,train,barley,ORH,38
2812985,frh02,train,permanent meadows,PPH,38
2813028,frh02,train,permanent meadows,PRL,44
2813032,frh02,train,corn,MIE,38
2813103,frh02,train,barley,ORH,38
2813177,frh02,train,orchards,VRG,38
2813195,frh02,train,permanent meadows,PRL,38
2813238,frh02,train,rapeseed,CZH,58
2813280,frh02,train,permanent meadows,PRL,38
2813324,frh02,train,wheat,BTH,58
2813328,frh02,train,permanent meadows,PPH,58
2813335,frh02,train,barley,ORH,58
2813347,frh02,train,barley,ORP,38
2813355,frh02,train,orchards,VRG,38
2813360,frh02,train,barley,ORH,49
2813374,frh02,train,permanent meadows,PRL,38
2813419,frh02,train,barley,ORH,58
2813450,frh02,train,temporary meadows,PTR,20
2813454,frh02,train,permanent meadows,PPH,38
2813481,frh02,train,temporary meadows,PTR,49
2813518,frh02,train,temporary meadows,PTR,20
2813538,frh02,train,corn,MIS,49
2813549,frh02,train,corn,MIS,49
2813564,frh02,train,corn,MIE,49
2813568,frh02,train,barley,ORH,49
2813599,frh02,train,temporary meadows,PTR,20
2813619,frh02,train,rapeseed,CZH,38
2813808,frh02,train,barley,ORH,20
2813828,frh02,train,orchards,VRG,38
2813837,frh02,train,wheat,BTH,20
2813855,frh02,train,permanent meadows,PPH,38
2813860,frh02,train,temporary meadows,PTR,38
2813903,frh02,train,temporary meadows,PTR,38
2813911,frh02,train,rapeseed,CZH,38
2813926,frh02,train,rapeseed,CZH,38
2813931,frh02,train,permanent meadows,PPH,38
2813934,frh02,train,rapeseed,CZH,38
2813971,frh02,train,barley,ORH,20
2813991,frh02,train,temporary meadows,PTR,38
2814082,frh02,train,corn,MIE,38
2814093,frh02,train,wheat,BTH,38
2814096,frh02,train,temporary meadows,RGA,38
2814134,frh02,train,barley,ORH,25
2814197,frh02,train,temporary meadows,RGA,38
2814255,frh02,train,barley,ORH,38
2814269,frh02,train,temporary meadows,PTR,38
2814291,frh02,train,permanent meadows,PRL,38
2814305,frh02,train,permanent meadows,PPH,38
2814357,frh02,train,temporary meadows,PTR,20
2814401,frh02,train,corn,MIE,49
2814421,frh02,train,wheat,BTH,20
2814459,frh02,train,permanent meadows,PRL,20
2814468,frh02,train,temporary meadows,PTR,20
2814488,frh02,train,rapeseed,CZH,38
2814504,frh02,train,barley,ORH,49
2814551,frh02,train,barley,ORH,38
2814587,frh02,train,corn,MIS,49
2814592,frh02,train,wheat,BTH,38
2814642,frh02,train,barley,ORH,38
2814648,frh02,train,permanent meadows,PRL,38
2814650,frh02,train,permanent meadows,PRL,38
2814659,frh02,train,permanent meadows,PPH,20
2814688,frh02,train,rapeseed,CZH,38
2814735,frh02,train,temporary meadows,RGA,38
2814739,frh02,train,temporary meadows,RGA,38
2814804,frh02,train,rapeseed,CZH,38
2814818,frh02,train,permanent meadows,PPH,20
2814843,frh02,train,permanent meadows,PRL,20
2814874,frh02,train,rapeseed,CZH,38
2814917,frh02,train,corn,MIS,20
2814964,frh02,train,permanent meadows,PPH,38
2815046,frh02,train,permanent meadows,PRL,38
2815067,frh02,train,corn,MIE,38
2815112,frh02,train,permanent meadows,PRL,38
2815153,frh02,train,corn,MIE,38
2815185,frh02,train,wheat,BTH,20
2815189,frh02,train,wheat,BTH,20
2815214,frh02,train,rapeseed,CZH,38
2815279,frh02,train,corn,MIE,49
2815292,frh02,train,rapeseed,CZH,38
2815352,frh02,train,wheat,BTH,38
2815425,frh02,train,permanent meadows,PPH,38
2815462,frh02,train,wheat,BTH,38
2815487,frh02,train,barley,ORH,32
2815513,frh02,train,corn,MIE,38
2815519,frh02,train,corn,MIE,38
2815645,frh02,train,temporary meadows,PTR,38
2815693,frh02,train,corn,MIE,38
2815757,frh02,train,corn,MIE,38
2815758,frh02,train,temporary meadows,PTR,38
2815768,frh02,train,permanent meadows,PRL,38
2815839,frh02,train,temporary meadows,PTR,38
2815873,frh02,train,temporary meadows,RGA,20
2816001,frh02,train,orchards,VRG,38
2816021,frh02,train,corn,MIE,25
2816025,frh02,train,corn,MIS,58
2816031,frh02,train,corn,MIS,58
2816057,frh02,train,barley,ORH,38
2816210,frh02,train,wheat,BTH,38
2816225,frh02,train,wheat,BTH,49
2816233,frh02,train,wheat,BTH,38
2816279,frh02,train,permanent meadows,PPH,38
2816296,frh02,train,wheat,BTP,49
2816353,frh02,train,wheat,BTH,20
2816355,frh02,train,barley,ORH,49
2816356,frh02,train,barley,ORH,49
2816362,frh02,train,wheat,BTH,38
2816395,frh02,train,corn,MIE,38
2816399,frh02,train,temporary meadows,RGA,38
2816402,frh02,train,wheat,BTH,38
2816405,frh02,train,wheat,BTH,38
2816444,frh02,train,temporary meadows,RGA,58
2816555,frh02,train,rapeseed,CZH,38
2816585,frh02,train,corn,MIE,38
2816618,frh02,train,temporary meadows,PTR,20
2816625,frh02,train,permanent meadows,PRL,20
2816684,frh02,train,orchards,VRG,38
2816692,frh02,train,corn,MIE,38
2816748,frh02,train,barley,ORH,32
2816773,frh02,train,wheat,BTH,20
2816804,frh02,train,temporary meadows,PTR,20
2816824,frh02,train,corn,MIE,60
2816993,frh02,train,wheat,BTH,20
2816998,frh02,train,temporary meadows,PTR,20
2817065,frh02,train,corn,MIE,20
2817087,frh02,train,rapeseed,CZH,38
2817198,frh02,train,corn,MIE,38
2817250,frh02,train,corn,MIE,38
2817254,frh02,train,barley,ORH,38
2817300,frh02,train,temporary meadows,RGA,38
2817375,frh02,train,permanent meadows,PRL,38
2817399,frh02,train,temporary meadows,PTR,38
2817476,frh02,train,wheat,BTH,38
2817492,frh02,train,permanent meadows,PPH,34
2817495,frh02,train,temporary meadows,PTR,33
2817507,frh02,train,temporary meadows,RGA,25
2817530,frh02,train,permanent meadows,PPH,38
2817552,frh02,train,rapeseed,CZP,20
2817559,frh02,train,corn,MIE,20
2817587,frh02,train,permanent meadows,PPH,40
2817637,frh02,train,wheat,BTH,38
2817657,frh02,train,temporary meadows,PTR,60
2817709,frh02,train,permanent meadows,PPH,38
2817768,frh02,train,wheat,BTH,38
2817787,frh02,train,wheat,BTH,20
2817834,frh02,train,temporary meadows,PTR,38
2817900,frh02,train,corn,MIS,38
2817963,frh02,train,wheat,BTH,20
2818029,frh02,train,barley,ORP,38
2818069,frh02,train,barley,ORH,38
2818076,frh02,train,corn,MIS,38
2818139,frh02,train,temporary meadows,PTR,38
2818186,frh02,train,wheat,BTH,38
2818207,frh02,train,barley,ORH,60
2818226,frh02,train,corn,MIE,38
2818228,frh02,train,temporary meadows,PTR,38
2818235,frh02,train,barley,ORH,20
2818244,frh02,train,barley,ORH,20
2818276,frh02,train,barley,ORH,60
2818307,frh02,train,barley,ORH,38
2818334,frh02,train,permanent meadows,PPH,20
2818351,frh02,train,temporary meadows,PTR,38
2818379,frh02,train,wheat,BTH,38
2818382,frh02,train,wheat,BTH,38
2818401,frh02,train,temporary meadows,PTR,60
2818413,frh02,train,corn,MIE,25
2818481,frh02,train,permanent meadows,PRL,38
2818485,frh02,train,permanent meadows,PRL,38
2818506,frh02,train,corn,MIE,31
2818512,frh02,train,permanent meadows,PRL,25
2818569,frh02,train,barley,ORH,38
2818621,frh02,train,barley,ORH,58
2818633,frh02,train,permanent meadows,PPH,38
2818635,frh02,train,corn,MIE,38
2818675,frh02,train,permanent meadows,PPH,38
2818679,frh02,train,barley,ORH,38
2818722,frh02,train,corn,MIE,38
2818736,frh02,train,wheat,BTH,49
2818741,frh02,train,barley,ORH,41
2818862,frh02,train,temporary meadows,PTR,25
2818888,frh02,train,corn,MIE,20
2818981,frh02,train,barley,ORH,38
2819022,frh02,train,nuts,CAB,38
2819029,frh02,train,wheat,BTH,25
2819034,frh02,train,permanent meadows,PPH,25
2819170,frh02,train,corn,MIE,25
2819208,frh02,train,wheat,BTH,38
2819213,frh02,train,permanent meadows,PRL,38
2819278,frh02,train,temporary meadows,PTR,20
2819314,frh02,train,temporary meadows,RGA,38
2819321,frh02,train,wheat,BTH,20
2819414,frh02,train,permanent meadows,PPH,38
2819427,frh02,train,wheat,BTH,25
2819435,frh02,train,permanent meadows,PRL,49
2819538,frh02,train,barley,ORH,25
2819544,frh02,train,permanent meadows,PPH,25
2819551,frh02,train,permanent meadows,PPH,20
2819572,frh02,train,temporary meadows,PTR,38
2819575,frh02,train,permanent meadows,PPH,38
2819578,frh02,train,permanent meadows,PPH,25
2819617,frh02,train,corn,MIE,38
2819647,frh02,train,rapeseed,CZH,38
2819651,frh02,train,wheat,BTH,38
2819661,frh02,train,corn,MIS,40
2819666,frh02,train,wheat,BTH,60
2819681,frh02,train,corn,MIE,38
2819696,frh02,train,permanent meadows,PRL,38
2819701,frh02,train,corn,MIE,38
2819715,frh02,train,permanent meadows,PPH,20
2819720,frh02,train,temporary meadows,RGA,20
2819739,frh02,train,barley,ORP,40
2819790,frh02,train,wheat,BTH,60
2819867,frh02,train,temporary meadows,PTR,20
2819936,frh02,train,wheat,BTH,41
2819939,frh02,train,corn,MIS,41
2819940,frh02,train,corn,MIS,41
2819953,frh02,train,corn,MIE,20
2820045,frh02,train,barley,ORH,20
2820057,frh02,train,wheat,BTH,20
2820086,frh02,train,barley,ORH,38
2820118,frh02,train,barley,ORP,20
2820186,frh02,train,permanent meadows,PRL,38
2820201,frh02,train,permanent meadows,PRL,20
2820528,frh02,train,permanent meadows,PRL,49
2820530,frh02,train,temporary meadows,RGA,49
2820547,frh02,train,corn,MIE,20
2820651,frh02,train,temporary meadows,PTR,38
2820670,frh02,train,rapeseed,CZH,38
2820697,frh02,train,permanent meadows,PPH,38
2820710,frh02,train,corn,MIS,20
2820719,frh02,train,wheat,BTH,38
2820730,frh02,train,temporary meadows,RGA,38
2820776,frh02,train,barley,ORH,38
2820779,frh02,train,temporary meadows,PTR,38
2820781,frh02,train,corn,MIE,38
2820784,frh02,train,barley,ORH,20
2820804,frh02,train,wheat,BTH,38
2820816,frh02,train,barley,ORH,38
2820818,frh02,train,barley,ORH,38
2820890,frh02,train,temporary meadows,PTR,38
2820918,frh02,train,permanent meadows,PRL,25
2820928,frh02,train,corn,MIE,49
2820994,frh02,train,permanent meadows,PRL,25
2820999,frh02,train,permanent meadows,PPH,25
2821045,frh02,train,temporary meadows,PTR,20
2821058,frh02,train,temporary meadows,PTR,20
2821076,frh02,train,wheat,BTH,38
2821144,frh02,train,corn,MIE,20
2821152,frh02,train,corn,MIE,20
2821169,frh02,train,corn,MIE,38
2821174,frh02,train,permanent meadows,PPH,38
2821193,frh02,train,barley,ORH,38
2821199,frh02,train,corn,MIE,38
2821210,frh02,train,corn,MIE,38
2821228,frh02,train,temporary meadows,PTR,38
2821262,frh02,train,permanent meadows,PPH,38
2821268,frh02,train,rapeseed,CZH,38
2821318,frh02,train,temporary meadows,PTR,38
2821352,frh02,train,barley,ORH,38
2821370,frh02,train,corn,MIS,20
2821418,frh02,train,barley,ORH,38
2821419,frh02,train,barley,ORH,38
2821422,frh02,train,corn,MIE,38
2821457,frh02,train,barley,ORH,20
2821464,frh02,train,barley,ORH,20
2821526,frh02,train,permanent meadows,PPH,49
2821534,frh02,train,barley,ORH,20
2821580,frh02,train,barley,ORH,38
2821597,frh02,train,permanent meadows,PRL,23
2821614,frh02,train,rapeseed,CZH,38
2821615,frh02,train,wheat,BTH,38
2821631,frh02,train,corn,MIS,38
2821655,frh02,train,permanent meadows,PPH,38
2821660,frh02,train,temporary meadows,PTR,38
2821780,frh02,train,barley,ORH,20
2821799,frh02,train,corn,MIE,20
2821853,frh02,train,rapeseed,CZH,38
2821935,frh02,train,rapeseed,CZH,38
2822043,frh02,train,temporary meadows,PTR,38
2822045,frh02,train,corn,MIE,49
2822051,frh02,train,temporary meadows,RGA,49
2822054,frh02,train,barley,ORH,49
2822060,frh02,train,barley,ORH,49
2822074,frh02,train,wheat,BTH,38
2822115,frh02,train,corn,MIS,38
2822124,frh02,train,temporary meadows,RGA,38
2822294,frh02,train,temporary meadows,RGA,20
2822309,frh02,train,barley,ORH,20
2822348,frh02,train,temporary meadows,RGA,20
2822361,frh02,train,temporary meadows,PTR,38
2822425,frh02,train,temporary meadows,RGA,38
2822462,frh02,train,rapeseed,CZH,20
2822490,frh02,train,barley,ORH,38
2822565,frh02,train,permanent meadows,PPH,20
2822665,frh02,train,orchards,VRG,38
2822667,frh02,train,permanent meadows,PPH,38
2822692,frh02,train,permanent meadows,PRL,38
2822909,frh02,train,barley,ORH,20
2823011,frh02,train,corn,MIE,38
2823027,frh02,train,barley,ORH,38
2823080,frh02,train,barley,ORH,20
2823258,frh02,train,barley,ORH,38
2823270,frh02,train,rapeseed,CZH,38
2823271,frh02,train,rapeseed,CZH,38
2823295,frh02,train,temporary meadows,PTR,38
2823323,frh02,train,permanent meadows,PPH,20
2823327,frh02,train,rapeseed,CZH,38
2823331,frh02,train,permanent meadows,PPH,38
2823356,frh02,train,barley,ORH,38
2823379,frh02,train,temporary meadows,PTR,38
2823433,frh02,train,rapeseed,CZH,22
2823437,frh02,train,wheat,BTH,25
2823477,frh02,train,corn,MIE,38
2823558,frh02,train,corn,MIS,20
2823561,frh02,train,corn,MIS,20
2823564,frh02,train,barley,ORH,20
2823615,frh02,train,corn,MIS,38
2823836,frh02,train,wheat,BTH,41
2823837,frh02,train,permanent meadows,PRL,41
2823942,frh02,train,permanent meadows,PRL,41
2823991,frh02,train,wheat,BTH,20
2824137,frh02,train,permanent meadows,PPH,38
2824168,frh02,train,rapeseed,CZP,20
2824207,frh02,train,temporary meadows,RGA,30
2824286,frh02,train,corn,MIE,20
2824299,frh02,train,wheat,BTH,20
2824431,frh02,train,wheat,BTH,41
2824463,frh02,train,permanent meadows,PRL,38
2824500,frh02,train,wheat,BTH,38
2824508,frh02,train,wheat,BTH,38
2824554,frh02,train,rapeseed,CZH,38
2824599,frh02,train,barley,ORH,25
2824640,frh02,train,rapeseed,CZH,38
2824662,frh02,train,barley,ORH,20
2824670,frh02,train,permanent meadows,PRL,38
2824695,frh02,train,corn,MIS,38
2824712,frh02,train,corn,MIS,38
2824716,frh02,train,rapeseed,CZH,38
2824729,frh02,train,corn,MIS,38
2824776,frh02,train,wheat,BTH,41
2824854,frh02,train,wheat,BTH,38
2824898,frh02,train,wheat,BTH,38
2824935,frh02,train,corn,MIE,38
2824952,frh02,train,barley,ORH,60
2825043,frh02,train,barley,ORH,38
2825135,frh02,train,temporary meadows,PTR,38
2825206,frh02,train,rapeseed,CZH,38
2825210,frh02,train,barley,ORH,38
2825227,frh02,train,barley,ORH,38
2825228,frh02,train,barley,ORH,38
2825273,frh02,train,temporary meadows,PTR,38
2825276,frh02,train,permanent meadows,PRL,38
2825345,frh02,train,temporary meadows,PTR,38
2825351,frh02,train,barley,ORH,38
2825399,frh02,train,corn,MIS,38
2825474,frh02,train,corn,MIS,20
2825481,frh02,train,wheat,BTH,38
2825547,frh02,train,corn,MIE,38
2825629,frh02,train,temporary meadows,PTR,38
2825650,frh02,train,permanent meadows,PPH,30
2825663,frh02,train,wheat,BTH,20
2825713,frh02,train,corn,MIS,25
2825747,frh02,train,permanent meadows,PRL,38
2825762,frh02,train,corn,MIE,38
2825820,frh02,train,permanent meadows,PRL,38
2825834,frh02,train,barley,ORH,20
2825893,frh02,train,barley,ORH,38
2825939,frh02,train,barley,ORH,20
2825945,frh02,train,temporary meadows,PTR,35
2825997,frh02,train,temporary meadows,PTR,38
2826030,frh02,train,corn,MIE,20
2826047,frh02,train,temporary meadows,PTR,25
2826080,frh02,train,corn,MIE,38
2826086,frh02,train,temporary meadows,PTR,38
2826110,frh02,train,temporary meadows,PTR,38
2826114,frh02,train,corn,MIS,20
2826179,frh02,train,permanent meadows,PPH,38
2826246,frh02,train,corn,MIE,20
2826249,frh02,train,barley,ORH,20
2826251,frh02,train,permanent meadows,PRL,20
2826336,frh02,train,barley,ORH,25
2826356,frh02,train,temporary meadows,PTR,38
2826381,frh02,train,wheat,BTH,38
2826385,frh02,train,temporary meadows,PTR,38
2826438,frh02,train,wheat,BTH,20
2826498,frh02,train,barley,ORP,35
2826547,frh02,train,wheat,BTH,49
2826618,frh02,train,temporary meadows,PTR,20
2826620,frh02,train,corn,MIS,38
2826636,frh02,train,corn,MIS,20
2826676,frh02,train,rapeseed,CZH,38
2826872,frh02,train,temporary meadows,RGA,38
2826953,frh02,train,temporary meadows,PTR,20
2827043,frh02,train,temporary meadows,RGA,38
2827143,frh02,train,barley,ORP,38
2827146,frh02,train,barley,ORP,38
2827169,frh02,train,barley,ORH,38
2827194,frh02,train,permanent meadows,PRL,38
2827216,frh02,train,permanent meadows,PPH,38
2827396,frh02,train,wheat,BTH,38
2827432,frh02,train,wheat,BTH,38
2827490,frh02,train,wheat,BTH,38
2827502,frh02,train,permanent meadows,PRL,38
2827537,frh02,train,temporary meadows,RGA,49
2827583,frh02,train,barley,ORP,38
2827589,frh02,train,permanent meadows,PRL,38
2827625,frh02,train,rapeseed,CZH,38
2827650,frh02,train,corn,MIE,25
2827708,frh02,train,permanent meadows,PRL,49
2827754,frh02,train,barley,ORH,38
2827811,frh02,train,permanent meadows,PPH,38
2827822,frh02,train,permanent meadows,PPH,38
2827871,frh02,train,corn,MIE,20
2827906,frh02,train,barley,ORH,38
2827968,frh02,train,temporary meadows,PTR,38
2827980,frh02,train,barley,ORH,38
2827981,frh02,train,barley,ORH,38
2827990,frh02,train,rapeseed,CZH,38
2828048,frh02,train,temporary meadows,PTR,20
2828126,frh02,train,permanent meadows,PPH,20
2828143,frh02,train,permanent meadows,PPH,20
2828167,frh02,train,orchards,VRG,38
2828186,frh02,train,temporary meadows,PTR,49
2828196,frh02,train,wheat,BTH,49
2828220,frh02,train,temporary meadows,RGA,20
2828236,frh02,train,corn,MIS,20
2828261,frh02,train,corn,MIE,20
2828307,frh02,train,permanent meadows,PRL,38
2828381,frh02,train,barley,ORH,20
2828388,frh02,train,permanent meadows,PRL,38
2828399,frh02,train,rapeseed,CZH,38
2828407,frh02,train,rapeseed,CZH,38
2828527,frh02,train,corn,MIE,25
2828591,frh02,train,corn,MIE,38
2828602,frh02,train,temporary meadows,RGA,38
2828623,frh02,train,wheat,BTH,25
2828648,frh02,train,barley,ORH,38
2828685,frh02,train,barley,ORH,20
2828688,frh02,train,corn,MIE,20
2828711,frh02,train,temporary meadows,RGA,38
2828731,frh02,train,barley,ORH,38
2828857,frh02,train,permanent meadows,PPH,25
2828912,frh02,train,corn,MIE,20
2828951,frh02,train,wheat,BTH,25
2828961,frh02,train,corn,MIE,20
2828965,frh02,train,temporary meadows,PTR,20
2828987,frh02,train,barley,ORH,38
2829065,frh02,train,wheat,BTH,38
2829083,frh02,train,rapeseed,CZH,38
2829148,frh02,train,permanent meadows,PRL,38
2829173,frh02,train,permanent meadows,PPH,38
2829194,frh02,train,barley,ORH,38
2829254,frh02,train,rapeseed,CZH,38
2829319,frh02,train,temporary meadows,RGA,49
2829382,frh02,train,temporary meadows,RGA,38
2829405,frh02,train,corn,MIS,41
2829493,frh02,train,corn,MIS,38
2829506,frh02,train,temporary meadows,PTR,38
2829509,frh02,train,permanent meadows,PRL,20
2829517,frh02,train,permanent meadows,PRL,20
2829589,frh02,train,permanent meadows,PPH,38
2829620,frh02,train,orchards,VRG,38
2829631,frh02,train,barley,ORH,38
2829655,frh02,train,barley,ORH,20
2829663,frh02,train,corn,MIS,38
2829672,frh02,train,permanent meadows,PRL,38
2829676,frh02,train,wheat,BTH,38
2829691,frh02,train,temporary meadows,PTR,38
2829710,frh02,train,corn,MIE,38
2829786,frh02,train,wheat,BTH,38
2829802,frh02,train,permanent meadows,PPH,38
2829885,frh02,train,wheat,BTH,38
2829988,frh02,train,orchards,VRG,58
2829990,frh02,train,orchards,VRG,58
2830011,frh02,train,rapeseed,CZH,38
2830016,frh02,train,rapeseed,CZH,38
2830021,frh02,train,temporary meadows,RGA,41
2830074,frh02,train,barley,ORP,25
2830091,frh02,train,barley,ORH,20
2830156,frh02,train,rapeseed,CZH,38
2830178,frh02,train,barley,ORH,20
2830244,frh02,train,permanent meadows,PRL,38
2830250,frh02,train,rapeseed,CZH,38
2830254,frh02,train,barley,ORH,38
2830297,frh02,train,temporary meadows,PTR,38
2830298,frh02,train,corn,MIE,38
2830361,frh02,train,rapeseed,CZH,38
2830376,frh02,train,barley,ORH,38
2830548,frh02,train,temporary meadows,RGA,38
2830562,frh02,train,barley,ORH,60
2830574,frh02,train,wheat,BTH,38
2830657,frh02,train,corn,MIS,38
2830752,frh02,train,permanent meadows,PPH,49
2830783,frh02,train,permanent meadows,PPH,38
2830801,frh02,train,temporary meadows,PTR,20
2830836,frh02,train,corn,MIS,20
2830837,frh02,train,corn,MIS,20
2830854,frh02,train,permanent meadows,PPH,38
2830870,frh02,train,corn,MIE,38
2830918,frh02,train,wheat,BTH,41
2830944,frh02,train,wheat,BTH,38
2830953,frh02,train,barley,ORH,20
2830967,frh02,train,barley,ORP,38
2830975,frh02,train,rapeseed,CZH,20
2831037,frh02,train,corn,MIE,20
2831103,frh02,train,corn,MIE,49
2831172,frh02,train,temporary meadows,PTR,38
2831184,frh02,train,permanent meadows,PRL,49
2831185,frh02,train,permanent meadows,PRL,49
2831217,frh02,train,corn,MIE,38
2831283,frh02,train,orchards,VRG,49
2831290,frh02,train,permanent meadows,PRL,49
2831325,frh02,train,temporary meadows,PTR,49
2831383,frh02,train,barley,ORH,38
2831384,frh02,train,barley,ORH,38
2831431,frh02,train,temporary meadows,RGA,38
2831432,frh02,train,barley,ORH,38
2831435,frh02,train,permanent meadows,PPH,38
2831469,frh02,train,orchards,VRG,38
2831497,frh02,train,permanent meadows,PPH,38
2831555,frh02,train,barley,ORH,38
2831589,frh02,train,corn,MIE,20
2831597,frh02,train,permanent meadows,PRL,38
2831604,frh02,train,temporary meadows,PTR,38
2831611,frh02,train,wheat,BTH,38
2831652,frh02,train,corn,MIS,38
2831653,frh02,train,corn,MIS,38
2831679,frh02,train,temporary meadows,PTR,38
2831727,frh02,train,corn,MIE,58
2831740,frh02,train,permanent meadows,PRL,20
2831752,frh02,train,permanent meadows,PPH,38
2831770,frh02,train,corn,MIS,38
2831830,frh02,train,rapeseed,CZH,20
2831852,frh02,train,barley,ORH,38
2831956,frh02,train,barley,ORH,49
2832022,frh02,train,barley,ORH,25
2832040,frh02,train,temporary meadows,PTR,49
2832197,frh02,train,corn,MIE,38
2832210,frh02,train,wheat,BTH,58
2832284,frh02,train,wheat,BTH,38
2832285,frh02,train,wheat,BTH,38
2832400,frh02,train,rapeseed,CZH,38
2832441,frh02,train,wheat,BTH,38
2832494,frh02,train,wheat,BTH,38
2832550,frh02,train,permanent meadows,PRL,38
2832561,frh02,train,permanent meadows,PPH,38
2832586,frh02,train,permanent meadows,PPH,49
2832659,frh02,train,corn,MIE,49
2832728,frh02,train,corn,MIS,38
2832732,frh02,train,wheat,BTH,38
2832790,frh02,train,permanent meadows,PRL,25
2832836,frh02,train,temporary meadows,PTR,38
2832891,frh02,train,permanent meadows,PRL,38
2833019,frh02,train,wheat,BTH,38
2833040,frh02,train,wheat,BTH,38
2833049,frh02,train,barley,ORH,20
2833060,frh02,train,rapeseed,CZH,41
2833118,frh02,train,wheat,BTH,38
2833125,frh02,train,permanent meadows,PRL,38
2833149,frh02,train,corn,MIE,38
2833177,frh02,train,barley,ORH,38
2833218,frh02,train,barley,ORH,38
2833263,frh02,train,permanent meadows,PRL,38
2833272,frh02,train,permanent meadows,PRL,38
2833299,frh02,train,rapeseed,CZH,58
2833305,frh02,train,rapeseed,CZH,58
2833420,frh02,train,temporary meadows,PTR,38
2833440,frh02,train,corn,MIE,49
2833473,frh02,train,wheat,BTH,38
2833553,frh02,train,permanent meadows,PPH,38
2833606,frh02,train,temporary meadows,PTR,49
2833640,frh02,train,corn,MIE,38
2833642,frh02,train,temporary meadows,PTR,20
2833667,frh02,train,corn,MIE,38
2833668,frh02,train,barley,ORH,38
2833690,frh02,train,temporary meadows,PTR,49
2833859,frh02,train,wheat,BTH,20
2833885,frh02,train,corn,MIS,25
2833903,frh02,train,corn,MIE,38
2833955,frh02,train,barley,ORH,20
2834002,frh02,train,barley,ORP,38
2834042,frh02,train,temporary meadows,PTR,49
2834049,frh02,train,wheat,BTH,20
2834092,frh02,train,corn,MIS,40
2834118,frh02,train,permanent meadows,PPH,49
2834134,frh02,train,corn,MIE,38
2834141,frh02,train,corn,MIS,20
2834146,frh02,train,barley,ORH,20
2834273,frh02,train,temporary meadows,PTR,20
2834283,frh02,train,permanent meadows,PRL,20
2834319,frh02,train,rapeseed,CZH,38
2834323,frh02,train,rapeseed,CZH,38
2834355,frh02,train,temporary meadows,PTR,20
2834391,frh02,train,barley,ORP,20
2834406,frh02,train,permanent meadows,PPH,38
2834485,frh02,train,permanent meadows,PPH,20
2834490,frh02,train,permanent meadows,PRL,20
2834560,frh02,train,barley,ORH,38
2834566,frh02,train,temporary meadows,PTR,38
2834577,frh02,train,permanent meadows,PPH,39
2834593,frh02,train,barley,ORH,38
2834638,frh02,train,temporary meadows,PTR,20
2834642,frh02,train,barley,ORH,20
2834653,frh02,train,corn,MIE,38
2834712,frh02,train,barley,ORH,38
2834768,frh02,train,barley,ORH,20
2834857,frh02,train,permanent meadows,PPH,38
2834863,frh02,train,permanent meadows,PPH,38
2834927,frh02,train,wheat,BTH,38
2834940,frh02,train,corn,MIE,25
2834962,frh02,train,orchards,VRG,38
2834964,frh02,train,rapeseed,CZH,58
2834967,frh02,train,rapeseed,CZH,58
2834992,frh02,train,wheat,BTH,38
2835091,frh02,train,temporary meadows,PTR,38
2835198,frh02,train,permanent meadows,PPH,20
2835209,frh02,train,temporary meadows,RGA,38
2835234,frh02,train,corn,MIE,38
2835270,frh02,train,rapeseed,CZP,60
2835274,frh02,train,sunflower,TRN,60
2835292,frh02,train,permanent meadows,PPH,38
2835300,frh02,train,barley,ORH,38
2835323,frh02,train,corn,MIE,38
2835335,frh02,train,temporary meadows,RGA,38
2835372,frh02,train,sunflower,TRN,60
2835387,frh02,train,permanent meadows,PRL,38
2835464,frh02,train,rapeseed,CZH,58
2835550,frh02,train,permanent meadows,PPH,38
2835613,frh02,train,permanent meadows,PRL,38
2835635,frh02,train,permanent meadows,PPH,20
2835655,frh02,train,wheat,BTH,38
2835665,frh02,train,permanent meadows,PRL,20
2835738,frh02,train,barley,ORH,38
2835784,frh02,train,corn,MIE,20
2835793,frh02,train,barley,ORH,20
2835801,frh02,train,permanent meadows,PPH,20
2835817,frh02,train,corn,MIS,20
2835837,frh02,train,wheat,BTH,38
2835971,frh02,train,orchards,VRG,20
2836004,frh02,train,permanent meadows,PPH,47
2836072,frh02,train,corn,MIE,20
2836102,frh02,train,rapeseed,CZH,38
2836203,frh02,train,corn,MIE,20
2836273,frh02,train,temporary meadows,RGA,38
2836308,frh02,train,permanent meadows,PPH,38
2836313,frh02,train,temporary meadows,PTR,38
2836341,frh02,train,corn,MIE,20
2836401,frh02,train,wheat,BTH,41
2836422,frh02,train,permanent meadows,PPH,38
2836434,frh02,train,corn,MIS,20
2836438,frh02,train,corn,MIS,41
2836529,frh02,train,permanent meadows,PPH,58
2836560,frh02,train,corn,MIS,25
2836618,frh02,train,orchards,VRG,38
2836677,frh02,train,corn,MIE,38
2836723,frh02,train,barley,ORH,20
2836761,frh02,train,permanent meadows,PRL,49
2836799,frh02,train,permanent meadows,PRL,38
2836801,frh02,train,corn,MIE,38
2836834,frh02,train,permanent meadows,PRL,38
2836838,frh02,train,corn,MIE,49
2836863,frh02,train,corn,MIE,20
2836943,frh02,train,corn,MIE,38
2836963,frh02,train,permanent meadows,PRL,38
2836994,frh02,train,temporary meadows,PTR,38
2836996,frh02,train,temporary meadows,PTR,38
2836998,frh02,train,permanent meadows,PRL,38
2837003,frh02,train,permanent meadows,PPH,20
2837028,frh02,train,barley,ORH,49
2837102,frh02,train,permanent meadows,PPH,49
2837119,frh02,train,permanent meadows,PRL,38
2837170,frh02,train,temporary meadows,RGA,20
2837208,frh02,train,corn,MIE,20
2837209,frh02,train,barley,ORH,20
2837244,frh02,train,corn,MIS,20
2837340,frh02,train,barley,ORH,20
2837350,frh02,train,corn,MIS,20
2837361,frh02,train,barley,ORH,25
2837404,frh02,train,wheat,BTH,38
2837421,frh02,train,barley,ORH,49
2837544,frh02,train,barley,ORH,25
2837626,frh02,train,barley,ORH,38
2837683,frh02,train,temporary meadows,PTR,25
2837731,frh02,train,rapeseed,CZH,38
2837732,frh02,train,rapeseed,CZH,38
2837845,frh02,train,temporary meadows,PTR,38
2837870,frh02,train,wheat,BTH,20
2837878,frh02,train,wheat,BTH,20
2837920,frh02,train,permanent meadows,PPH,38
2837932,frh02,train,rapeseed,CZH,38
2837948,frh02,train,permanent meadows,PRL,38
2837963,frh02,train,temporary meadows,PTR,38
2837971,frh02,train,corn,MIS,38
2838103,frh02,train,orchards,VRG,25
2838178,frh02,train,rapeseed,CZH,38
2838198,frh02,train,wheat,BTH,49
2838212,frh02,train,corn,MIE,38
2838214,frh02,train,permanent meadows,PPH,38
2838221,frh02,train,corn,MIS,58
2838229,frh02,train,barley,ORH,38
2838248,frh02,train,rapeseed,CZH,38
2838352,frh02,train,rapeseed,CZH,38
2838398,frh02,train,barley,ORH,20
2838424,frh02,train,orchards,VRG,20
2838425,frh02,train,barley,ORH,20
2838500,frh02,train,corn,MIS,25
2838522,frh02,train,rapeseed,CZH,38
2838570,frh02,train,permanent meadows,PPH,38
2838624,frh02,train,temporary meadows,PTR,25
2838630,frh02,train,temporary meadows,RGA,20
2838684,frh02,train,permanent meadows,PRL,38
2838725,frh02,train,corn,MIE,25
2838778,frh02,train,permanent meadows,PRL,38
2838870,frh02,train,temporary meadows,PTR,38
2839164,frh02,train,rapeseed,CZH,49
2839205,frh02,train,corn,MIE,20
2839257,frh02,train,wheat,BTH,49
2839272,frh02,train,temporary meadows,PTR,36
2839303,frh02,train,permanent meadows,PPH,38
2839355,frh02,train,temporary meadows,PTR,38
2839367,frh02,train,permanent meadows,PRL,38
2839379,frh02,train,permanent meadows,PPH,38
2839481,frh02,train,temporary meadows,PTR,38
2839551,frh02,train,barley,ORP,38
2839603,frh02,train,temporary meadows,PTR,20
2839616,frh02,train,rapeseed,CZH,60
2839643,frh02,train,temporary meadows,RGA,38
2839674,frh02,train,corn,MIS,20
2839679,frh02,train,barley,ORP,41
2839693,frh02,train,barley,ORH,20
2839705,frh02,train,rapeseed,CZH,38
2839739,frh02,train,barley,ORH,38
2839782,frh02,train,corn,MIS,20
2839841,frh02,train,orchards,VRG,49
2839883,frh02,train,wheat,BTH,25
2839894,frh02,train,barley,ORH,25
2839897,frh02,train,barley,ORH,25
2839898,frh02,train,rapeseed,CZH,25
2839940,frh02,train,temporary meadows,PTR,20
2839969,frh02,train,barley,ORH,20
2840107,frh02,train,temporary meadows,PTR,38
2840124,frh02,train,wheat,BTH,38
2840159,frh02,train,temporary meadows,PTR,58
2840166,frh02,train,wheat,BTH,58
2840220,frh02,train,temporary meadows,RGA,20
2840236,frh02,train,permanent meadows,PRL,20
2840238,frh02,train,corn,MIE,58
2840282,frh02,train,wheat,BTH,38
2840361,frh02,train,temporary meadows,PTR,38
2840362,frh02,train,orchards,VRG,38
2840392,frh02,train,rapeseed,CZH,25
2840436,frh02,train,rapeseed,CZH,38
2840497,frh02,train,permanent meadows,PPH,25
2840513,frh02,train,wheat,BTH,37
2840514,frh02,train,wheat,BTH,38
2840587,frh02,train,corn,MIS,41
2840592,frh02,train,rapeseed,CZH,41
2840616,frh02,train,temporary meadows,RGA,38
2840649,frh02,train,barley,ORH,25
2840653,frh02,train,barley,ORH,20
2840654,frh02,train,wheat,BTH,20
2840698,frh02,train,temporary meadows,RGA,38
2840737,frh02,train,permanent meadows,PPH,25
2840754,frh02,train,barley,ORH,20
2840946,frh02,train,permanent meadows,PPH,20
2840961,frh02,train,temporary meadows,RGA,20
2840980,frh02,train,permanent meadows,PRL,38
2840991,frh02,train,barley,ORH,20
2841063,frh02,train,temporary meadows,RGA,20
2841101,frh02,train,rapeseed,CZH,38
2841102,frh02,train,rapeseed,CZH,38
2841107,frh02,train,rapeseed,CZH,38
2841145,frh02,train,permanent meadows,PRL,38
2841152,frh02,train,corn,MIS,38
2841184,frh02,train,rapeseed,CZH,38
2841199,frh02,train,wheat,BTH,60
2841200,frh02,train,orchards,VRG,60
2841212,frh02,train,wheat,BTH,38
2841216,frh02,train,rapeseed,CZH,38
2841300,frh02,train,wheat,BTH,60
2841357,frh02,train,permanent meadows,PPH,20
2841366,frh02,train,permanent meadows,PPH,38
2841474,frh02,train,permanent meadows,PRL,38
2841501,frh02,train,barley,ORH,38
2841527,frh02,train,temporary meadows,PTR,20
2841554,frh02,train,permanent meadows,PPH,38
2841576,frh02,train,orchards,VRG,38
2841580,frh02,train,orchards,VRG,38
2841581,frh02,train,orchards,VRG,58
2841582,frh02,train,orchards,VRG,58
2841583,frh02,train,orchards,VRG,58
2841618,frh02,train,corn,MIS,58
2841627,frh02,train,corn,MIE,20
2841628,frh02,train,corn,MIE,20
2841774,frh02,train,temporary meadows,RGA,20
2841801,frh02,train,orchards,VRG,58
2841832,frh02,train,wheat,BTH,38
2841883,frh02,train,permanent meadows,PPH,38
2841892,frh02,train,orchards,VRG,58
2841927,frh02,train,wheat,BTH,38
2841964,frh02,train,corn,MIS,38
2841998,frh02,train,rapeseed,CZH,38
2841999,frh02,train,rapeseed,CZH,38
2842000,frh02,train,rapeseed,CZH,38
2842010,frh02,train,corn,MIE,38
2842055,frh02,train,barley,ORH,25
2842062,frh02,train,barley,ORH,25
2842084,frh02,train,wheat,BTH,20
2842129,frh02,train,corn,MIS,25
2842160,frh02,train,orchards,PFR,60
2842181,frh02,train,barley,ORP,38
2842240,frh02,train,corn,MIS,38
2842408,frh02,train,permanent meadows,PRL,20
2842418,frh02,train,barley,ORH,20
2842424,frh02,train,temporary meadows,RGA,20
2842431,frh02,train,barley,ORH,38
2842432,frh02,train,barley,ORH,38
2842438,frh02,train,rapeseed,CZH,38
2842463,frh02,train,corn,MIS,38
2842498,frh02,train,barley,ORH,20
2842543,frh02,train,orchards,VRG,38
2842610,frh02,train,corn,MIS,38
2842622,frh02,train,corn,MIS,38
2842655,frh02,train,barley,ORH,20
2842699,frh02,train,wheat,BTH,38
2842768,frh02,train,wheat,BTH,38
2842773,frh02,train,rapeseed,CZH,38
2842795,frh02,train,permanent meadows,PPH,38
2842849,frh02,train,permanent meadows,PRL,31
2842885,frh02,train,rapeseed,CZH,38
2842940,frh02,train,barley,ORH,20
2843051,frh02,train,temporary meadows,PTR,38
2843071,frh02,train,temporary meadows,PTR,38
2843118,frh02,train,wheat,BTH,38
2843176,frh02,train,permanent meadows,PPH,38
2843177,frh02,train,temporary meadows,PTR,38
2843186,frh02,train,permanent meadows,PRL,38
2843265,frh02,train,permanent meadows,PPH,38
2843281,frh02,train,wheat,BTH,38
2843304,frh02,train,permanent meadows,PPH,38
2843338,frh02,train,wheat,BTH,32
2843367,frh02,train,wheat,BTH,25
2843462,frh02,train,wheat,BTH,25
2843496,frh02,train,orchards,PFR,60
2843562,frh02,train,temporary meadows,PTR,38
2843573,frh02,train,rapeseed,CZH,38
2843638,frh02,train,corn,MIE,38
2843648,frh02,train,rapeseed,CZH,38
2843690,frh02,train,permanent meadows,PPH,38
2843718,frh02,train,barley,ORH,60
2843748,frh02,train,permanent meadows,PPH,38
2843763,frh02,train,wheat,BTH,20
2843833,frh02,train,permanent meadows,PPH,38
2843899,frh02,train,barley,ORH,20
2843906,frh02,train,permanent meadows,PPH,38
2843951,frh02,train,temporary meadows,PTR,28
2844013,frh02,train,corn,MIE,49
2844060,frh02,train,permanent meadows,PPH,38
2844086,frh02,train,temporary meadows,PTR,38
2844117,frh02,train,temporary meadows,PTR,20
2844122,frh02,train,barley,ORH,38
2844167,frh02,train,wheat,BTH,38
2844187,frh02,train,rapeseed,CZH,38
2844207,frh02,train,temporary meadows,PTR,38
2844209,frh02,train,rapeseed,CZH,38
2844220,frh02,train,barley,ORH,38
2844281,frh02,train,barley,ORH,49
2844291,frh02,train,rapeseed,CZH,38
2844374,frh02,train,rapeseed,CZH,49
2844386,frh02,train,nuts,CAB,38
2844408,frh02,train,temporary meadows,RGA,38
2844429,frh02,train,wheat,BTH,38
2844467,frh02,train,rapeseed,CZH,49
2844485,frh02,train,permanent meadows,PPH,38
2844491,frh02,train,barley,ORH,38
2844556,frh02,train,corn,MIS,49
2844558,frh02,train,rapeseed,CZH,49
2844581,frh01,train,permanent meadows,PPH,38
2844602,frh02,train,temporary meadows,RGA,38
2844630,frh02,train,corn,MIE,38
2844638,frh02,train,wheat,BTH,38
2844665,frh02,train,permanent meadows,PPH,38
2844675,frh02,train,wheat,BTH,38
2844684,frh02,train,barley,ORH,38
2844741,frh02,train,permanent meadows,PRL,60
2844761,frh02,train,temporary meadows,PTR,38
2844889,frh02,train,permanent meadows,PPH,38
2844906,frh02,train,permanent meadows,PRL,38
2844960,frh02,train,corn,MIS,38
2844968,frh02,train,rapeseed,CZH,38
2844995,frh02,train,orchards,VRG,38
2845088,frh02,train,orchards,VRG,38
2845089,frh02,train,orchards,VRG,38
2845096,frh02,train,rapeseed,CZH,38
2845214,frh02,train,corn,MIS,38
2845239,frh02,train,corn,MIE,38
2845273,frh02,train,corn,MIE,38
2845352,frh02,train,nuts,NOX,38
2845367,frh02,train,rapeseed,CZH,38
2845375,frh02,train,wheat,BTH,38
2845389,frh02,train,corn,MIS,38
2845393,frh02,train,barley,ORH,38
2845396,frh02,train,rapeseed,CZH,38
2845460,frh02,train,rapeseed,CZH,38
2845475,frh02,train,temporary meadows,PTR,38
2845478,frh02,train,temporary meadows,PTR,38
2845481,frh02,train,wheat,BTH,38
2845502,frh02,train,corn,MIE,60
2845514,frh02,train,temporary meadows,PTR,60
2845577,frh02,train,wheat,BTH,49
2845580,frh02,train,rapeseed,CZH,49
2845610,frh02,train,temporary meadows,PTR,20
2845659,frh02,train,barley,ORH,35
2845677,frh02,train,temporary meadows,PTR,20
2845707,frh02,train,corn,MIE,38
2845709,frh02,train,permanent meadows,PPH,38
2845716,frh02,train,temporary meadows,PTR,38
2845788,frh02,train,corn,MIS,20
2845812,frh02,train,temporary meadows,RGA,38
2845901,frh02,train,barley,ORH,38
2845939,frh02,train,corn,MIS,25
2845958,frh02,train,permanent meadows,PPH,20
2845989,frh02,train,barley,ORH,60
2846018,frh01,train,temporary meadows,PTR,38
2846024,frh02,train,permanent meadows,PPH,38
2846060,frh02,train,permanent meadows,PPH,20
2846091,frh02,train,barley,ORH,60
2846108,frh02,train,corn,MIE,20
2846124,frh02,train,corn,MIS,38
2846133,frh02,train,temporary meadows,PTR,20
2846204,frh02,train,wheat,BTH,38
2846206,frh02,train,temporary meadows,PTR,38
2846233,frh02,train,temporary meadows,RGA,20
2846276,frh02,train,corn,MIS,38
2846294,frh02,train,wheat,BTH,38
2846350,frh02,train,barley,ORH,38
2846365,frh02,train,corn,MIS,38
2846396,frh02,train,rapeseed,CZH,38
2846409,frh02,train,corn,MIS,20
2846424,frh02,train,temporary meadows,RGA,20
2846475,frh02,train,corn,MIS,41
2846504,frh02,train,temporary meadows,RGA,38
2846518,frh02,train,corn,MIS,38
2846523,frh02,train,wheat,BTH,38
2846526,frh02,train,rapeseed,CZH,38
2846572,frh02,train,wheat,BTH,32
2846586,frh02,train,temporary meadows,PTR,38
2846613,frh02,train,barley,ORH,20
2846663,frh02,train,barley,ORH,38
2846695,frh02,train,temporary meadows,RGA,25
2846720,frh02,train,wheat,BTH,20
2846746,frh02,train,rapeseed,CZH,38
2846781,frh02,train,temporary meadows,RGA,20
2846827,frh02,train,permanent meadows,PRL,38
2846850,frh02,train,permanent meadows,PPH,38
2846886,frh02,train,permanent meadows,PPH,38
2846909,frh02,train,temporary meadows,PTR,49
2846982,frh02,train,rapeseed,CZH,38
2846983,frh02,train,rapeseed,CZH,38
2846992,frh02,train,barley,ORH,38
2847072,frh02,train,temporary meadows,PTR,38
2847121,frh02,train,temporary meadows,PTR,20
2847150,frh02,train,temporary meadows,RGA,38
2847198,frh02,train,permanent meadows,PRL,38
2847237,frh02,train,temporary meadows,PTR,49
2847300,frh02,train,permanent meadows,PRL,20
2847308,frh02,train,wheat,BTH,20
2847328,frh02,train,corn,MIS,20
2847360,frh02,train,barley,ORH,38
2847375,frh02,train,wheat,BTH,20
2847528,frh02,train,temporary meadows,RGA,38
2847533,frh02,train,corn,MIS,38
2847556,frh02,train,corn,MIS,38
2847592,frh02,train,temporary meadows,PTR,41
2847635,frh02,train,barley,ORH,38
2847650,frh02,train,rapeseed,CZH,38
2847655,frh02,train,wheat,BTH,38
2847722,frh02,train,rapeseed,CZH,49
2847775,frh02,train,permanent meadows,PPH,41
2847801,frh02,train,corn,MIE,25
2847952,frh02,train,temporary meadows,RGA,38
2847965,frh02,train,permanent meadows,PRL,38
2848012,frh02,train,corn,MIS,38
2848026,frh02,train,temporary meadows,PTR,38
2848036,frh02,train,corn,MIS,38
2848045,frh02,train,corn,MIE,38
2848048,frh02,train,wheat,BTH,38
2848056,frh02,train,permanent meadows,PPH,38
2848079,frh02,train,barley,ORH,38
2848118,frh02,train,corn,MIS,38
2848137,frh02,train,rapeseed,CZH,49
2848138,frh02,train,rapeseed,CZH,49
2848200,frh02,train,corn,MIE,20
2848230,frh02,train,permanent meadows,PPH,38
2848316,frh02,train,wheat,BTH,38
2848363,frh02,train,corn,MIE,38
2848381,frh02,train,permanent meadows,PRL,38
2848393,frh02,train,corn,MIS,38
2848397,frh02,train,corn,MIS,38
2848399,frh02,train,corn,MIS,38
2848425,frh02,train,barley,ORH,38
2848426,frh02,train,corn,MIE,38
2848449,frh02,train,corn,MIE,38
2848538,frh02,train,permanent meadows,PPH,38
2848625,frh02,train,permanent meadows,PPH,38
2848652,frh02,train,barley,ORH,38
2848664,frh02,train,wheat,BTH,38
2848683,frh02,train,temporary meadows,RGA,49
2848740,frh02,train,rapeseed,CZH,20
2848741,frh02,train,rapeseed,CZH,20
2848742,frh02,train,barley,ORH,20
2848769,frh02,train,corn,MIE,38
2848876,frh02,train,rapeseed,CZH,38
2848881,frh02,train,rapeseed,CZH,38
2848891,frh02,train,wheat,BTH,38
2848920,frh02,train,wheat,BTH,38
2848938,frh02,train,wheat,BTH,38
2848948,frh02,train,temporary meadows,PTR,38
2848959,frh02,train,permanent meadows,PRL,20
2848963,frh02,train,temporary meadows,PTR,38
2848982,frh02,train,barley,ORH,38
2848988,frh02,train,permanent meadows,PPH,20
2848995,frh02,train,wheat,BTH,20
2849022,frh02,train,permanent meadows,PRL,20
2849052,frh02,train,permanent meadows,PRL,38
2849091,frh02,train,wheat,BTH,20
2849138,frh02,train,permanent meadows,PPH,38
2849153,frh02,train,permanent meadows,PRL,38
2849155,frh02,train,permanent meadows,PRL,38
2849247,frh02,train,corn,MIE,58
2849278,frh02,train,corn,MIE,20
2849355,frh02,train,wheat,BTH,38
2849372,frh02,train,wheat,BTH,20
2849414,frh02,train,barley,ORH,38
2849422,frh02,train,temporary meadows,RGA,38
2849453,frh02,train,permanent meadows,PPH,58
2849489,frh02,train,permanent meadows,PPH,20
2849495,frh02,train,permanent meadows,PPH,38
2849607,frh02,train,corn,MIE,38
2849667,frh02,train,wheat,BTH,38
2849733,frh02,train,temporary meadows,PTR,38
2849743,frh02,train,barley,ORH,49
2849763,frh02,train,corn,MIE,58
2849862,frh02,train,permanent meadows,PPH,38
2850036,frh02,train,permanent meadows,PRL,38
2850095,frh02,train,barley,ORH,38
2850183,frh02,train,barley,ORH,38
2850227,frh02,train,wheat,BTH,25
2850372,frh02,train,temporary meadows,PTR,38
2850409,frh02,train,permanent meadows,PRL,38
2850422,frh02,train,permanent meadows,PPH,38
2850431,frh02,train,corn,MIS,38
2850550,frh02,train,sunflower,TRN,60
2850569,frh02,train,permanent meadows,PPH,38
2850570,frh02,train,temporary meadows,PTR,38
2850579,frh02,train,permanent meadows,PPH,38
2850634,frh02,train,sunflower,TRN,60
2850640,frh02,train,wheat,BTH,60
2850685,frh02,train,rapeseed,CZH,38
2850694,frh02,train,orchards,VRG,20
2850699,frh02,train,wheat,BTH,38
2850704,frh02,train,rapeseed,CZH,38
2850717,frh02,train,rapeseed,CZH,38
2850718,frh02,train,rapeseed,CZH,38
2850728,frh02,train,barley,ORH,38
2850750,frh02,train,permanent meadows,PPH,20
2850834,frh02,train,barley,ORH,38
2850874,frh02,train,wheat,BTH,38
2850894,frh02,train,corn,MIS,38
2850920,frh02,train,wheat,BTH,38
2850926,frh02,train,corn,MIS,38
2851042,frh02,train,rapeseed,CZH,38
2851044,frh02,train,rapeseed,CZH,38
2851046,frh02,train,temporary meadows,PTR,38
2851067,frh02,train,barley,ORH,49
2851202,frh02,train,rapeseed,CZH,49
2851236,frh02,train,temporary meadows,RGA,38
2851276,frh02,train,corn,MIE,38
2851376,frh02,train,corn,MIE,49
2851393,frh02,train,corn,MIE,49
2851433,frh02,train,wheat,BTH,38
2851440,frh02,train,wheat,BTH,38
2851480,frh02,train,permanent meadows,PPH,20
2851501,frh02,train,rapeseed,CZH,58
2851553,frh02,train,permanent meadows,PPH,20
2851641,frh02,train,barley,ORH,47
2851648,frh02,train,temporary meadows,PTR,20
2851738,frh02,train,wheat,BTH,20
2851839,frh02,train,barley,ORH,46
2851912,frh02,train,rapeseed,CZH,38
2851939,frh02,train,corn,MIE,38
2852008,frh02,train,barley,ORH,47
2852084,frh02,train,orchards,AGR,20
2852233,frh02,train,corn,MIE,38
2852236,frh02,train,wheat,BTH,38
2852237,frh02,train,wheat,BTH,38
2852243,frh02,train,permanent meadows,PRL,20
2852247,frh02,train,rapeseed,CZH,20
2852251,frh02,train,rapeseed,CZH,20
2852254,frh02,train,temporary meadows,PTR,20
2852269,frh02,train,temporary meadows,PTR,20
2852315,frh02,train,corn,MIS,38
2852343,frh02,train,corn,MIE,38
2852348,frh02,train,wheat,BTH,38
2852472,frh02,train,temporary meadows,RGA,20
2852575,frh02,train,permanent meadows,PRL,38
2852640,frh02,train,orchards,VRG,58
2852659,frh02,train,wheat,BTH,38
2852675,frh02,train,temporary meadows,PTR,38
2852734,frh02,train,orchards,VRG,58
2852735,frh02,train,orchards,VRG,58
2852755,frh02,train,rapeseed,CZH,38
2852804,frh02,train,wheat,BTH,20
2852823,frh02,train,permanent meadows,PRL,41
2852827,frh02,train,orchards,VRG,58
2852830,frh02,train,orchards,VRG,58
2852837,frh02,train,wheat,BTH,58
2852843,frh02,train,orchards,VRG,58
2852860,frh02,train,orchards,VRG,38
2852862,frh02,train,orchards,VRG,38
2852910,frh02,train,wheat,BTH,38
2852914,frh02,train,orchards,VRG,58
2852915,frh02,train,orchards,VRG,58
2853120,frh02,train,wheat,BTH,38
2853135,frh02,train,permanent meadows,PRL,25
2853149,frh02,train,corn,MIS,38
2853158,frh02,train,barley,ORH,38
2853209,frh02,train,permanent meadows,PRL,41
2853236,frh02,train,wheat,BTH,20
2853285,frh02,train,permanent meadows,PRL,41
2853307,frh02,train,permanent meadows,PRL,59
2853319,frh02,train,permanent meadows,PPH,38
2853350,frh02,train,wheat,BTH,38
2853397,frh02,train,temporary meadows,RGA,38
2853474,frh02,train,rapeseed,CZH,38
2853476,frh02,train,temporary meadows,PTR,20
2853549,frh02,train,rapeseed,CZH,38
2853609,frh02,train,corn,MIE,20
2853623,frh02,train,barley,ORH,38
2853630,frh02,train,corn,MIE,38
2853715,frh02,train,barley,ORP,20
2853718,frh02,train,barley,ORH,20
2853731,frh02,train,barley,ORP,38
2853737,frh02,train,permanent meadows,PRL,38
2853765,frh02,train,temporary meadows,RGA,20
2853779,frh02,train,permanent meadows,PPH,38
2853854,frh02,train,barley,ORH,38
2853952,frh02,train,barley,ORP,38
2853956,frh02,train,corn,MIS,38
2853960,frh02,train,wheat,BTH,38
2853961,frh02,train,permanent meadows,PPH,38
2853966,frh02,train,wheat,BTH,38
2854059,frh02,train,wheat,BTH,38
2854085,frh02,train,permanent meadows,PPH,20
2854133,frh02,train,wheat,BTH,38
2854200,frh02,train,barley,ORH,38
2854245,frh02,train,barley,ORH,38
2854368,frh02,train,temporary meadows,PTR,38
2854380,frh02,train,barley,ORH,38
2854444,frh02,train,corn,MIE,20
2854462,frh02,train,barley,ORH,38
2854505,frh02,train,permanent meadows,PRL,49
2854516,frh02,train,wheat,BTH,38
2854519,frh02,train,corn,MIS,38
2854571,frh02,train,permanent meadows,PPH,38
2854592,frh02,train,barley,ORH,38
2854599,frh02,train,wheat,BTH,38
2854617,frh02,train,rapeseed,CZH,49
2854630,frh02,train,temporary meadows,PTR,38
2854656,frh02,train,wheat,BTH,58
2854703,frh02,train,temporary meadows,RGA,20
2854715,frh02,train,permanent meadows,PPH,20
2854717,frh02,train,permanent meadows,PPH,20
2854735,frh02,train,temporary meadows,PTR,38
2854764,frh02,train,barley,ORH,38
2854768,frh02,train,barley,ORH,38
2854791,frh02,train,wheat,BTH,38
2854986,frh02,train,permanent meadows,PRL,20
2855035,frh02,train,barley,ORH,38
2855063,frh02,train,temporary meadows,PTR,25
2855111,frh02,train,permanent meadows,PPH,25
2855122,frh02,train,wheat,BTH,25
2855135,frh02,train,barley,ORH,20
2855143,frh02,train,barley,ORH,25
2855207,frh02,train,rapeseed,CZH,25
2855213,frh02,train,rapeseed,CZH,25
2855283,frh02,train,temporary meadows,RGA,38
2855290,frh02,train,barley,ORH,38
2855395,frh02,train,permanent meadows,PRL,20
2855406,frh02,train,permanent meadows,PRL,38
2855529,frh02,train,temporary meadows,PTR,36
2855560,frh02,train,permanent meadows,PPH,45
2855605,frh02,train,barley,ORH,38
2855621,frh02,train,temporary meadows,RGA,38
2855630,frh02,train,temporary meadows,RGA,38
2855709,frh02,train,barley,ORH,38
2855712,frh02,train,permanent meadows,PRL,38
2855784,frh02,train,corn,MIE,38
2855856,frh02,train,temporary meadows,PTR,38
2855881,frh02,train,permanent meadows,PPH,49
2856079,frh02,train,wheat,BTH,38
2856084,frh02,train,wheat,BTH,36
2856090,frh02,train,wheat,BTH,32
2856100,frh02,train,barley,ORH,20
2856109,frh02,train,barley,ORH,38
2856116,frh02,train,wheat,BTH,20
2856128,frh02,train,barley,ORH,60
2856188,frh02,train,permanent meadows,PPH,35
2856216,frh02,train,barley,ORH,60
2856272,frh02,train,rapeseed,CZH,38
2856274,frh02,train,rapeseed,CZH,38
2856284,frh02,train,corn,MIE,25
2856310,frh02,train,corn,MIS,38
2856443,frh02,train,barley,ORH,25
2856489,frh02,train,wheat,BTH,24
2856543,frh02,train,permanent meadows,PRL,38
2856602,frh02,train,corn,MIS,25
2856648,frh02,train,temporary meadows,RGA,38
2856793,frh02,train,barley,ORH,20
2856799,frh02,train,wheat,BTH,20
2856800,frh02,train,barley,ORH,20
2856816,frh02,train,permanent meadows,PPH,38
2856824,frh02,train,wheat,BTH,20
2856831,frh02,train,wheat,BTH,20
2856851,frh02,train,temporary meadows,PTR,38
2856921,frh02,train,permanent meadows,PPH,38
2857021,frh02,train,permanent meadows,PPH,38
2857053,frh02,train,rapeseed,CZP,20
2857085,frh02,train,barley,ORH,38
2857119,frh02,train,temporary meadows,PTR,38
2857125,frh02,train,corn,MIE,38
2857163,frh02,train,barley,ORH,38
2857167,frh02,train,barley,ORH,38
2857194,frh02,train,permanent meadows,PRL,38
2857249,frh02,train,temporary meadows,RGA,20
2857309,frh02,train,wheat,BTH,38
2857385,frh02,train,barley,ORH,38
2857392,frh02,train,barley,ORP,38
2857431,frh02,train,permanent meadows,PPH,48
2857448,frh02,train,permanent meadows,PRL,35
2857502,frh02,train,barley,ORH,38
2857547,frh02,train,barley,ORP,25
2857560,frh02,train,permanent meadows,PPH,20
2857608,frh02,train,barley,ORH,25
2857639,frh02,train,barley,ORH,20
2857642,frh02,train,barley,ORH,20
2857674,frh02,train,barley,ORH,20
2857687,frh02,train,barley,ORH,20
2857724,frh02,train,permanent meadows,PRL,38
2857736,frh02,train,corn,MIE,38
2857756,frh02,train,temporary meadows,PTR,38
2858036,frh02,train,orchards,VRG,38
2858047,frh02,train,corn,MIE,20
2858068,frh02,train,temporary meadows,PTR,38
2858149,frh02,train,barley,ORH,20
2858166,frh02,train,corn,MIS,38
2858175,frh02,train,corn,MIE,38
2858227,frh02,train,temporary meadows,PTR,38
2858233,frh02,train,temporary meadows,PTR,38
2858302,frh02,train,barley,ORH,38
2858323,frh02,train,permanent meadows,PPH,38
2858355,frh02,train,temporary meadows,PTR,38
2858425,frh02,train,temporary meadows,RGA,20
2858485,frh02,train,corn,MIS,35
2858488,frh02,train,corn,MIS,35
2858507,frh02,train,corn,MIE,58
2858523,frh02,train,corn,MIS,38
2858531,frh02,train,corn,MIE,20
2858565,frh02,train,rapeseed,CZH,38
2858617,frh02,train,corn,MIE,20
2858685,frh02,train,wheat,BTH,49
2858707,frh02,train,corn,MIE,38
2858709,frh02,train,wheat,BTH,38
2858728,frh02,train,permanent meadows,PPH,31
2858745,frh02,train,rapeseed,CZH,38
2858785,frh02,train,rapeseed,CZH,38
2858825,frh02,train,wheat,BTH,38
2858867,frh02,train,rapeseed,CZH,38
2858930,frh02,train,permanent meadows,PPH,29
2858944,frh02,train,barley,ORH,38
2858953,frh02,train,wheat,BTH,38
2859020,frh02,train,corn,MIS,38
2859031,frh02,train,temporary meadows,PTR,20
2859054,frh02,train,wheat,BTH,60
2859129,frh02,train,barley,ORH,60
2859215,frh02,train,wheat,BTH,29
2859243,frh02,train,temporary meadows,PTR,38
2859284,frh02,train,barley,ORH,38
2859285,frh02,train,rapeseed,CZH,38
2859370,frh02,train,corn,MIE,38
2859392,frh02,train,rapeseed,CZH,38
2859408,frh02,train,barley,ORH,60
2859433,frh02,train,barley,ORH,20
2859455,frh02,train,temporary meadows,PTR,38
2859534,frh02,train,temporary meadows,PTR,38
2859728,frh02,train,barley,ORH,38
2859744,frh02,train,temporary meadows,PTR,38
2859799,frh02,train,wheat,BTH,20
2859835,frh02,train,corn,MIS,38
2859886,frh02,train,rapeseed,CZH,38
2859904,frh02,train,temporary meadows,RGA,38
2859980,frh02,train,rapeseed,CZH,38
2860016,frh02,train,temporary meadows,RGA,38
2860039,frh02,train,permanent meadows,PPH,20
2860051,frh02,train,permanent meadows,PRL,38
2860061,frh02,train,temporary meadows,PTR,38
2860140,frh02,train,wheat,BTH,38
2860168,frh02,train,permanent meadows,PRL,38
2860172,frh02,train,orchards,VRG,38
2860188,frh02,train,corn,MIE,38
2860214,frh02,train,rapeseed,CZH,40
2860247,frh02,train,barley,ORH,38
2860251,frh02,train,rapeseed,CZH,49
2860279,frh02,train,temporary meadows,RGA,38
2860313,frh02,train,corn,MIE,35
2860329,frh02,train,permanent meadows,PRL,38
2860363,frh02,train,rapeseed,CZH,38
2860376,frh02,train,rapeseed,CZH,38
2860404,frh02,train,rapeseed,CZH,38
2860406,frh02,train,corn,MIS,38
2860464,frh02,train,corn,MIE,38
2860485,frh02,train,corn,MIE,60
2860552,frh02,train,temporary meadows,RGA,38
2860636,frh02,train,wheat,BTH,20
2860687,frh02,train,temporary meadows,PTR,20
2860765,frh02,train,permanent meadows,PPH,20
2860767,frh02,train,temporary meadows,RGA,25
2860788,frh02,train,barley,ORP,20
2860856,frh02,train,wheat,BTH,60
2860875,frh02,train,corn,MIS,20
2860905,frh02,train,permanent meadows,PPH,38
2860910,frh02,train,corn,MIS,38
2860930,frh02,train,temporary meadows,PTR,49
2860994,frh02,train,orchards,VRG,38
2861019,frh02,train,corn,MIE,28
2861033,frh02,train,permanent meadows,PRL,49
2861063,frh02,train,corn,MIE,20
2861094,frh02,train,temporary meadows,PTR,38
2861097,frh02,train,barley,ORH,38
2861129,frh02,train,corn,MIS,25
2861146,frh02,train,corn,MIE,20
2861151,frh02,train,wheat,BTH,38
2861181,frh02,train,barley,ORH,20
2861203,frh02,train,rapeseed,CZH,38
2861205,frh02,train,temporary meadows,PTR,38
2861209,frh02,train,corn,MIE,49
2861228,frh02,train,wheat,BTH,20
2861263,frh02,train,corn,MIS,20
2861264,frh02,train,corn,MIS,20
2861288,frh02,train,permanent meadows,PPH,38
2861291,frh02,train,corn,MIS,38
2861313,frh02,train,corn,MIE,38
2861318,frh02,train,permanent meadows,PRL,38
2861353,frh02,train,temporary meadows,PTR,38
2861386,frh02,train,temporary meadows,RGA,49
2861401,frh02,train,wheat,BTH,38
2861404,frh02,train,barley,ORH,38
2861410,frh02,train,wheat,BTH,38
2861428,frh02,train,rapeseed,CZH,20
2861439,frh02,train,corn,MIS,38
2861516,frh02,train,temporary meadows,PTR,21
2861520,frh02,train,rapeseed,CZH,38
2861545,frh02,train,wheat,BTH,49
2861556,frh02,train,corn,MIS,49
2861562,frh02,train,barley,ORH,20
2861579,frh02,train,permanent meadows,PPH,38
2861604,frh02,train,rapeseed,CZH,38
2861644,frh02,train,barley,ORP,25
2861666,frh02,train,permanent meadows,PPH,38
2861676,frh02,train,corn,MIE,20
2861677,frh02,train,wheat,BTH,20
2861706,frh02,train,corn,MIS,38
2861725,frh02,train,permanent meadows,PRL,25
2861727,frh02,train,permanent meadows,PRL,25
2861752,frh02,train,temporary meadows,PTR,38
2861795,frh02,train,wheat,BTH,38
2861799,frh02,train,wheat,BTH,38
2861947,frh02,train,wheat,BTH,38
2861958,frh02,train,corn,MIE,20
2862010,frh02,train,barley,ORP,25
2862071,frh02,train,permanent meadows,PPH,20
2862105,frh02,train,permanent meadows,PRL,38
2862107,frh02,train,rapeseed,CZH,20
2862132,frh02,train,wheat,BTH,38
2862172,frh02,train,temporary meadows,PTR,38
2862176,frh02,train,temporary meadows,RGA,38
2862180,frh02,train,temporary meadows,RGA,38
2862185,frh02,train,temporary meadows,RGA,38
2862195,frh02,train,rapeseed,CZH,20
2862286,frh02,train,barley,ORH,20
2862295,frh02,train,permanent meadows,PRL,40
2862311,frh02,train,wheat,BTH,38
2862342,frh02,train,corn,MIS,20
2862404,frh02,train,barley,ORH,38
2862476,frh02,train,wheat,BTP,38
2862503,frh02,train,wheat,BTH,38
2862507,frh02,train,corn,MIS,38
2862538,frh02,train,rapeseed,CZH,38
2862540,frh02,train,permanent meadows,PRL,38
2862541,frh02,train,permanent meadows,PPH,38
2862611,frh02,train,corn,MIE,20
2862632,frh02,train,permanent meadows,PPH,38
2862718,frh02,train,permanent meadows,PRL,38
2862748,frh02,train,corn,MIS,38
2862752,frh02,train,corn,MIS,38
2862826,frh02,train,corn,MIS,38
2862830,frh02,train,permanent meadows,PPH,38
2862948,frh02,train,permanent meadows,PRL,38
2862973,frh02,train,corn,MIE,20
2862991,frh02,train,corn,MIS,41
2863076,frh02,train,temporary meadows,RGA,20
2863128,frh02,train,corn,MIE,58
2863236,frh02,train,corn,MIS,49
2863273,frh02,train,orchards,VRG,38
2863295,frh02,train,barley,ORH,20
2863354,frh02,train,rapeseed,CZH,38
2863387,frh02,train,temporary meadows,PTR,38
2863434,frh02,train,permanent meadows,PPH,20
2863461,frh02,train,temporary meadows,PTR,38
2863519,frh02,train,temporary meadows,PTR,49
2863524,frh02,train,temporary meadows,PTR,38
2863525,frh02,train,permanent meadows,PPH,38
2863531,frh02,train,barley,ORH,38
2863558,frh02,train,barley,ORH,28
2863649,frh02,train,barley,ORH,38
2863657,frh02,train,wheat,BTH,38
2863772,frh02,train,corn,MIS,38
2863828,frh02,train,rapeseed,CZH,38
2863853,frh02,train,rapeseed,CZH,20
2863926,frh02,train,temporary meadows,PTR,20
2863958,frh02,train,barley,ORH,38
2863964,frh02,train,temporary meadows,RGA,20
2863981,frh02,train,temporary meadows,RGA,20
2864083,frh02,train,barley,ORH,38
2864108,frh02,train,wheat,BTH,20
2864138,frh02,train,corn,MIS,38
2864235,frh02,train,corn,MIE,49
2864278,frh02,train,temporary meadows,RGA,38
2864294,frh02,train,wheat,BTH,20
2864300,frh02,train,permanent meadows,PRL,20
2864310,frh02,train,temporary meadows,PTR,38
2864398,frh02,train,barley,ORP,20
2864417,frh02,train,corn,MIS,60
2864467,frh02,train,permanent meadows,PPH,38
2864497,frh02,train,wheat,BTH,38
2864521,frh02,train,barley,ORH,38
2864554,frh02,train,wheat,BTH,38
2864603,frh02,train,corn,MIE,20
2864643,frh02,train,permanent meadows,PRL,38
2864647,frh02,train,permanent meadows,PPH,38
2864682,frh02,train,wheat,BTH,38
2864690,frh02,train,barley,ORH,20
2864784,frh02,train,wheat,BTH,20
2864832,frh02,train,corn,MIS,38
2864836,frh02,train,wheat,BTH,38
2864863,frh02,train,corn,MIE,38
2864943,frh02,train,rapeseed,CZP,20
2864994,frh02,train,temporary meadows,RGA,49
2865009,frh02,train,corn,MIE,39
2865034,frh02,train,barley,ORH,38
2865056,frh02,train,orchards,VRG,38
2865185,frh02,train,barley,ORH,38
2865249,frh02,train,barley,ORH,38
2865252,frh02,train,temporary meadows,PTR,49
2865318,frh02,train,wheat,BTH,38
2865321,frh02,train,wheat,BTH,38
2865322,frh02,train,corn,MIS,38
2865395,frh02,train,barley,ORH,38
2865462,frh02,train,wheat,BTH,38
2865476,frh02,train,corn,MIS,24
2865482,frh02,train,rapeseed,CZH,38
2865557,frh02,train,wheat,BTH,27
2865673,frh02,train,barley,ORH,38
2865792,frh02,train,barley,ORH,38
2865794,frh02,train,permanent meadows,PPH,38
2865818,frh02,train,barley,ORH,20
2865836,frh02,train,barley,ORH,20
2865883,frh02,train,temporary meadows,PTR,38
2865908,frh02,train,wheat,BTH,20
2865955,frh02,train,temporary meadows,RGA,49
2865965,frh02,train,barley,ORH,38
2866050,frh02,train,barley,ORH,38
2866163,frh02,train,barley,ORH,38
2866174,frh02,train,wheat,BTH,20
2866199,frh02,train,permanent meadows,PPH,38
2866202,frh02,train,wheat,BTH,20
2866418,frh02,train,barley,ORP,38
2866425,frh02,train,barley,ORP,38
2866502,frh02,train,wheat,BTH,38
2866504,frh02,train,permanent meadows,PRL,38
2866532,frh02,train,wheat,BTH,38
2866535,frh02,train,wheat,BTH,38
2866569,frh02,train,rapeseed,CZH,38
2866634,frh02,train,temporary meadows,PTR,38
2866666,frh02,train,temporary meadows,PTR,38
2866680,frh02,train,temporary meadows,RGA,38
2866796,frh02,train,rapeseed,CZH,38
2866799,frh02,train,wheat,BTH,38
2866843,frh02,train,wheat,BTH,38
2866881,frh02,train,barley,ORH,38
2866885,frh02,train,permanent meadows,PRL,41
2866899,frh02,train,permanent meadows,PRL,38
2866958,frh02,train,rapeseed,CZH,20
2866969,frh02,train,barley,ORH,38
2866970,frh02,train,permanent meadows,PPH,38
2866979,frh02,train,wheat,BTH,38
2867013,frh02,train,permanent meadows,PRL,38
2867108,frh02,train,permanent meadows,PPH,20
2867151,frh02,train,wheat,BTH,38
2867199,frh02,train,barley,ORH,20
2867204,frh02,train,corn,MIE,20
2867249,frh02,train,wheat,BTH,38
2867263,frh02,train,corn,MIE,25
2867275,frh02,train,permanent meadows,PPH,25
2867300,frh02,train,temporary meadows,RGA,20
2867325,frh02,train,temporary meadows,PTR,38
2867370,frh02,train,permanent meadows,PPH,38
2867372,frh02,train,barley,ORH,38
2867392,frh02,train,temporary meadows,RGA,20
2867398,frh02,train,permanent meadows,PPH,38
2867416,frh02,train,corn,MIE,38
2867424,frh02,train,barley,ORH,38
2867449,frh02,train,barley,ORH,38
2867474,frh02,train,wheat,BTH,38
2867522,frh02,train,rapeseed,CZH,38
2867562,frh02,train,rapeseed,CZH,38
2867598,frh02,train,corn,MIE,38
2867605,frh02,train,rapeseed,CZH,38
2867642,frh02,train,barley,ORH,20
2867729,frh02,train,corn,MIS,20
2867742,frh02,train,temporary meadows,RGA,20
2867759,frh02,train,corn,MIE,49
2867762,frh02,train,permanent meadows,PRL,49
2867797,frh02,train,permanent meadows,PPH,38
2867844,frh02,train,rapeseed,CZH,49
2867847,frh02,train,corn,MIS,49
2867855,frh02,train,permanent meadows,PPH,49
2867914,frh02,train,temporary meadows,RGA,38
2867918,frh02,train,corn,MIE,38
2868072,frh02,train,permanent meadows,PRL,20
2868082,frh02,train,temporary meadows,PTR,38
2868170,frh02,train,wheat,BTH,38
2868177,frh02,train,rapeseed,CZH,60
2868200,frh02,train,barley,ORH,38
2868202,frh02,train,corn,MIS,38
2868249,frh02,train,temporary meadows,RGA,20
2868260,frh02,train,barley,ORH,38
2868298,frh02,train,corn,MIS,20
2868304,frh02,train,permanent meadows,PRL,38
2868316,frh02,train,wheat,BTH,20
2868343,frh02,train,permanent meadows,PRL,38
2868391,frh02,train,corn,MIS,20
2868394,frh02,train,permanent meadows,PRL,20
2868405,frh02,train,permanent meadows,PPH,20
2868452,frh02,train,corn,MIS,49
2868554,frh02,train,barley,ORH,38
2868619,frh02,train,temporary meadows,RGA,38
2868639,frh02,train,barley,ORH,38
2868689,frh02,train,permanent meadows,PRL,25
2868722,frh02,train,corn,MIE,38
2868769,frh02,train,corn,MIE,25
2868782,frh02,train,wheat,BTH,38
2868809,frh02,train,permanent meadows,PPH,25
2868818,frh02,train,permanent meadows,PPH,38
2868869,frh02,train,wheat,BTH,38
2868891,frh02,train,rapeseed,CZH,38
2868904,frh02,train,permanent meadows,PPH,38
2868961,frh02,train,permanent meadows,PRL,38
2868968,frh02,train,permanent meadows,PPH,38
2868986,frh02,train,corn,MIS,38
2868998,frh02,train,wheat,BTH,20
2869020,frh02,train,wheat,BTH,38
2869023,frh02,train,rapeseed,CZH,38
2869031,frh02,train,corn,MIS,38
2869038,frh02,train,corn,MIS,38
2869129,frh02,train,permanent meadows,PRL,25
2869145,frh02,train,barley,ORH,60
2869151,frh02,train,permanent meadows,PRL,60
2869155,frh02,train,wheat,BTH,38
2869283,frh02,train,wheat,BTH,38
2869291,frh02,train,permanent meadows,PPH,38
2869297,frh02,train,permanent meadows,PRL,25
2869319,frh02,train,wheat,BTH,49
2869360,frh02,train,permanent meadows,PRL,38
2869400,frh02,train,wheat,BTH,49
2869401,frh02,train,wheat,BTH,49
2869433,frh02,train,temporary meadows,RGA,20
2869442,frh02,train,corn,MIS,38
2869502,frh02,train,corn,MIS,38
2869509,frh02,train,temporary meadows,PTR,38
2869566,frh02,train,corn,MIS,38
2869568,frh02,train,corn,MIS,38
2869606,frh02,train,wheat,BTH,38
2869608,frh02,train,barley,ORH,38
2869620,frh02,train,temporary meadows,PTR,38
2869658,frh02,train,orchards,VRG,38
2869665,frh02,train,wheat,BTH,38
2869671,frh02,train,rapeseed,CZH,38
2869748,frh02,train,rapeseed,CZP,38
2869805,frh02,train,rapeseed,CZH,38
2869806,frh02,train,rapeseed,CZH,38
2869884,frh02,train,permanent meadows,PPH,38
2869905,frh02,train,corn,MIS,38
2869910,frh02,train,corn,MIS,38
2869936,frh02,train,barley,ORH,38
2869998,frh02,train,permanent meadows,PPH,38
2870044,frh02,train,temporary meadows,PTR,49
2870080,frh02,train,permanent meadows,PPH,20
2870183,frh02,train,permanent meadows,PRL,60
2870186,frh02,train,wheat,BTH,38
2870227,frh02,train,wheat,BTH,20
2870240,frh02,train,temporary meadows,RGA,20
2870264,frh02,train,temporary meadows,PTR,49
2870384,frh02,train,barley,ORH,38
2870402,frh02,train,temporary meadows,RGA,20
2870499,frh02,train,barley,ORH,60
2870509,frh02,train,corn,MIE,38
2870522,frh02,train,permanent meadows,PRL,38
2870550,frh02,train,permanent meadows,PRL,38
2870626,frh02,train,barley,ORH,38
2870654,frh02,train,barley,ORH,20
2870710,frh02,train,permanent meadows,PPH,49
2870736,frh02,train,temporary meadows,RGA,16
2870792,frh02,train,barley,ORH,20
2870834,frh02,train,barley,ORH,16
2870859,frh02,train,corn,MIE,20
2870861,frh02,train,permanent meadows,PPH,38
2870882,frh02,train,barley,ORH,20
2870956,frh02,train,rapeseed,CZH,20
2870965,frh02,train,corn,MIS,20
2870984,frh02,train,temporary meadows,PTR,38
2870998,frh02,train,corn,MIE,32
2871000,frh02,train,barley,ORH,16
2871052,frh02,train,corn,MIE,38
2871076,frh02,train,permanent meadows,PPH,38
2871098,frh02,train,corn,MIE,38
2871110,frh02,train,rapeseed,CZH,25
2871183,frh02,train,temporary meadows,PTR,38
2871350,frh02,train,wheat,BTH,38
2871362,frh02,train,temporary meadows,PTR,38
2871368,frh02,train,barley,ORH,38
2871376,frh02,train,wheat,BTH,38
2871398,frh02,train,wheat,BTH,20
2871474,frh02,train,wheat,BTH,20
2871483,frh02,train,rapeseed,CZH,20
2871505,frh02,train,rapeseed,CZH,38
2871514,frh02,train,rapeseed,CZH,49
2871547,frh02,train,temporary meadows,PTR,38
2871552,frh02,train,permanent meadows,PRL,38
2871553,frh02,train,temporary meadows,PTR,38
2871666,frh02,train,barley,ORH,49
2871696,frh02,train,corn,MIE,20
2871816,frh02,train,rapeseed,CZH,58
2871881,frh02,train,barley,ORH,20
2871896,frh02,train,rapeseed,CZH,58
2871905,frh02,train,temporary meadows,PTR,38
2871915,frh02,train,barley,ORH,20
2871964,frh02,train,wheat,BTH,20
2871980,frh02,train,permanent meadows,PRL,58
2872047,frh02,train,corn,MIS,38
2872067,frh02,train,rapeseed,CZH,38
2872069,frh02,train,rapeseed,CZH,38
2872176,frh02,train,corn,MIE,38
2872206,frh02,train,rapeseed,CZH,60
2872255,frh02,train,wheat,BTH,38
2872257,frh02,train,corn,MIS,38
2872356,frh02,train,permanent meadows,PPH,38
2872376,frh02,train,permanent meadows,PPH,38
2872396,frh02,train,temporary meadows,PTR,38
2872429,frh02,train,wheat,BTH,38
2872434,frh02,train,corn,MIE,38
2872457,frh02,train,permanent meadows,PPH,38
2872484,frh02,train,barley,ORH,20
2872487,frh02,train,wheat,BTH,38
2872493,frh02,train,rapeseed,CZH,38
2872494,frh02,train,rapeseed,CZH,38
2872507,frh02,train,temporary meadows,PTR,38
2872514,frh02,train,permanent meadows,PPH,38
2872522,frh02,train,permanent meadows,PPH,38
2872572,frh02,train,corn,MIE,20
2872596,frh02,train,permanent meadows,PRL,38
2872608,frh02,train,permanent meadows,PRL,38
2872805,frh02,train,barley,ORH,38
2872808,frh02,train,temporary meadows,RGA,38
2872812,frh02,train,temporary meadows,RGA,38
2872864,frh02,train,orchards,VRG,38
2872867,frh02,train,rapeseed,CZP,38
2872908,frh02,train,permanent meadows,PPH,38
2873098,frh02,train,barley,ORH,38
2873173,frh02,train,temporary meadows,RGA,38
2873220,frh02,train,barley,ORH,38
2873303,frh02,train,permanent meadows,PPH,38
2873315,frh02,train,rapeseed,CZH,38
2873384,frh02,train,rapeseed,CZH,38
2873394,frh02,train,corn,MIS,38
2873430,frh02,train,corn,MIS,41
2873447,frh02,train,wheat,BTH,41
2873448,frh02,train,permanent meadows,PRL,41
2873491,frh02,train,temporary meadows,RGA,38
2873512,frh02,train,corn,MIS,38
2873518,frh02,train,corn,MIE,25
2873552,frh02,train,permanent meadows,PPH,38
2873555,frh02,train,temporary meadows,PTR,38
2873585,frh02,train,temporary meadows,RGA,38
2873609,frh02,train,temporary meadows,PTR,38
2873618,frh02,train,permanent meadows,PRL,25
2873624,frh02,train,wheat,BTH,38
2873684,frh02,train,permanent meadows,PRL,20
2873803,frh02,train,barley,ORP,49
2873812,frh02,train,wheat,BTH,49
2873835,frh02,train,rapeseed,CZH,38
2873844,frh02,train,permanent meadows,PPH,38
2873886,frh02,train,barley,ORH,49
2873913,frh02,train,rapeseed,CZH,38
2873947,frh02,train,wheat,BTH,38
2874065,frh02,train,barley,ORH,20
2874087,frh02,train,rapeseed,CZH,38
2874144,frh02,train,barley,ORH,20
2874189,frh02,train,corn,MIS,38
2874215,frh02,train,orchards,VRG,38
2874258,frh02,train,permanent meadows,PPH,49
2874348,frh02,train,rapeseed,CZH,49
2874375,frh02,train,corn,MIS,38
2874464,frh02,train,corn,MIE,49
2874471,frh02,train,wheat,BTH,49
2874540,frh02,train,corn,MIE,49
2874560,frh02,train,rapeseed,CZH,38
2874606,frh02,train,rapeseed,CZH,49
2874607,frh02,train,rapeseed,CZH,49
2874647,frh02,train,temporary meadows,PTR,60
2874648,frh02,train,permanent meadows,PRL,38
2874650,frh02,train,orchards,VRG,38
2874654,frh02,train,corn,MIS,25
2874669,frh02,train,barley,ORH,38
2874734,frh02,train,corn,MIE,49
2874752,frh02,train,corn,MIS,41
2874821,frh02,train,temporary meadows,PTR,20
2874875,frh02,train,temporary meadows,PTR,38
2874904,frh02,train,wheat,BTH,38
2874909,frh02,train,rapeseed,CZH,38
2874910,frh02,train,orchards,VRG,38
2874933,frh02,train,rapeseed,CZH,38
2874944,frh02,train,permanent meadows,PRL,38
2874971,frh02,train,permanent meadows,PPH,49
2875167,frh02,train,temporary meadows,PTR,49
2875172,frh02,train,rapeseed,CZH,49
2875173,frh02,train,rapeseed,CZH,49
2875183,frh02,train,corn,MIE,20
2875186,frh02,train,corn,MIE,20
2875371,frh02,train,corn,MIE,25
2875391,frh02,train,corn,MIE,25
2875405,frh02,train,permanent meadows,PPH,38
2875469,frh02,train,corn,MIE,20
2875523,frh02,train,wheat,BTH,38
2875558,frh02,train,wheat,BTH,20
2875570,frh02,train,permanent meadows,PPH,38
2875572,frh02,train,rapeseed,CZH,38
2875575,frh02,train,rapeseed,CZH,38
2875596,frh02,train,permanent meadows,PRL,38
2875597,frh02,train,permanent meadows,PPH,38
2875640,frh02,train,corn,MIE,20
2875648,frh02,train,permanent meadows,PPH,38
2875743,frh02,train,corn,MIS,38
2875780,frh02,train,barley,ORH,49
2875861,frh02,train,permanent meadows,PPH,20
2875867,frh02,train,temporary meadows,RGA,49
2875913,frh02,train,rapeseed,CZH,38
2875960,frh02,train,wheat,BTH,49
2875967,frh02,train,rapeseed,CZH,38
2876030,frh02,train,temporary meadows,PTR,38
2876055,frh02,train,barley,ORH,41
2876071,frh02,train,rapeseed,CZH,60
2876122,frh02,train,barley,ORH,20
2876127,frh02,train,permanent meadows,PPH,38
2876170,frh02,train,rapeseed,CZH,60
2876171,frh02,train,wheat,BTH,60
2876224,frh02,train,rapeseed,CZH,38
2876321,frh02,train,wheat,BTH,20
2876359,frh02,train,permanent meadows,PRL,38
2876364,frh02,train,orchards,VRG,38
2876478,frh02,train,permanent meadows,PPH,38
2876522,frh02,train,rapeseed,CZH,38
2876553,frh02,train,corn,MIS,25
2876569,frh02,train,permanent meadows,PPH,20
2876585,frh02,train,wheat,BTH,38
2876594,frh02,train,permanent meadows,PPH,38
2876655,frh02,train,permanent meadows,PPH,20
2876889,frh02,train,barley,ORH,20
2876898,frh02,train,wheat,BTH,20
2876958,frh02,train,temporary meadows,RGA,38
2877051,frh02,train,wheat,BTH,38
2877061,frh02,train,permanent meadows,PPH,38
2877100,frh02,train,corn,MIS,20
2877162,frh02,train,permanent meadows,PRL,38
2877187,frh02,train,corn,MIS,20
2877190,frh02,train,corn,MIS,20
2877197,frh02,train,wheat,BTH,20
2877292,frh02,train,barley,ORH,20
2877424,frh02,train,corn,MIS,20
2877440,frh02,train,temporary meadows,RGA,49
2877443,frh02,train,wheat,BTH,38
2877457,frh02,train,corn,MIE,38
2877469,frh02,train,temporary meadows,RGA,38
2877504,frh02,train,corn,MIE,49
2877533,frh02,train,permanent meadows,PRL,38
2877576,frh02,train,permanent meadows,PPH,38
2877588,frh02,train,permanent meadows,PRL,49
2877603,frh02,train,wheat,BTH,20
2877621,frh02,train,permanent meadows,PPH,38
2877688,frh02,train,barley,ORH,49
2877748,frh02,train,permanent meadows,PPH,38
2877802,frh02,train,permanent meadows,PPH,49
2877810,frh02,train,temporary meadows,PTR,49
2877813,frh02,train,barley,ORH,38
2877887,frh02,train,permanent meadows,PPH,48
2878067,frh02,train,barley,ORH,25
2878112,frh02,train,permanent meadows,PPH,38
2878117,frh02,train,corn,MIE,38
2878139,frh02,train,temporary meadows,PTR,38
2878257,frh02,train,permanent meadows,PRL,38
2878262,frh02,train,orchards,VRG,38
2878306,frh02,train,permanent meadows,PRL,38
2878320,frh02,train,corn,MIE,38
2878361,frh02,train,wheat,BTH,38
2878372,frh02,train,orchards,VRG,38
2878424,frh02,train,barley,ORH,20
2878462,frh02,train,orchards,VRG,20
2878468,frh02,train,barley,ORH,19
2878488,frh02,train,corn,MIE,20
2878501,frh02,train,barley,ORP,20
2878551,frh02,train,temporary meadows,RGA,21
2878562,frh02,train,temporary meadows,RGA,16
2878588,frh02,train,corn,MIE,38
2878610,frh02,train,rapeseed,CZH,38
2878624,frh02,train,permanent meadows,PRL,38
2878637,frh02,train,barley,ORH,20
2878641,frh02,train,temporary meadows,PTR,20
2878682,frh02,train,wheat,BTH,38
2878767,frh02,train,barley,ORH,38
2878806,frh02,train,wheat,BTH,48
2878828,frh02,train,permanent meadows,PPH,38
2878829,frh02,train,corn,MIE,38
2878840,frh02,train,corn,MIE,38
2878886,frh02,train,barley,ORH,20
2878961,frh02,train,wheat,BTH,20
2878977,frh02,train,barley,ORH,20
2878994,frh02,train,temporary meadows,RGA,20
2879003,frh02,train,rapeseed,CZH,49
2879026,frh02,train,rapeseed,CZH,38
2879044,frh02,train,corn,MIS,38
2879057,frh02,train,permanent meadows,PPH,20
2879094,frh02,train,barley,ORH,25
2879103,frh02,train,permanent meadows,PPH,25
2879122,frh02,train,permanent meadows,PRL,16
2879151,frh02,train,temporary meadows,PTR,38
2879162,frh02,train,corn,MIS,38
2879187,frh02,train,temporary meadows,RGA,49
2879272,frh02,train,temporary meadows,RGA,38
2879288,frh02,train,corn,MIS,49
2879340,frh02,train,temporary meadows,RGA,38
2879383,frh02,train,permanent meadows,PPH,20
2879416,frh02,train,temporary meadows,RGA,38
2879478,frh02,train,barley,ORH,38
2879511,frh02,train,rapeseed,CZH,38
2879524,frh02,train,barley,ORH,38
2879578,frh02,train,permanent meadows,PPH,20
2879580,frh02,train,permanent meadows,PPH,20
2879592,frh02,train,permanent meadows,PRL,41
2879679,frh02,train,wheat,BTH,25
2879688,frh02,train,temporary meadows,RGA,41
2879689,frh02,train,corn,MIE,41
2879698,frh02,train,rapeseed,CZH,38
2879714,frh02,train,barley,ORH,38
2879741,frh02,train,wheat,BTH,38
2879775,frh02,train,barley,ORH,25
2879790,frh02,train,barley,ORH,38
2879845,frh02,train,rapeseed,CZH,58
2879864,frh02,train,corn,MIE,38
2879948,frh02,train,corn,MIE,38
2880016,frh02,train,temporary meadows,PTR,38
2880061,frh02,train,barley,ORH,20
2880070,frh02,train,corn,MIS,20
2880099,frh02,train,rapeseed,CZH,38
2880153,frh02,train,temporary meadows,RGA,20
2880176,frh02,train,rapeseed,CZH,38
2880205,frh02,train,corn,MIE,38
2880264,frh02,train,corn,MIE,38
2880298,frh02,train,rapeseed,CZH,38
2880305,frh02,train,wheat,BTH,38
2880335,frh02,train,permanent meadows,PRL,38
2880344,frh02,train,temporary meadows,RGA,38
2880412,frh02,train,permanent meadows,PPH,49
2880427,frh02,train,temporary meadows,RGA,38
2880463,frh02,train,permanent meadows,PPH,38
2880529,frh02,train,barley,ORH,20
2880643,frh02,train,permanent meadows,PPH,38
2880680,frh02,train,temporary meadows,RGA,38
2880693,frh02,train,barley,ORH,38
2880694,frh02,train,temporary meadows,RGA,38
2880717,frh02,train,permanent meadows,PPH,38
2880765,frh02,train,barley,ORH,38
2880816,frh02,train,wheat,BTH,49
2880818,frh02,train,wheat,BTH,49
2880826,frh02,train,barley,ORH,20
2880839,frh02,train,wheat,BTH,20
2880842,frh02,train,permanent meadows,PRL,41
2880930,frh02,train,rapeseed,CZH,58
2880933,frh02,train,barley,ORH,20
2880950,frh02,train,barley,ORH,58
2881046,frh02,train,permanent meadows,PRL,38
2881095,frh02,train,permanent meadows,PRL,38
2881127,frh02,train,barley,ORP,38
2881149,frh02,train,corn,MIS,38
2881160,frh02,train,temporary meadows,PTR,38
2881172,frh02,train,wheat,BTH,38
2881191,frh02,train,rapeseed,CZH,58
2881240,frh02,train,rapeseed,CZH,38
2881330,frh02,train,wheat,BTH,38
2881339,frh02,train,barley,ORH,38
2881355,frh02,train,wheat,BTH,38
2881376,frh02,train,temporary meadows,PTR,20
2881391,frh02,train,corn,MIE,20
2881448,frh02,train,barley,ORH,41
2881559,frh02,train,temporary meadows,PTR,38
2881576,frh02,train,corn,MIS,38
2881633,frh02,train,barley,ORH,25
2881735,frh02,train,barley,ORH,38
2881770,frh02,train,corn,MIE,38
2881837,frh02,train,corn,MIS,38
2881981,frh02,train,permanent meadows,PRL,20
2881984,frh02,train,temporary meadows,RGA,20
2882026,frh02,train,orchards,VRG,38
2882047,frh02,train,permanent meadows,PPH,49
2882056,frh02,train,barley,ORH,49
2882201,frh02,train,orchards,VRG,38
2882257,frh02,train,barley,ORH,38
2882259,frh02,train,barley,ORH,38
2882262,frh02,train,rapeseed,CZH,49
2882326,frh02,train,permanent meadows,PPH,60
2882351,frh02,train,rapeseed,CZH,38
2882359,frh02,train,barley,ORH,38
2882402,frh02,train,corn,MIE,47
2882418,frh02,train,temporary meadows,RGA,38
2882439,frh02,train,rapeseed,CZH,49
2882481,frh02,train,temporary meadows,PTR,20
2882510,frh02,train,permanent meadows,PPH,25
2882522,frh02,train,orchards,VRG,25
2882559,frh02,train,wheat,BTH,49
2882562,frh02,train,wheat,BTH,60
2882603,frh02,train,rapeseed,CZH,38
2882609,frh02,train,permanent meadows,PPH,20
2882620,frh02,train,permanent meadows,PPH,36
2882640,frh02,train,rapeseed,CZH,60
2882641,frh02,train,rapeseed,CZH,60
2882675,frh02,train,barley,ORH,16
2882689,frh02,train,temporary meadows,PTR,38
2882736,frh02,train,corn,MIE,38
2882837,frh02,train,barley,ORP,20
2882845,frh02,train,orchards,VRG,20
2882855,frh02,train,orchards,VRG,38
2882885,frh02,train,permanent meadows,PRL,38
2882912,frh02,train,temporary meadows,PTR,25
2882934,frh02,train,temporary meadows,PTR,25
2882991,frh02,train,barley,ORP,38
2882995,frh02,train,barley,ORP,38
2883072,frh02,train,corn,MIE,38
2883078,frh02,train,corn,MIE,38
2883127,frh02,train,orchards,VRG,31
2883157,frh02,train,rapeseed,CZH,38
2883274,frh02,train,corn,MIS,25
2883278,frh02,train,rapeseed,CZH,25
2883442,frh02,train,corn,MIS,20
2883443,frh02,train,barley,ORP,20
2883460,frh02,train,wheat,BTH,32
2883475,frh02,train,corn,MIE,28
2883574,frh02,train,permanent meadows,PRL,38
2883589,frh02,train,temporary meadows,PTR,38
2883643,frh02,train,rapeseed,CZH,20
2883656,frh02,train,permanent meadows,PRL,38
2883672,frh02,train,permanent meadows,PPH,38
2883679,frh02,train,rapeseed,CZH,38
2883708,frh02,train,temporary meadows,PTR,20
2883710,frh02,train,barley,ORH,38
2883748,frh02,train,temporary meadows,RGA,20
2883757,frh02,train,corn,MIE,20
2883844,frh02,train,barley,ORH,20
2883856,frh02,train,permanent meadows,PPH,38
2883877,frh02,train,barley,ORH,38
2883910,frh02,train,barley,ORH,49
2883983,frh02,train,barley,ORH,20
2883994,frh02,train,permanent meadows,PPH,38
2884019,frh02,train,corn,MIE,38
2884091,frh02,train,permanent meadows,PPH,38
2884159,frh02,train,orchards,VRG,38
2884259,frh02,train,permanent meadows,PPH,38
2884262,frh02,train,permanent meadows,PPH,38
2884276,frh02,train,temporary meadows,PTR,38
2884280,frh02,train,corn,MIE,49
2884289,frh02,train,temporary meadows,PTR,41
2884309,frh02,train,temporary meadows,RGA,38
2884396,frh02,train,wheat,BTH,38
2884400,frh02,train,barley,ORH,38
2884420,frh02,train,permanent meadows,PPH,38
2884427,frh02,train,permanent meadows,PRL,38
2884488,frh02,train,rapeseed,CZH,38
2884504,frh02,train,wheat,BTH,38
2884551,frh02,train,temporary meadows,RGA,20
2884602,frh02,train,barley,ORH,49
2884613,frh02,train,wheat,BTH,38
2884621,frh02,train,barley,ORH,38
2884663,frh02,train,barley,ORH,38
2884728,frh02,train,temporary meadows,RGA,20
2884780,frh02,train,corn,MIS,49
2884844,frh02,train,wheat,BTH,36
2884857,frh02,train,wheat,BTH,49
2884891,frh02,train,barley,ORH,20
2884895,frh02,train,permanent meadows,PRL,38
2884967,frh02,train,wheat,BTH,20
2884989,frh02,train,temporary meadows,PTR,38
2885039,frh02,train,permanent meadows,PRL,38
2885124,frh02,train,permanent meadows,PRL,38
2885137,frh02,train,temporary meadows,PTR,20
2885151,frh02,train,corn,MIE,20
2885191,frh02,train,permanent meadows,PRL,38
2885205,frh02,train,permanent meadows,PRL,38
2885209,frh02,train,corn,MIE,38
2885230,frh02,train,barley,ORH,20
2885235,frh02,train,barley,ORH,20
2885296,frh02,train,permanent meadows,PPH,49
2885335,frh02,train,temporary meadows,PTR,20
2885363,frh02,train,temporary meadows,RGA,20
2885373,frh02,train,corn,MIE,38
2885394,frh02,train,corn,MIS,20
2885401,frh02,train,temporary meadows,RGA,49
2885483,frh02,train,temporary meadows,PTR,20
2885562,frh02,train,barley,ORH,25
2885627,frh01,train,temporary meadows,PTR,38
2885659,frh02,train,corn,MIS,23
2885747,frh02,train,permanent meadows,PRL,20
2885829,frh02,train,wheat,BTH,25
2885849,frh02,train,permanent meadows,PPH,20
2885857,frh02,train,corn,MIE,38
2885889,frh02,train,wheat,BTH,38
2885913,frh02,train,permanent meadows,PRL,25
2885924,frh02,train,permanent meadows,PPH,32
2885954,frh02,train,permanent meadows,PPH,49
2886010,frh02,train,permanent meadows,PPH,29
2886022,frh02,train,permanent meadows,PRL,38
2886044,frh02,train,temporary meadows,RGA,38
2886070,frh02,train,permanent meadows,PPH,38
2886095,frh02,train,barley,ORH,38
2886107,frh02,train,temporary meadows,RGA,25
2886183,frh02,train,barley,ORH,16
2886214,frh02,train,permanent meadows,PRL,20
2886215,frh02,train,corn,MIE,20
2886226,frh02,train,temporary meadows,PTR,20
2886282,frh02,train,corn,MIE,20
2886313,frh02,train,rapeseed,CZH,58
2886346,frh02,train,corn,MIS,20
2886388,frh02,train,permanent meadows,PPH,58
2886432,frh02,train,permanent meadows,PPH,49
2886491,frh02,train,wheat,BTH,38
2886542,frh02,train,wheat,BTH,38
2886705,frh02,train,temporary meadows,RGA,38
2886711,frh02,train,orchards,VRG,38
2886720,frh02,train,temporary meadows,PTR,25
2886727,frh02,train,barley,ORP,38
2886770,frh02,train,orchards,VRG,38
2886864,frh02,train,permanent meadows,PPH,58
2886913,frh02,train,permanent meadows,PRL,38
2886917,frh02,train,orchards,PFR,38
2887038,frh02,train,wheat,BTH,20
2887087,frh02,train,orchards,PFR,38
2887089,frh02,train,orchards,PFR,38
2887091,frh02,train,orchards,PFR,38
2887188,frh02,train,corn,MIS,38
2887194,frh02,train,corn,MIE,20
2887232,frh02,train,barley,ORH,20
2887255,frh02,train,rapeseed,CZH,49
2887257,frh02,train,corn,MIS,49
2887293,frh02,train,permanent meadows,PPH,20
2887318,frh02,train,barley,ORH,20
2887368,frh02,train,permanent meadows,PPH,33
2887461,frh02,train,barley,ORH,38
2887470,frh02,train,corn,MIE,38
2887536,frh02,train,corn,MIE,30
2887554,frh02,train,wheat,BTH,20
2887562,frh02,train,corn,MIE,37
2887620,frh02,train,permanent meadows,PPH,58
2887651,frh02,train,permanent meadows,PPH,38
2887740,frh02,train,rapeseed,CZH,60
2887806,frh02,train,barley,ORH,60
2887882,frh02,train,rapeseed,CZH,60
2887900,frh02,train,temporary meadows,PTR,20
2887913,frh02,train,barley,ORH,20
2887917,frh02,train,corn,MIE,20
2887922,frh02,train,permanent meadows,PPH,38
2887935,frh02,train,barley,ORH,38
2887936,frh02,train,corn,MIE,38
2887983,frh02,train,corn,MIS,20
2888055,frh02,train,corn,MIE,38
2888078,frh02,train,corn,MIE,38
2888178,frh02,train,wheat,BTH,20
2888181,frh02,train,rapeseed,CZH,20
2888197,frh02,train,temporary meadows,PTR,20
2888227,frh02,train,corn,MIE,38
2888286,frh02,train,barley,ORP,38
2888323,frh02,train,temporary meadows,RGA,38
2888346,frh02,train,rapeseed,CZH,25
2888349,frh02,train,rapeseed,CZH,20
2888354,frh02,train,barley,ORH,20
2888477,frh02,train,permanent meadows,PPH,38
2888633,frh02,train,permanent meadows,PPH,38
2888737,frh02,train,permanent meadows,PPH,38
2888743,frh02,train,wheat,BTH,38
2888767,frh02,train,corn,MIS,38
2888775,frh02,train,wheat,BTH,38
2888797,frh02,train,barley,ORH,38
2888811,frh02,train,barley,ORH,38
2888953,frh02,train,wheat,BTH,38
2889050,frh02,train,barley,ORP,20
2889070,frh02,train,barley,ORH,38
2889091,frh02,train,temporary meadows,PTR,20
2889127,frh02,train,barley,ORH,49
2889135,frh02,train,barley,ORH,41
2889194,frh02,train,barley,ORH,38
2889206,frh02,train,permanent meadows,PRL,30
2889214,frh02,train,temporary meadows,PTR,30
2889231,frh02,train,barley,ORH,20
2889245,frh02,train,corn,MIS,49
2889297,frh02,train,corn,MIE,41
2889322,frh02,train,corn,MIE,20
2889326,frh02,train,corn,MIE,20
2889351,frh02,train,corn,MIE,38
2889379,frh02,train,temporary meadows,PTR,38
2889540,frh02,train,permanent meadows,PPH,38
2889551,frh02,train,temporary meadows,PTR,25
2889553,frh02,train,corn,MIE,25
2889612,frh02,train,corn,MIE,38
2889626,frh02,train,corn,MIE,38
2889643,frh02,train,rapeseed,CZH,42
2889704,frh02,train,rapeseed,CZH,49
2889769,frh02,train,temporary meadows,RGA,20
2889896,frh02,train,temporary meadows,PTR,38
2889912,frh02,train,wheat,BTH,25
2889932,frh02,train,temporary meadows,PTR,25
2889982,frh02,train,temporary meadows,PTR,38
2890062,frh02,train,corn,MIE,38
2890073,frh02,train,permanent meadows,PRL,38
2890080,frh02,train,temporary meadows,PTR,38
2890130,frh02,train,temporary meadows,RGA,38
2890149,frh02,train,corn,MIE,38
2890187,frh02,train,corn,MIS,49
2890249,frh02,train,permanent meadows,PRL,38
2890313,frh02,train,temporary meadows,PTR,38
2890342,frh02,train,orchards,VRG,38
2890367,frh02,train,wheat,BTH,38
2890408,frh02,train,wheat,BTH,20
2890419,frh02,train,wheat,BTH,38
2890436,frh02,train,temporary meadows,PTR,20
2890575,frh02,train,permanent meadows,PRL,49
2890599,frh02,train,temporary meadows,PTR,47
2890624,frh02,train,barley,ORP,38
2890650,frh02,train,wheat,BTH,49
2890698,frh02,train,barley,ORP,38
2890699,frh02,train,rapeseed,CZH,38
2890702,frh02,train,rapeseed,CZH,38
2890708,frh02,train,rapeseed,CZH,38
2890883,frh02,train,permanent meadows,PRL,38
2890901,frh02,train,corn,MIE,38
2890947,frh02,train,permanent meadows,PRL,38
2891029,frh02,train,barley,ORH,38
2891164,frh02,train,permanent meadows,PPH,60
2891188,frh02,train,barley,ORH,35
2891263,frh02,train,temporary meadows,PTR,38
2891323,frh02,train,rapeseed,CZH,38
2891331,frh02,train,permanent meadows,PPH,38
2891338,frh02,train,rapeseed,CZH,38
2891339,frh02,train,barley,ORH,38
2891352,frh02,train,temporary meadows,PTR,38
2891565,frh02,train,wheat,BTH,20
2891616,frh02,train,corn,MIS,25
2891649,frh02,train,barley,ORH,38
2891656,frh02,train,permanent meadows,PPH,38
2891735,frh02,train,wheat,BTH,20
2891795,frh02,train,permanent meadows,PPH,25
2891821,frh02,train,barley,ORH,20
2891826,frh02,train,barley,ORH,20
2891937,frh02,train,orchards,VRG,38
2891938,frh02,train,orchards,VRG,38
2891939,frh02,train,orchards,VRG,38
2891995,frh02,train,barley,ORH,38
2892073,frh02,train,wheat,BTH,38
2892075,frh02,train,permanent meadows,PRL,38
2892115,frh02,train,barley,ORH,20
2892116,frh02,train,corn,MIS,20
2892141,frh02,train,permanent meadows,PPH,20
2892158,frh02,train,wheat,BTH,38
2892176,frh02,train,corn,MIE,38
2892212,frh02,train,permanent meadows,PRL,38
2892300,frh02,train,rapeseed,CZH,38
2892304,frh02,train,corn,MIE,38
2892316,frh02,train,corn,MIE,38
2892322,frh02,train,rapeseed,CZH,38
2892331,frh02,train,barley,ORH,38
2892336,frh02,train,temporary meadows,RGA,38
2892381,frh02,train,temporary meadows,PTR,20
2892405,frh02,train,permanent meadows,PPH,38
2892418,frh02,train,barley,ORH,38
2892419,frh02,train,barley,ORH,38
2892468,frh02,train,rapeseed,CZH,49
2892481,frh02,train,permanent meadows,PPH,38
2892601,frh02,train,temporary meadows,RGA,38
2892701,frh02,train,permanent meadows,PRL,38
2892757,frh02,train,wheat,BTH,38
2892769,frh02,train,permanent meadows,PRL,38
2892772,frh02,train,permanent meadows,PRL,38
2892780,frh02,train,barley,ORP,38
2892787,frh02,train,corn,MIE,38
2892814,frh02,train,wheat,BTH,38
2892935,frh02,train,permanent meadows,PRL,49
2892941,frh02,train,barley,ORH,38
2893013,frh02,train,rapeseed,CZH,49
2893104,frh02,train,corn,MIE,49
2893156,frh02,train,permanent meadows,PRL,40
2893219,frh02,train,orchards,VRG,38
2893227,frh02,train,barley,ORH,20
2893233,frh02,train,permanent meadows,PRL,20
2893234,frh02,train,permanent meadows,PPH,20
2893298,frh02,train,orchards,VRG,38
2893385,frh02,train,permanent meadows,PRL,38
2893459,frh02,train,temporary meadows,RGA,38
2893473,frh02,train,permanent meadows,PPH,38
2893502,frh02,train,wheat,BTH,20
2893517,frh02,train,barley,ORH,20
2893562,frh02,train,permanent meadows,PPH,38
2893627,frh02,train,wheat,BTH,38
2893647,frh02,train,barley,ORH,38
2893653,frh02,train,permanent meadows,PRL,20
2893698,frh02,train,wheat,BTH,38
2893720,frh02,train,permanent meadows,PPH,38
2893736,frh02,train,wheat,BTH,38
2893738,frh02,train,wheat,BTH,38
2893749,frh02,train,temporary meadows,PTR,38
2893792,frh02,train,wheat,BTH,38
2893795,frh02,train,wheat,BTH,38
2893915,frh02,train,temporary meadows,PTR,38
2893949,frh02,train,permanent meadows,PPH,38
2894013,frh02,train,rapeseed,CZH,38
2894042,frh02,train,permanent meadows,PPH,38
2894046,frh02,train,wheat,BTH,38
2894138,frh02,train,permanent meadows,PRL,38
2894158,frh02,train,permanent meadows,PPH,38
2894171,frh02,train,wheat,BTH,38
2894184,frh02,train,temporary meadows,RGA,58
2894281,frh02,train,temporary meadows,RGA,26
2894300,frh02,train,permanent meadows,PPH,38
2894397,frh02,train,corn,MIE,38
2894426,frh02,train,temporary meadows,PTR,38
2894427,frh02,train,corn,MIS,38
2894454,frh02,train,corn,MIE,25
2894471,frh02,train,wheat,BTH,20
2894602,frh02,train,corn,MIS,58
2894615,frh02,train,barley,ORH,58
2894619,frh02,train,corn,MIE,25
2894689,frh02,train,wheat,BTH,58
2894743,frh02,train,corn,MIE,20
2894759,frh02,train,permanent meadows,PPH,38
2894799,frh02,train,rapeseed,CZH,38
2894828,frh02,train,barley,ORH,38
2894831,frh02,train,barley,ORH,38
2894855,frh02,train,temporary meadows,PTR,38
2894921,frh02,train,corn,MIE,38
2894937,frh02,train,rapeseed,CZH,38
2894995,frh02,train,corn,MIE,38
2895065,frh02,train,barley,ORP,49
2895114,frh02,train,permanent meadows,PRL,38
2895300,frh02,train,temporary meadows,PTR,20
2895349,frh02,train,corn,MIE,38
2895452,frh02,train,permanent meadows,PPH,38
2895507,frh02,train,corn,MIE,20
2895514,frh02,train,corn,MIE,20
2895522,frh02,train,barley,ORH,25
2895526,frh02,train,permanent meadows,PRL,25
2895537,frh02,train,wheat,BTH,38
2895570,frh02,train,temporary meadows,RGA,20
2895571,frh02,train,barley,ORH,20
2895625,frh02,train,wheat,BTH,38
2895678,frh02,train,temporary meadows,PTR,38
2895838,frh02,train,barley,ORH,20
2895872,frh02,train,permanent meadows,PPH,38
2895874,frh02,train,corn,MIE,38
2895904,frh02,train,rapeseed,CZH,38
2895934,frh02,train,barley,ORH,38
2896017,frh02,train,barley,ORH,38
2896050,frh02,train,corn,MIE,38
2896058,frh02,train,corn,MIE,38
2896103,frh02,train,permanent meadows,PPH,20
2896118,frh02,train,temporary meadows,PTR,38
2896125,frh02,train,temporary meadows,PTR,38
2896139,frh02,train,temporary meadows,RGA,38
2896164,frh02,train,rapeseed,CZH,38
2896166,frh02,train,rapeseed,CZH,38
2896193,frh02,train,rapeseed,CZH,20
2896205,frh02,train,corn,MIS,38
2896233,frh02,train,orchards,VRG,49
2896255,frh02,train,wheat,BTH,20
2896358,frh02,train,barley,ORH,38
2896444,frh02,train,corn,MIE,38
2896445,frh02,train,temporary meadows,PTR,38
2896483,frh02,train,temporary meadows,RGA,20
2896495,frh02,train,barley,ORH,20
2896524,frh02,train,corn,MIE,38
2896555,frh02,train,temporary meadows,RGA,20
2896604,frh02,train,barley,ORH,38
2896618,frh02,train,corn,MIE,38
2896633,frh02,train,temporary meadows,PTR,20
2896672,frh02,train,wheat,BTH,38
2896673,frh02,train,rapeseed,CZH,38
2896695,frh02,train,permanent meadows,PRL,38
2896748,frh02,train,wheat,BTH,20
2896764,frh02,train,barley,ORH,20
2896770,frh02,train,corn,MIS,20
2896775,frh02,train,barley,ORH,20
2896785,frh02,train,wheat,BTH,38
2896843,frh02,train,corn,MIE,20
2896868,frh02,train,orchards,VRG,38
2896869,frh02,train,orchards,VRG,38
2896871,frh02,train,orchards,VRG,38
2896872,frh02,train,orchards,VRG,38
2896874,frh02,train,barley,ORH,38
2896900,frh02,train,rapeseed,CZH,38
2896905,frh02,train,corn,MIS,38
2896906,frh02,train,rapeseed,CZH,38
2896924,frh02,train,permanent meadows,PPH,38
2896993,frh02,train,corn,MIS,38
2896997,frh02,train,corn,MIS,38
2897041,frh02,train,wheat,BTH,38
2897071,frh02,train,rapeseed,CZH,38
2897108,frh02,train,barley,ORH,38
2897120,frh02,train,corn,MIE,38
2897132,frh02,train,rapeseed,CZH,38
2897138,frh02,train,permanent meadows,PRL,38
2897143,frh02,train,corn,MIS,38
2897152,frh02,train,rapeseed,CZH,38
2897199,frh02,train,barley,ORP,38
2897215,frh02,train,permanent meadows,PRL,38
2897349,frh02,train,rapeseed,CZH,38
2897372,frh02,train,corn,MIE,20
2897381,frh02,train,temporary meadows,RGA,38
2897418,frh02,train,barley,ORP,38
2897421,frh02,train,wheat,BTH,38
2897433,frh02,train,temporary meadows,PTR,38
2897450,frh02,train,barley,ORH,38
2897466,frh02,train,temporary meadows,RGA,38
2897490,frh02,train,corn,MIS,38
2897513,frh02,train,orchards,VRG,38
2897550,frh02,train,barley,ORH,38
2897574,frh02,train,rapeseed,CZH,38
2897609,frh02,train,temporary meadows,PTR,38
2897657,frh02,train,rapeseed,CZH,49
2897708,frh02,train,temporary meadows,PTR,32
2897725,frh02,train,temporary meadows,PTR,38
2897760,frh02,train,rapeseed,CZH,38
2897801,frh02,train,barley,ORH,20
2897826,frh02,train,wheat,BTH,38
2897888,frh02,train,wheat,BTH,60
2897952,frh02,train,corn,MIE,38
2897985,frh02,train,permanent meadows,PPH,60
2898000,frh02,train,temporary meadows,PTR,38
2898001,frh02,train,barley,ORH,38
2898036,frh02,train,corn,MIS,25
2898066,frh02,train,wheat,BTH,20
2898113,frh02,train,permanent meadows,PPH,25
2898119,frh02,train,rapeseed,CZH,25
2898126,frh02,train,permanent meadows,PPH,20
2898132,frh02,train,barley,ORH,20
2898139,frh02,train,corn,MIS,20
2898145,frh02,train,rapeseed,CZH,20
2898182,frh02,train,wheat,BTH,38
2898230,frh02,train,orchards,VRG,20
2898254,frh02,train,temporary meadows,PTR,38
2898261,frh02,train,permanent meadows,PRL,38
2898284,frh02,train,wheat,BTH,38
2898302,frh02,train,barley,ORH,38
2898425,frh02,train,rapeseed,CZH,38
2898448,frh02,train,temporary meadows,RGA,38
2898602,frh02,train,wheat,BTH,49
2898612,frh02,train,barley,ORH,38
2898704,frh02,train,corn,MIE,38
2898733,frh02,train,permanent meadows,PRL,38
2898743,frh02,train,temporary meadows,RGA,38
2898750,frh02,train,temporary meadows,RGA,38
2898822,frh02,train,corn,MIE,38
2898916,frh02,train,wheat,BTH,38
2898936,frh02,train,corn,MIS,20
2898961,frh02,train,temporary meadows,PTR,20
2898984,frh02,train,temporary meadows,PTR,38
2898991,frh02,train,temporary meadows,PTR,38
2899060,frh02,train,permanent meadows,PPH,38
2899073,frh02,train,wheat,BTH,25
2899084,frh02,train,barley,ORH,30
2899102,frh02,train,barley,ORP,38
2899134,frh02,train,wheat,BTH,58
2899146,frh02,train,permanent meadows,PRL,38
2899154,frh02,train,barley,ORH,38
2899184,frh02,train,corn,MIS,20
2899198,frh02,train,temporary meadows,RGA,20
2899214,frh02,train,rapeseed,CZH,58
2899237,frh02,train,temporary meadows,RGA,38
2899243,frh02,train,permanent meadows,PPH,38
2899275,frh02,train,wheat,BTH,49
2899374,frh02,train,temporary meadows,PTR,20
2899384,frh02,train,temporary meadows,RGA,20
2899387,frh02,train,barley,ORH,20
2899426,frh02,train,temporary meadows,PTR,20
2899454,frh02,train,permanent meadows,PRL,20
2899472,frh02,train,barley,ORH,20
2899500,frh02,train,temporary meadows,PTR,20
2899542,frh02,train,wheat,BTH,20
2899585,frh02,train,orchards,PFR,38
2899625,frh02,train,temporary meadows,PTR,25
2899659,frh02,train,orchards,VRG,38
2899660,frh02,train,orchards,VRG,38
2899661,frh02,train,orchards,VRG,38
2899662,frh02,train,orchards,VRG,38
2899737,frh02,train,permanent meadows,PPH,38
2899772,frh02,train,rapeseed,CZH,38
2899813,frh02,train,barley,ORH,60
2899873,frh02,train,rapeseed,CZP,38
2899929,frh02,train,orchards,VRG,38
2899931,frh02,train,permanent meadows,PPH,38
2900073,frh02,train,temporary meadows,PTR,38
2900081,frh02,train,wheat,BTH,49
2900108,frh02,train,orchards,VRG,38
2900132,frh02,train,wheat,BTH,41
2900135,frh02,train,wheat,BTH,49
2900148,frh02,train,rapeseed,CZH,38
2900162,frh02,train,wheat,BTH,38
2900180,frh02,train,permanent meadows,PPH,20
2900190,frh02,train,temporary meadows,RGA,20
2900192,frh02,train,barley,ORH,20
2900231,frh02,train,temporary meadows,PTR,20
2900289,frh02,train,corn,MIE,49
2900324,frh02,train,permanent meadows,PPH,20
2900337,frh02,train,barley,ORH,38
2900449,frh02,train,corn,MIS,38
2900458,frh02,train,permanent meadows,PPH,38
2900475,frh02,train,temporary meadows,RGA,38
2900507,frh02,train,corn,MIE,38
2900576,frh02,train,permanent meadows,PRL,38
2900585,frh02,train,wheat,BTH,38
2900625,frh02,train,temporary meadows,PTR,41
2900645,frh02,train,wheat,BTH,20
2900677,frh02,train,corn,MIS,38
2900752,frh02,train,permanent meadows,PRL,25
2900759,frh02,train,permanent meadows,PPH,20
2900814,frh02,train,permanent meadows,PRL,38
2900829,frh02,train,permanent meadows,PRL,38
2900916,frh02,train,corn,MIE,38
2900921,frh02,train,permanent meadows,PRL,38
2900928,frh02,train,corn,MIE,20
2900929,frh02,train,temporary meadows,PTR,20
2900943,frh02,train,permanent meadows,PRL,20
2900981,frh02,train,permanent meadows,PRL,38
2900983,frh02,train,permanent meadows,PPH,38
2900996,frh02,train,permanent meadows,PRL,38
2901056,frh02,train,permanent meadows,PRL,20
2901080,frh02,train,rapeseed,CZH,38
2901082,frh02,train,wheat,BTH,38
2901084,frh02,train,wheat,BTH,38
2901134,frh02,train,permanent meadows,PPH,20
2901160,frh02,train,permanent meadows,PRL,38
2901182,frh02,train,corn,MIE,38
2901186,frh02,train,permanent meadows,PPH,38
2901222,frh02,train,permanent meadows,PPH,20
2901231,frh02,train,temporary meadows,RGA,38
2901237,frh02,train,rapeseed,CZH,38
2901245,frh02,train,wheat,BTH,38
2901254,frh02,train,rapeseed,CZH,38
2901269,frh02,train,wheat,BTH,20
2901271,frh02,train,wheat,BTH,38
2901325,frh02,train,permanent meadows,PPH,38
2901348,frh02,train,rapeseed,CZH,38
2901364,frh02,train,wheat,BTH,38
2901396,frh02,train,temporary meadows,PTR,20
2901440,frh02,train,wheat,BTH,49
2901444,frh02,train,corn,MIE,49
2901467,frh02,train,barley,ORH,38
2901508,frh02,train,temporary meadows,PTR,38
2901516,frh02,train,permanent meadows,PPH,49
2901536,frh02,train,corn,MIE,38
2901581,frh02,train,rapeseed,CZH,38
2901594,frh02,train,barley,ORH,38
2901673,frh02,train,wheat,BTH,38
2901686,frh02,train,wheat,BTH,38
2901688,frh02,train,wheat,BTH,38
2901700,frh02,train,barley,ORH,38
2901701,frh02,train,temporary meadows,PTR,38
2901777,frh02,train,temporary meadows,PTR,38
2901812,frh02,train,temporary meadows,PTR,38
2901843,frh02,train,wheat,BTH,27
2901863,frh02,train,rapeseed,CZH,38
2901865,frh02,train,rapeseed,CZH,38
2901936,frh02,train,permanent meadows,PRL,38
2901944,frh02,train,permanent meadows,PRL,38
2902005,frh02,train,corn,MIE,38
2902029,frh02,train,permanent meadows,PRL,38
2902039,frh02,train,barley,ORH,20
2902059,frh02,train,rapeseed,CZH,20
2902071,frh02,train,corn,MIS,20
2902080,frh02,train,barley,ORH,25
2902111,frh02,train,temporary meadows,RGA,38
2902132,frh02,train,rapeseed,CZH,20
2902281,frh02,train,barley,ORH,38
2902301,frh02,train,corn,MIE,38
2902311,frh02,train,corn,MIE,38
2902349,frh02,train,barley,ORH,20
2902433,frh02,train,permanent meadows,PRL,38
2902445,frh02,train,rapeseed,CZH,38
2902483,frh02,train,barley,ORP,38
2902485,frh02,train,wheat,BTH,38
2902502,frh02,train,barley,ORH,58
2902505,frh02,train,orchards,VRG,58
2902533,frh02,train,wheat,BTH,20
2902559,frh02,train,permanent meadows,PRL,20
2902626,frh02,train,wheat,BTH,20
2902697,frh02,train,permanent meadows,PPH,58
2902708,frh02,train,wheat,BTH,20
2902723,frh02,train,corn,MIS,20
2902736,frh02,train,temporary meadows,RGA,20
2902749,frh02,train,permanent meadows,PRL,20
2902790,frh02,train,wheat,BTH,49
2902845,frh02,train,corn,MIE,20
2902858,frh02,train,corn,MIE,20
2902893,frh02,train,rapeseed,CZH,38
2902913,frh02,train,temporary meadows,RGA,20
2902962,frh02,train,corn,MIE,45
2903032,frh02,train,wheat,BTH,38
2903039,frh02,train,wheat,BTH,32
2903060,frh02,train,temporary meadows,RGA,38
2903061,frh02,train,permanent meadows,PPH,38
2903108,frh02,train,corn,MIS,38
2903127,frh02,train,permanent meadows,PPH,20
2903138,frh02,train,corn,MIS,20
2903149,frh02,train,corn,MIE,38
2903182,frh02,train,rapeseed,CZH,25
2903274,frh02,train,barley,ORH,29
2903306,frh02,train,corn,MIE,20
2903307,frh02,train,temporary meadows,RGA,20
2903317,frh02,train,temporary meadows,RGA,38
2903324,frh02,train,permanent meadows,PPH,38
2903335,frh02,train,temporary meadows,RGA,20
2903386,frh02,train,temporary meadows,PTR,38
2903411,frh02,train,permanent meadows,PPH,38
2903458,frh02,train,corn,MIE,38
2903482,frh02,train,rapeseed,CZH,38
2903513,frh02,train,permanent meadows,PPH,20
2903620,frh02,train,permanent meadows,PPH,38
2903631,frh02,train,corn,MIE,38
2903651,frh02,train,corn,MIS,38
2903725,frh02,train,corn,MIE,20
2903742,frh02,train,corn,MIS,38
2903753,frh02,train,wheat,BTH,20
2903781,frh02,train,wheat,BTH,38
2903798,frh02,train,corn,MIE,38
2903821,frh02,train,barley,ORH,38
2903921,frh02,train,wheat,BTH,38
2903941,frh02,train,temporary meadows,PTR,20
2903964,frh02,train,barley,ORH,38
2903969,frh02,train,rapeseed,CZH,20
2903976,frh02,train,rapeseed,CZH,20
2903979,frh02,train,wheat,BTH,20
2903980,frh02,train,barley,ORH,20
2904124,frh02,train,wheat,BTH,38
2904138,frh02,train,permanent meadows,PPH,25
2904211,frh02,train,permanent meadows,PPH,38
2904277,frh02,train,wheat,BTH,38
2904420,frh02,train,corn,MIE,38
2904485,frh02,train,rapeseed,CZH,38
2904488,frh02,train,corn,MIS,38
2904489,frh02,train,rapeseed,CZH,38
2904537,frh02,train,permanent meadows,PRL,38
2904572,frh02,train,barley,ORH,38
2904615,frh02,train,permanent meadows,PPH,49
2904685,frh02,train,rapeseed,CZH,58
2904713,frh02,train,temporary meadows,PTR,38
2904854,frh02,train,permanent meadows,PPH,38
2904940,frh02,train,orchards,VRG,20
2904968,frh02,train,corn,MIS,38
2904973,frh02,train,corn,MIS,38
2905005,frh02,train,permanent meadows,PPH,20
2905108,frh02,train,permanent meadows,PRL,20
2905134,frh02,train,barley,ORP,20
2905188,frh02,train,barley,ORH,38
2905206,frh02,train,corn,MIE,20
2905216,frh02,train,permanent meadows,PRL,20
2905249,frh02,train,barley,ORH,21
2905251,frh02,train,wheat,BTH,49
2905257,frh02,train,permanent meadows,PPH,49
2905322,frh02,train,permanent meadows,PPH,20
2905342,frh02,train,corn,MIE,38
2905408,frh02,train,barley,ORH,20
2905447,frh02,train,temporary meadows,RGA,20
2905508,frh02,train,temporary meadows,PTR,38
2905557,frh02,train,permanent meadows,PPH,49
2905616,frh02,train,wheat,BTH,49
2905632,frh02,train,corn,MIE,25
2905670,frh02,train,wheat,BTH,20
2905702,frh02,train,permanent meadows,PRL,38
2905744,frh02,train,barley,ORH,32
2905780,frh02,train,barley,ORH,20
2905860,frh02,train,barley,ORH,20
2905871,frh02,train,permanent meadows,PPH,38
2905908,frh02,train,corn,MIE,38
2905914,frh02,train,permanent meadows,PRL,38
2905954,frh02,train,permanent meadows,PRL,38
2905957,frh02,train,corn,MIE,38
2905976,frh02,train,barley,ORH,58
2905978,frh02,train,barley,ORH,58
2906009,frh02,train,permanent meadows,PRL,38
2906034,frh02,train,barley,ORH,20
2906039,frh02,train,permanent meadows,PPH,20
2906080,frh02,train,wheat,BTH,38
2906171,frh02,train,rapeseed,CZH,38
2906273,frh02,train,wheat,BTH,20
2906276,frh02,train,barley,ORH,20
2906281,frh02,train,temporary meadows,PTR,20
2906303,frh02,train,wheat,BTH,20
2906388,frh02,train,temporary meadows,PTR,20
2906389,frh02,train,barley,ORH,20
2906395,frh02,train,temporary meadows,PTR,20
2906410,frh02,train,barley,ORH,41
2906458,frh02,train,corn,MIE,20
2906481,frh02,train,corn,MIS,20
2906517,frh02,train,permanent meadows,PPH,20
2906523,frh02,train,temporary meadows,PTR,38
2906530,frh02,train,temporary meadows,PTR,38
2906538,frh02,train,corn,MIE,38
2906553,frh02,train,rapeseed,CZH,38
2906581,frh02,train,wheat,BTH,40
2906599,frh02,train,corn,MIE,20
2906631,frh02,train,permanent meadows,PRL,38
2906637,frh02,train,permanent meadows,PRL,38
2906653,frh02,train,temporary meadows,RGA,60
2906686,frh02,train,temporary meadows,RGA,20
2906714,frh02,train,barley,ORH,38
2906720,frh02,train,barley,ORH,38
2906798,frh02,train,barley,ORH,38
2906839,frh02,train,temporary meadows,RGA,60
2906873,frh02,train,barley,ORH,38
2906887,frh02,train,corn,MIS,38
2906911,frh02,train,corn,MIE,60
2906916,frh02,train,permanent meadows,PRL,38
2907005,frh02,train,corn,MIS,25
2907032,frh02,train,permanent meadows,PRL,38
2907046,frh02,train,rapeseed,CZH,20
2907070,frh02,train,corn,MIE,20
2907145,frh02,train,rapeseed,CZH,25
2907160,frh02,train,barley,ORH,20
2907186,frh02,train,temporary meadows,RGA,25
2907220,frh02,train,rapeseed,CZH,25
2907237,frh02,train,corn,MIS,32
2907314,frh02,train,permanent meadows,PRL,38
2907341,frh02,train,barley,ORH,25
2907482,frh02,train,corn,MIE,38
2907511,frh02,train,corn,MIE,47
2907519,frh02,train,barley,ORH,20
2907633,frh02,train,permanent meadows,PRL,38
2907655,frh02,train,permanent meadows,PRL,38
2907695,frh02,train,wheat,BTH,38
2907775,frh02,train,wheat,BTH,38
2907789,frh02,train,temporary meadows,PTR,38
2907838,frh02,train,rapeseed,CZH,49
2907861,frh02,train,corn,MIE,20
2907866,frh02,train,temporary meadows,PTR,38
2907877,frh02,train,permanent meadows,PPH,38
2907897,frh02,train,permanent meadows,PPH,38
2907904,frh02,train,permanent meadows,PPH,38
2907981,frh02,train,temporary meadows,RGA,38
2908090,frh02,train,corn,MIE,38
2908159,frh02,train,barley,ORH,38
2908167,frh02,train,rapeseed,CZH,38
2908172,frh02,train,barley,ORH,38
2908181,frh02,train,permanent meadows,PPH,38
2908229,frh02,train,permanent meadows,PRL,20
2908251,frh02,train,temporary meadows,PTR,38
2908275,frh02,train,barley,ORH,38
2908376,frh02,train,temporary meadows,RGA,38
2908443,frh02,train,barley,ORH,60
2908459,frh02,train,rapeseed,CZH,38
2908483,frh02,train,wheat,BTH,20
2908545,frh02,train,permanent meadows,PRL,49
2908563,frh02,train,permanent meadows,PRL,38
2908596,frh02,train,barley,ORH,38
2908610,frh02,train,permanent meadows,PRL,38
2908631,frh02,train,permanent meadows,PRL,49
2908646,frh02,train,temporary meadows,RGA,38
2908652,frh02,train,wheat,BTH,38
2908814,frh02,train,permanent meadows,PPH,20
2908819,frh02,train,barley,ORH,20
2908832,frh02,train,corn,MIE,20
2908838,frh02,train,wheat,BTH,38
2908973,frh02,train,temporary meadows,RGA,38
2909030,frh02,train,permanent meadows,PRL,38
2909049,frh02,train,permanent meadows,PPH,38
2909077,frh02,train,barley,ORP,38
2909080,frh02,train,permanent meadows,PPH,38
2909111,frh02,train,rapeseed,CZH,38
2909114,frh02,train,rapeseed,CZH,38
2909119,frh02,train,wheat,BTH,38
2909152,frh02,train,permanent meadows,PPH,38
2909207,frh02,train,corn,MIE,38
2909223,frh02,train,permanent meadows,PRL,38
2909303,frh02,train,temporary meadows,PTR,38
2909367,frh02,train,permanent meadows,PRL,38
2909406,frh02,train,barley,ORH,38
2909415,frh02,train,corn,MIE,20
2909436,frh02,train,wheat,BTH,38
2909463,frh02,train,permanent meadows,PPH,38
2909490,frh02,train,permanent meadows,PPH,38
2909518,frh02,train,wheat,BTH,20
2909538,frh02,train,permanent meadows,PRL,20
2909553,frh02,train,barley,ORH,20
2909645,frh02,train,wheat,BTH,20
2909678,frh02,train,barley,ORH,38
2909714,frh02,train,permanent meadows,PRL,38
2909730,frh02,train,barley,ORH,20
2909732,frh02,train,wheat,BTH,20
2909807,frh02,train,barley,ORH,20
2909809,frh02,train,barley,ORH,20
2909848,frh02,train,corn,MIE,38
2909879,frh02,train,corn,MIS,38
2909902,frh02,train,permanent meadows,PRL,38
2909985,frh02,train,rapeseed,CZH,38
2909992,frh02,train,barley,ORH,20
2909994,frh02,train,corn,MIS,20
2910119,frh02,train,barley,ORH,49
2910139,frh02,train,temporary meadows,PTR,38
2910336,frh02,train,barley,ORP,38
2910340,frh02,train,rapeseed,CZH,38
2910348,frh02,train,permanent meadows,PPH,38
2910398,frh02,train,temporary meadows,PTR,20
2910495,frh02,train,nuts,CAB,25
2910500,frh02,train,nuts,CAB,25
2910506,frh02,train,nuts,CAB,25
2910566,frh02,train,temporary meadows,PTR,20
2910591,frh02,train,barley,ORH,20
2910626,frh02,train,temporary meadows,PTR,38
2910637,frh02,train,temporary meadows,PTR,38
2910654,frh02,train,wheat,BTH,20
2910658,frh02,train,temporary meadows,PTR,20
2910668,frh02,train,corn,MIS,20
2910676,frh02,train,barley,ORH,20
2910687,frh02,train,temporary meadows,PTR,38
2910716,frh02,train,rapeseed,CZH,38
2910719,frh02,train,rapeseed,CZH,38
2910749,frh02,train,barley,ORH,38
2910837,frh02,train,barley,ORH,38
2910983,frh02,train,barley,ORH,20
2911050,frh02,train,temporary meadows,PTR,38
2911082,frh02,train,rapeseed,CZH,38
2911269,frh02,train,temporary meadows,PTR,20
2911283,frh02,train,wheat,BTH,38
2911304,frh02,train,barley,ORH,20
2911350,frh02,train,wheat,BTH,20
2911391,frh02,train,corn,MIE,20
2911392,frh02,train,barley,ORH,20
2911399,frh02,train,corn,MIE,24
2911438,frh02,train,barley,ORH,20
2911443,frh02,train,wheat,BTH,38
2911456,frh02,train,barley,ORH,20
2911485,frh02,train,corn,MIE,20
2911491,frh02,train,rapeseed,CZH,20
2911556,frh02,train,rapeseed,CZH,20
2911557,frh02,train,corn,MIS,20
2911560,frh02,train,wheat,BTH,20
2911577,frh02,train,barley,ORP,20
2911650,frh02,train,temporary meadows,PTR,20
2911659,frh02,train,barley,ORP,38
2911680,frh02,train,temporary meadows,PTR,38
2911695,frh02,train,temporary meadows,RGA,25
2911734,frh02,train,wheat,BTH,39
2911752,frh02,train,wheat,BTH,20
2911790,frh02,train,temporary meadows,PTR,38
2911791,frh02,train,temporary meadows,PTR,38
2911904,frh02,train,rapeseed,CZH,38
2912185,frh02,train,temporary meadows,PTR,38
2912304,frh02,train,wheat,BTH,38
2912318,frh02,train,wheat,BTH,38
2912354,frh02,train,corn,MIE,38
2912379,frh02,train,wheat,BTH,38
2912391,frh02,train,temporary meadows,RGA,38
2912393,frh02,train,wheat,BTH,38
2912442,frh02,train,rapeseed,CZH,38
2912444,frh02,train,rapeseed,CZH,38
2912508,frh02,train,wheat,BTH,38
2912524,frh02,train,permanent meadows,PPH,38
2912564,frh02,train,temporary meadows,RGA,38
2912596,frh02,train,wheat,BTH,38
2912717,frh02,train,corn,MIE,35
2912726,frh02,train,wheat,BTH,38
2912803,frh02,train,barley,ORH,20
2912863,frh02,train,wheat,BTH,20
2912899,frh02,train,wheat,BTH,38
2912911,frh02,train,rapeseed,CZH,49
2912929,frh02,train,wheat,BTH,20
2912976,frh02,train,wheat,BTH,38
2913002,frh02,train,permanent meadows,PPH,49
2913003,frh02,train,wheat,BTH,49
2913011,frh02,train,barley,ORH,20
2913062,frh02,train,corn,MIE,38
2913087,frh02,train,permanent meadows,PPH,20
2913183,frh02,train,wheat,BTH,48
2913198,frh02,train,permanent meadows,PPH,47
2913205,frh02,train,temporary meadows,PTR,47
2913230,frh02,train,temporary meadows,RGA,20
2913288,frh02,train,corn,MIE,38
2913296,frh02,train,barley,ORH,38
2913309,frh02,train,temporary meadows,PTR,38
2913339,frh02,train,permanent meadows,PPH,38
2913422,frh02,train,corn,MIE,38
2913425,frh02,train,temporary meadows,PTR,38
2913465,frh02,train,permanent meadows,PRL,49
2913505,frh02,train,temporary meadows,PTR,38
2913574,frh02,train,corn,MIE,38
2913684,frh02,train,rapeseed,CZH,38
2913736,frh02,train,permanent meadows,PPH,38
2913794,frh02,train,barley,ORH,58
2913881,frh02,train,temporary meadows,RGA,38
2913920,frh02,train,corn,MIE,20
2913926,frh02,train,rapeseed,CZH,38
2913942,frh02,train,rapeseed,CZH,38
2914007,frh01,train,temporary meadows,RGA,38
2914132,frh02,train,barley,ORH,49
2914184,frh02,train,wheat,BTH,38
2914274,frh02,train,barley,ORH,20
2914314,frh02,train,corn,MIS,41
2914460,frh02,train,corn,MIE,20
2914466,frh02,train,barley,ORH,38
2914504,frh02,train,corn,MIE,38
2914519,frh02,train,rapeseed,CZH,25
2914561,frh02,train,wheat,BTH,20
2914600,frh02,train,barley,ORH,60
2914623,frh02,train,corn,MIE,38
2914625,frh02,train,corn,MIE,38
2914633,frh02,train,corn,MIE,25
2914864,frh02,train,temporary meadows,RGA,38
2914896,frh02,train,orchards,VRG,38
2914897,frh02,train,corn,MIE,41
2914901,frh02,train,orchards,VRG,38
2914907,frh02,train,corn,MIS,38
2914928,frh02,train,permanent meadows,PRL,20
2914931,frh02,train,permanent meadows,PPH,20
2914981,frh02,train,permanent meadows,PPH,20
2914991,frh02,train,orchards,VRG,38
2914992,frh02,train,orchards,VRG,38
2914994,frh02,train,orchards,VRG,38
2915011,frh02,train,orchards,VRG,49
2915033,frh02,train,wheat,BTH,20
2915042,frh02,train,permanent meadows,PPH,49
2915063,frh02,train,wheat,BTH,38
2915077,frh02,train,corn,MIS,38
2915088,frh02,train,permanent meadows,PPH,49
2915123,frh02,train,wheat,BTH,58
2915141,frh02,train,rapeseed,CZH,38
2915144,frh02,train,wheat,BTH,38
2915219,frh02,train,corn,MIS,38
2915312,frh02,train,sunflower,TRN,38
2915350,frh02,train,barley,ORH,38
2915365,frh02,train,wheat,BTH,20
2915387,frh02,train,permanent meadows,PRL,38
2915403,frh02,train,barley,ORH,38
2915420,frh02,train,corn,MIE,25
2915431,frh02,train,corn,MIE,38
2915466,frh02,train,rapeseed,CZH,38
2915517,frh02,train,corn,MIE,38
2915526,frh02,train,wheat,BTH,38
2915537,frh02,train,wheat,BTH,49
2915572,frh02,train,rapeseed,CZH,38
2915622,frh02,train,rapeseed,CZH,20
2915634,frh02,train,permanent meadows,PPH,49
2915655,frh02,train,temporary meadows,PTR,25
2915675,frh02,train,permanent meadows,PPH,25
2915677,frh02,train,permanent meadows,PPH,25
2915734,frh02,train,wheat,BTH,49
2915738,frh02,train,temporary meadows,PTR,25
2915887,frh02,train,temporary meadows,PTR,20
2915981,frh02,train,temporary meadows,PTR,38
2916018,frh02,train,wheat,BTH,38
2916020,frh02,train,barley,ORH,38
2916027,frh02,train,corn,MIS,41
2916042,frh02,train,barley,ORH,41
2916071,frh02,train,permanent meadows,PRL,38
2916100,frh02,train,corn,MIS,38
2916108,frh02,train,rapeseed,CZH,38
2916142,frh02,train,barley,ORH,41
2916143,frh02,train,corn,MIE,41
2916154,frh02,train,wheat,BTH,38
2916248,frh02,train,corn,MIE,38
2916263,frh02,train,barley,ORH,38
2916287,frh02,train,permanent meadows,PRL,20
2916301,frh02,train,corn,MIE,20
2916364,frh02,train,wheat,BTH,38
2916458,frh02,train,temporary meadows,PTR,38
2916465,frh02,train,wheat,BTH,38
2916468,frh02,train,corn,MIE,38
2916477,frh02,train,wheat,BTH,38
2916547,frh02,train,temporary meadows,RGA,20
2916560,frh02,train,corn,MIE,20
2916572,frh02,train,corn,MIE,20
2916595,frh02,train,permanent meadows,PPH,38
2916626,frh02,train,permanent meadows,PPH,20
2916640,frh02,train,barley,ORH,20
2916673,frh02,train,barley,ORP,38
2916704,frh02,train,barley,ORH,38
2916823,frh02,train,permanent meadows,PPH,38
2916845,frh02,train,barley,ORH,49
2916847,frh02,train,barley,ORH,20
2916888,frh02,train,wheat,BTH,20
2916908,frh02,train,temporary meadows,RGA,20
2916911,frh02,train,rapeseed,CZH,38
2916940,frh02,train,temporary meadows,RGA,20
2916953,frh02,train,corn,MIE,38
2916973,frh02,train,permanent meadows,PRL,20
2916995,frh02,train,rapeseed,CZH,60
2917005,frh02,train,barley,ORH,38
2917063,frh02,train,permanent meadows,PRL,38
2917128,frh02,train,rapeseed,CZH,38
2917160,frh02,train,orchards,VRG,20
2917187,frh02,train,permanent meadows,PRL,20
2917188,frh02,train,rapeseed,CZH,38
2917209,frh02,train,temporary meadows,PTR,38
2917210,frh02,train,permanent meadows,PPH,38
2917238,frh02,train,temporary meadows,RGA,20
2917243,frh02,train,corn,MIE,20
2917291,frh02,train,temporary meadows,PTR,38
2917380,frh02,train,temporary meadows,PTR,38
2917418,frh02,train,rapeseed,CZP,38
2917460,frh02,train,permanent meadows,PRL,38
2917511,frh02,train,permanent meadows,PPH,60
2917555,frh02,train,rapeseed,CZH,41
2917620,frh02,train,corn,MIE,49
2917687,frh02,train,permanent meadows,PRL,38
2917692,frh02,train,corn,MIS,38
2917699,frh02,train,permanent meadows,PPH,38
2917757,frh02,train,corn,MIE,20
2917776,frh02,train,corn,MIS,38
2917828,frh02,train,wheat,BTH,38
2917840,frh02,train,rapeseed,CZH,58
2917856,frh02,train,wheat,BTH,38
2918006,frh02,train,permanent meadows,PRL,38
2918034,frh02,train,wheat,BTH,49
2918038,frh02,train,rapeseed,CZH,49
2918039,frh02,train,rapeseed,CZH,49
2918041,frh02,train,corn,MIS,49
2918109,frh02,train,wheat,BTH,58
2918191,frh02,train,corn,MIS,38
2918378,frh02,train,temporary meadows,PTR,38
2918390,frh02,train,orchards,VRG,58
2918391,frh02,train,orchards,VRG,38
2918479,frh02,train,wheat,BTH,41
2918546,frh02,train,barley,ORP,38
2918589,frh02,train,temporary meadows,PTR,38
2918593,frh02,train,permanent meadows,PPH,38
2918611,frh02,train,corn,MIS,38
2918659,frh02,train,barley,ORH,20
2918743,frh02,train,corn,MIE,20
2918757,frh02,train,corn,MIE,20
2918769,frh02,train,temporary meadows,RGA,38
2918846,frh02,train,temporary meadows,RGA,38
2918936,frh02,train,temporary meadows,PTR,49
2918957,frh02,train,barley,ORH,38
2918993,frh02,train,barley,ORH,60
2919013,frh02,train,permanent meadows,PPH,38
2919032,frh02,train,barley,ORH,49
2919108,frh02,train,orchards,VRG,49
2919140,frh02,train,temporary meadows,PTR,20
2919276,frh02,train,wheat,BTH,20
2919331,frh02,train,rapeseed,CZH,38
2919339,frh02,train,corn,MIE,38
2919349,frh02,train,barley,ORH,60
2919380,frh02,train,temporary meadows,PTR,38
2919381,frh02,train,permanent meadows,PRL,38
2919396,frh02,train,barley,ORH,38
2919403,frh02,train,barley,ORH,38
2919406,frh02,train,barley,ORH,38
2919407,frh02,train,barley,ORH,38
2919421,frh02,train,barley,ORP,38
2919582,frh02,train,permanent meadows,PPH,20
2919614,frh02,train,permanent meadows,PPH,38
2919624,frh02,train,barley,ORH,38
2919639,frh02,train,corn,MIE,20
2919695,frh02,train,barley,ORH,38
2919717,frh02,train,rapeseed,CZP,20
2919730,frh02,train,permanent meadows,PRL,20
2919748,frh02,train,orchards,VRG,58
2919749,frh02,train,orchards,VRG,58
2919751,frh02,train,permanent meadows,PRL,58
2919752,frh02,train,orchards,VRG,58
2919754,frh02,train,orchards,VRG,58
2919755,frh02,train,orchards,VRG,58
2919810,frh02,train,temporary meadows,PTR,20
2919815,frh02,train,corn,MIE,20
2919837,frh02,train,temporary meadows,RGA,38
2919922,frh02,train,orchards,VRG,58
2920002,frh02,train,wheat,BTH,38
2920112,frh02,train,permanent meadows,PRL,38
2920130,frh02,train,corn,MIS,38
2920137,frh02,train,permanent meadows,PRL,38
2920160,frh02,train,barley,ORH,20
2920178,frh02,train,corn,MIE,38
2920218,frh02,train,corn,MIS,38
2920243,frh02,train,corn,MIS,20
2920307,frh02,train,wheat,BTH,49
2920317,frh02,train,corn,MIE,49
2920342,frh02,train,permanent meadows,PPH,38
2920461,frh02,train,barley,ORH,20
2920490,frh02,train,temporary meadows,PTR,38
2920518,frh02,train,wheat,BTH,20
2920526,frh02,train,orchards,VRG,38
2920578,frh02,train,temporary meadows,PTR,38
2920599,frh02,train,orchards,VRG,38
2920679,frh02,train,corn,MIS,25
2920685,frh02,train,rapeseed,CZH,25
2920700,frh02,train,corn,MIS,20
2920782,frh02,train,corn,MIS,20
2920783,frh02,train,corn,MIS,20
2920824,frh02,train,wheat,BTH,38
2920833,frh02,train,permanent meadows,PPH,49
2920837,frh02,train,temporary meadows,PTR,49
2920851,frh02,train,permanent meadows,PRL,49
2920960,frh02,train,wheat,BTH,38
2920967,frh02,train,temporary meadows,PTR,49
2920993,frh02,train,barley,ORH,60
2921063,frh02,train,wheat,BTH,49
2921075,frh02,train,barley,ORH,38
2921090,frh02,train,barley,ORH,38
2921118,frh02,train,temporary meadows,RGA,38
2921156,frh02,train,corn,MIE,38
2921273,frh02,train,permanent meadows,PRL,38
2921360,frh02,train,barley,ORH,38
2921362,frh02,train,corn,MIE,38
2921391,frh02,train,temporary meadows,PTR,20
2921411,frh02,train,permanent meadows,PPH,20
2921514,frh02,train,corn,MIE,38
2921525,frh02,train,corn,MIE,38
2921548,frh02,train,temporary meadows,RGA,38
2921572,frh02,train,barley,ORH,38
2921588,frh02,train,permanent meadows,PPH,16
2921698,frh02,train,permanent meadows,PRL,49
2921729,frh02,train,corn,MIE,38
2921949,frh02,train,corn,MIE,38
2921985,frh02,train,barley,ORH,60
2922033,frh02,train,rapeseed,CZH,38
2922045,frh02,train,corn,MIE,38
2922107,frh02,train,barley,ORH,20
2922160,frh02,train,rapeseed,CZH,38
2922235,frh02,train,wheat,BTH,38
2922282,frh02,train,corn,MIS,38
2922330,frh02,train,wheat,BTH,38
2922339,frh02,train,temporary meadows,RGA,38
2922350,frh02,train,rapeseed,CZH,58
2922404,frh02,train,rapeseed,CZH,38
2922606,frh02,train,corn,MIE,38
2922623,frh02,train,temporary meadows,PTR,38
2922654,frh02,train,orchards,VRG,38
2922656,frh02,train,orchards,VRG,38
2922657,frh02,train,orchards,VRG,38
2922658,frh02,train,orchards,VRG,38
2922659,frh02,train,orchards,VRG,38
2922661,frh02,train,orchards,VRG,38
2922663,frh02,train,orchards,VRG,38
2922664,frh02,train,orchards,VRG,38
2922668,frh02,train,orchards,VRG,38
2922669,frh02,train,orchards,VRG,38
2922671,frh02,train,orchards,VRG,38
2922672,frh02,train,orchards,VRG,38
2922673,frh02,train,orchards,VRG,38
2922674,frh02,train,orchards,VRG,38
2922675,frh02,train,orchards,VRG,38
2922686,frh02,train,corn,MIE,41
2922731,frh02,train,corn,MIS,38
2922746,frh02,train,orchards,VRG,38
2922747,frh02,train,orchards,VRG,38
2922748,frh02,train,orchards,VRG,38
2922750,frh02,train,orchards,VRG,38
2922751,frh02,train,orchards,VRG,38
2922802,frh02,train,temporary meadows,PTR,38
2922848,frh02,train,corn,MIE,38
2922880,frh02,train,rapeseed,CZH,38
2922881,frh02,train,rapeseed,CZH,38
2922887,frh02,train,rapeseed,CZH,38
2922906,frh02,train,temporary meadows,RGA,49
2922944,frh02,train,temporary meadows,PTR,38
2922988,frh02,train,corn,MIE,49
2923022,frh02,train,permanent meadows,PPH,49
2923026,frh02,train,temporary meadows,PTR,49
2923070,frh02,train,wheat,BTH,38
2923091,frh02,train,wheat,BTH,25
2923098,frh02,train,rapeseed,CZH,49
2923107,frh02,train,permanent meadows,PPH,38
2923112,frh02,train,permanent meadows,PPH,38
2923187,frh02,train,permanent meadows,PRL,20
2923227,frh02,train,permanent meadows,PPH,38
2923325,frh02,train,barley,ORP,38
2923336,frh02,train,permanent meadows,PPH,38
2923382,frh02,train,barley,ORH,20
2923389,frh02,train,permanent meadows,PRL,20
2923434,frh02,train,corn,MIS,58
2923531,frh02,train,corn,MIS,58
2923540,frh02,train,temporary meadows,PTR,49
2923645,frh02,train,temporary meadows,PTR,49
2923720,frh02,train,temporary meadows,PTR,49
2923730,frh02,train,wheat,BTH,49
2923767,frh02,train,rapeseed,CZH,38
2923792,frh02,train,corn,MIE,38
2923801,frh02,train,wheat,BTH,38
2923810,frh02,train,temporary meadows,PTR,49
2923829,frh02,train,wheat,BTH,38
2923848,frh02,train,permanent meadows,PPH,49
2923862,frh02,train,temporary meadows,PTR,38
2923965,frh02,train,rapeseed,CZH,38
2923995,frh02,train,barley,ORH,38
2924043,frh02,train,permanent meadows,PRL,38
2924071,frh02,train,wheat,BTH,20
2924084,frh02,train,permanent meadows,PPH,38
2924103,frh02,train,temporary meadows,PTR,49
2924124,frh02,train,temporary meadows,PTR,38
2924158,frh02,train,corn,MIE,20
2924177,frh02,train,corn,MIE,38
2924182,frh02,train,temporary meadows,PTR,38
2924198,frh02,train,rapeseed,CZH,20
2924214,frh02,train,wheat,BTH,38
2924237,frh02,train,wheat,BTH,20
2924251,frh02,train,barley,ORH,20
2924274,frh02,train,permanent meadows,PRL,38
2924428,frh02,train,permanent meadows,PRL,38
2924557,frh02,train,permanent meadows,PPH,38
2924609,frh02,train,temporary meadows,RGA,38
2924701,frh02,train,temporary meadows,PTR,38
2924718,frh02,train,barley,ORH,38
2924736,frh02,train,corn,MIS,49
2924743,frh02,train,rapeseed,CZH,20
2924788,frh02,train,barley,ORP,38
2924793,frh02,train,wheat,BTH,38
2924828,frh02,train,wheat,BTH,20
2924867,frh02,train,permanent meadows,PRL,38
2924870,frh02,train,rapeseed,CZH,38
2924871,frh02,train,barley,ORH,38
2924872,frh02,train,rapeseed,CZH,38
2924891,frh02,train,wheat,BTH,38
2924946,frh02,train,barley,ORH,38
2924992,frh02,train,corn,MIS,38
2925057,frh02,train,wheat,BTH,41
2925059,frh02,train,temporary meadows,RGA,38
2925062,frh02,train,rapeseed,CZH,38
2925147,frh02,train,corn,MIS,38
2925279,frh02,train,rapeseed,CZH,38
2925297,frh02,train,temporary meadows,PTR,38
2925322,frh02,train,orchards,VRG,38
2925328,frh02,train,orchards,VRG,38
2925329,frh02,train,orchards,VRG,38
2925330,frh02,train,permanent meadows,PPH,38
2925334,frh02,train,corn,MIS,49
2925372,frh02,train,permanent meadows,PPH,49
2925384,frh02,train,corn,MIE,38
2925397,frh02,train,barley,ORH,38
2925398,frh02,train,rapeseed,CZH,38
2925405,frh02,train,permanent meadows,PPH,38
2925450,frh02,train,rapeseed,CZH,49
2925452,frh02,train,rapeseed,CZH,49
2925464,frh02,train,permanent meadows,PPH,38
2925491,frh02,train,corn,MIE,38
2925511,frh02,train,barley,ORH,49
2925529,frh02,train,barley,ORH,49
2925543,frh02,train,rapeseed,CZH,38
2925584,frh02,train,rapeseed,CZP,38
2925603,frh02,train,corn,MIE,49
2925632,frh02,train,barley,ORH,25
2925644,frh02,train,permanent meadows,PRL,38
2925681,frh02,train,barley,ORH,38
2925748,frh02,train,wheat,BTH,38
2925752,frh02,train,barley,ORH,38
2925801,frh02,train,temporary meadows,PTR,48
2925813,frh02,train,rapeseed,CZH,38
2925921,frh02,train,temporary meadows,PTR,38
2925937,frh02,train,barley,ORH,38
2925947,frh02,train,rapeseed,CZH,38
2926018,frh02,train,permanent meadows,PPH,38
2926046,frh02,train,corn,MIE,38
2926055,frh02,train,corn,MIE,38
2926056,frh02,train,rapeseed,CZH,38
2926077,frh02,train,orchards,VRG,38
2926119,frh02,train,rapeseed,CZP,20
2926120,frh02,train,rapeseed,CZP,20
2926124,frh02,train,corn,MIS,20
2926137,frh02,train,wheat,BTH,20
2926185,frh02,train,rapeseed,CZP,20
2926213,frh02,train,barley,ORH,31
2926403,frh02,train,orchards,VRG,29
2926405,frh02,train,orchards,VRG,25
2926407,frh02,train,orchards,VRG,25
2926409,frh02,train,orchards,VRG,25
2926410,frh02,train,orchards,VRG,25
2926413,frh02,train,orchards,VRG,30
2926429,frh02,train,barley,ORH,20
2926484,frh02,train,orchards,VRG,25
2926486,frh02,train,orchards,VRG,25
2926488,frh02,train,orchards,VRG,25
2926563,frh02,train,temporary meadows,PTR,38
2926627,frh02,train,barley,ORH,20
2926635,frh02,train,rapeseed,CZH,38
2926636,frh02,train,wheat,BTH,38
2926666,frh02,train,barley,ORH,38
2926680,frh02,train,rapeseed,CZP,38
2926690,frh02,train,permanent meadows,PRL,38
2926696,frh02,train,orchards,VRG,38
2926706,frh02,train,barley,ORH,20
2926740,frh02,train,barley,ORH,38
2926761,frh02,train,permanent meadows,PRL,20
2926767,frh02,train,permanent meadows,PRL,20
2926812,frh02,train,orchards,VRG,38
2926859,frh02,train,orchards,VRG,38
2926863,frh02,train,temporary meadows,RGA,20
2926904,frh02,train,barley,ORH,49
2926975,frh02,train,permanent meadows,PPH,38
2926991,frh02,train,barley,ORH,38
2927061,frh02,train,orchards,VRG,42
2927062,frh02,train,permanent meadows,PPH,45
2927080,frh02,train,temporary meadows,PTR,20
2927111,frh02,train,wheat,BTH,38
2927124,frh02,train,orchards,VRG,38
2927213,frh02,train,orchards,VRG,58
2927221,frh02,train,permanent meadows,PRL,49
2927288,frh02,train,temporary meadows,PTR,58
2927318,frh02,train,wheat,BTH,38
2927328,frh02,train,orchards,VRG,38
2927336,frh02,train,orchards,VRG,38
2927342,frh02,train,orchards,VRG,38
2927356,frh02,train,barley,ORP,38
2927442,frh02,train,corn,MIE,20
2927457,frh02,train,permanent meadows,PPH,58
2927487,frh02,train,temporary meadows,PTR,38
2927627,frh02,train,corn,MIE,20
2927669,frh02,train,rapeseed,CZH,58
2927671,frh02,train,rapeseed,CZH,58
2927672,frh02,train,rapeseed,CZH,58
2927791,frh02,train,permanent meadows,PPH,38
2927875,frh02,train,corn,MIE,20
2927876,frh02,train,corn,MIE,20
2927899,frh02,train,barley,ORH,20
2927903,frh02,train,permanent meadows,PRL,20
2927904,frh02,train,wheat,BTH,20
2927941,frh02,train,permanent meadows,PRL,38
2927989,frh02,train,wheat,BTH,20
2927992,frh02,train,wheat,BTH,20
2928076,frh02,train,permanent meadows,PPH,38
2928083,frh02,train,permanent meadows,PPH,38
2928122,frh02,train,temporary meadows,PTR,38
2928138,frh02,train,permanent meadows,PPH,20
2928143,frh02,train,barley,ORH,20
2928148,frh02,train,orchards,VRG,38
2928158,frh02,train,permanent meadows,PPH,38
2928171,frh02,train,orchards,VRG,38
2928210,frh02,train,rapeseed,CZH,38
2928226,frh02,train,wheat,BTH,38
2928230,frh02,train,rapeseed,CZH,38
2928233,frh02,train,wheat,BTH,38
2928258,frh02,train,rapeseed,CZH,38
2928528,frh02,train,temporary meadows,PTR,38
2928593,frh02,train,corn,MIE,38
2928645,frh02,train,corn,MIE,38
2928705,frh02,train,orchards,VRG,38
2928708,frh02,train,orchards,VRG,38
2928726,frh02,train,permanent meadows,PPH,36
2928731,frh02,train,permanent meadows,PPH,41
2928769,frh02,train,permanent meadows,PPH,20
2928770,frh02,train,wheat,BTH,20
2928852,frh02,train,wheat,BTH,38
2928881,frh02,train,barley,ORH,20
2928953,frh02,train,temporary meadows,PTR,38
2928955,frh02,train,temporary meadows,PTR,38
2928968,frh02,train,temporary meadows,PTR,20
2928981,frh02,train,permanent meadows,PPH,38
2929043,frh02,train,rapeseed,CZH,49
2929061,frh02,train,temporary meadows,PTR,38
2929111,frh02,train,permanent meadows,PRL,38
2929179,frh02,train,wheat,BTH,60
2929262,frh02,train,permanent meadows,PPH,38
2929272,frh02,train,orchards,VRG,49
2929289,frh02,train,permanent meadows,PRL,38
2929306,frh02,train,permanent meadows,PPH,38
2929325,frh02,train,permanent meadows,PRL,25
2929329,frh02,train,orchards,VRG,38
2929359,frh02,train,orchards,VRG,49
2929362,frh02,train,temporary meadows,PTR,49
2929380,frh02,train,permanent meadows,PRL,38
2929381,frh02,train,temporary meadows,RGA,38
2929384,frh02,train,corn,MIE,38
2929396,frh02,train,orchards,VRG,49
2929397,frh02,train,orchards,VRG,49
2929404,frh02,train,permanent meadows,PPH,38
2929440,frh02,train,corn,MIE,38
2929470,frh02,train,temporary meadows,PTR,38
2929531,frh02,train,orchards,VRG,49
2929598,frh02,train,wheat,BTH,49
2929625,frh02,train,temporary meadows,PTR,20
2929664,frh02,train,barley,ORH,49
2929668,frh02,train,wheat,BTH,49
2929680,frh02,train,corn,MIS,37
2929792,frh02,train,corn,MIE,38
2929819,frh02,train,permanent meadows,PRL,20
2929835,frh02,train,barley,ORH,32
2929905,frh02,train,wheat,BTH,20
2929963,frh02,train,rapeseed,CZH,38
2929977,frh02,train,orchards,VRG,38
2929978,frh02,train,orchards,VRG,31
2929979,frh02,train,orchards,VRG,25
2929980,frh02,train,orchards,VRG,29
2929981,frh02,train,orchards,VRG,25
2930058,frh02,train,barley,ORH,60
2930072,frh02,train,barley,ORP,38
2930086,frh02,train,corn,MIE,20
2930095,frh02,train,barley,ORH,20
2930108,frh02,train,corn,MIE,20
2930120,frh02,train,barley,ORH,20
2930135,frh02,train,temporary meadows,PTR,60
2930137,frh02,train,corn,MIE,60
2930190,frh02,train,barley,ORH,20
2930320,frh02,train,permanent meadows,PPH,60
2930361,frh02,train,barley,ORH,38
2930371,frh02,train,permanent meadows,PPH,20
2930403,frh02,train,temporary meadows,PTR,38
2930410,frh02,train,rapeseed,CZH,38
2930424,frh02,train,corn,MIS,38
2930519,frh02,train,temporary meadows,PTR,38
2930524,frh02,train,permanent meadows,PPH,38
2930536,frh02,train,wheat,BTH,38
2930591,frh02,train,rapeseed,CZH,38
2930596,frh02,train,rapeseed,CZH,38
2930615,frh02,train,rapeseed,CZH,38
2930655,frh02,train,permanent meadows,PPH,38
2930657,frh02,train,temporary meadows,PTR,38
2930700,frh02,train,barley,ORH,38
2930703,frh02,train,barley,ORH,38
2930704,frh02,train,barley,ORH,38
2930710,frh02,train,wheat,BTH,38
2930755,frh02,train,temporary meadows,PTR,60
2930769,frh02,train,temporary meadows,PTR,60
2930772,frh02,train,permanent meadows,PPH,60
2930803,frh02,train,permanent meadows,PPH,38
2930812,frh02,train,orchards,PFR,38
2930851,frh02,train,permanent meadows,PPH,38
2930961,frh02,train,permanent meadows,PPH,38
2931094,frh02,train,corn,MIE,38
2931132,frh02,train,permanent meadows,PPH,38
2931231,frh02,train,corn,MIE,38
2931299,frh02,train,barley,ORH,47
2931350,frh02,train,wheat,BTH,38
2931373,frh02,train,corn,MIE,46
2931427,frh02,train,wheat,BTH,38
2931463,frh02,train,nuts,CAB,38
2931465,frh02,train,nuts,CAB,38
2931470,frh02,train,wheat,BTH,38
2931479,frh02,train,permanent meadows,PRL,38
2931486,frh02,train,wheat,BTH,38
2931492,frh02,train,rapeseed,CZH,38
2931507,frh02,train,rapeseed,CZH,38
2931525,frh02,train,temporary meadows,PTR,38
2931542,frh02,train,rapeseed,CZH,38
2931583,frh02,train,corn,MIE,38
2931589,frh02,train,barley,ORH,38
2931627,frh02,train,rapeseed,CZH,38
2931682,frh02,train,permanent meadows,PPH,38
2931706,frh02,train,corn,MIE,38
2931712,frh02,train,barley,ORH,38
2931720,frh02,train,orchards,VRG,38
2931761,frh02,train,permanent meadows,PRL,38
2931801,frh02,train,temporary meadows,PTR,20
2931853,frh02,train,permanent meadows,PPH,49
2931902,frh02,train,wheat,BTH,20
2931909,frh02,train,barley,ORH,20
2931948,frh02,train,temporary meadows,PTR,38
2931952,frh02,train,corn,MIE,38
2931997,frh02,train,permanent meadows,PPH,38
2932037,frh02,train,temporary meadows,RGA,20
2932049,frh02,train,temporary meadows,RGA,20
2932077,frh02,train,barley,ORH,25
2932174,frh02,train,temporary meadows,RGA,38
2932186,frh02,train,corn,MIE,20
2932273,frh02,train,barley,ORH,20
2932282,frh02,train,orchards,VRG,49
2932380,frh02,train,corn,MIE,38
2932414,frh02,train,permanent meadows,PRL,38
2932486,frh02,train,temporary meadows,PTR,20
2932524,frh02,train,orchards,VRG,20
2932525,frh02,train,orchards,VRG,20
2932554,frh02,train,barley,ORH,38
2932578,frh02,train,temporary meadows,PTR,20
2932589,frh02,train,wheat,BTH,38
2932615,frh02,train,rapeseed,CZH,38
2932631,frh02,train,barley,ORH,38
2932632,frh02,train,rapeseed,CZH,38
2932693,frh02,train,rapeseed,CZH,38
2932697,frh02,train,wheat,BTH,38
2932709,frh02,train,wheat,BTH,38
2932710,frh02,train,permanent meadows,PPH,38
2932712,frh02,train,wheat,BTH,38
2932795,frh02,train,permanent meadows,PPH,20
2932932,frh02,train,corn,MIE,38
2932955,frh02,train,temporary meadows,RGA,58
2932972,frh02,train,temporary meadows,PTR,20
2932986,frh02,train,rapeseed,CZH,38
2933003,frh02,train,wheat,BTH,38
2933004,frh02,train,corn,MIE,38
2933039,frh02,train,wheat,BTH,38
2933071,frh02,train,permanent meadows,PRL,38
2933080,frh02,train,permanent meadows,PRL,38
2933100,frh02,train,temporary meadows,RGA,49
2933107,frh02,train,corn,MIS,38
2933157,frh02,train,permanent meadows,PRL,38
2933179,frh02,train,corn,MIE,49
2933228,frh02,train,permanent meadows,PRL,38
2933276,frh02,train,permanent meadows,PPH,38
2933299,frh02,train,wheat,BTH,38
2933369,frh02,train,rapeseed,CZH,38
2933371,frh02,train,rapeseed,CZH,38
2933372,frh02,train,barley,ORH,38
2933376,frh02,train,temporary meadows,PTR,38
2933418,frh02,train,rapeseed,CZP,25
2933432,frh02,train,rapeseed,CZH,20
2933435,frh02,train,barley,ORH,38
2933443,frh02,train,barley,ORH,38
2933460,frh02,train,corn,MIE,38
2933464,frh02,train,rapeseed,CZH,38
2933467,frh02,train,permanent meadows,PPH,38
2933519,frh02,train,permanent meadows,PRL,38
2933645,frh02,train,wheat,BTH,38
2933671,frh02,train,wheat,BTH,60
2933674,frh02,train,temporary meadows,PTR,60
2933752,frh02,train,rapeseed,CZH,38
2933825,frh02,train,permanent meadows,PRL,58
2933972,frh02,train,barley,ORP,38
2934008,frh02,train,barley,ORH,58
2934177,frh02,train,rapeseed,CZH,38
2934216,frh02,train,barley,ORH,38
2934248,frh02,train,permanent meadows,PRL,38
2934306,frh02,train,barley,ORH,38
2934372,frh02,train,barley,ORH,38
2934406,frh02,train,corn,MIE,38
2934463,frh02,train,temporary meadows,PTR,20
2934469,frh02,train,corn,MIS,20
2934539,frh02,train,temporary meadows,PTR,25
2934554,frh02,train,temporary meadows,PTR,20
2934607,frh02,train,barley,ORH,38
2934673,frh02,train,wheat,BTH,20
2934900,frh02,train,permanent meadows,PRL,25
2934916,frh02,train,corn,MIE,49
2935012,frh02,train,temporary meadows,PTR,20
2935111,frh02,train,temporary meadows,RGA,38
2935258,frh02,train,temporary meadows,PTR,38
2935277,frh02,train,orchards,VRG,38
2935305,frh02,train,temporary meadows,RGA,20
2935332,frh02,train,corn,MIE,38
2935335,frh02,train,barley,ORH,38
2935340,frh02,train,wheat,BTH,38
2935369,frh02,train,orchards,VRG,38
2935372,frh02,train,orchards,VRG,38
2935373,frh02,train,orchards,VRG,38
2935379,frh02,train,orchards,VRG,38
2935380,frh02,train,orchards,VRG,38
2935424,frh02,train,temporary meadows,RGA,38
2935429,frh02,train,corn,MIE,38
2935485,frh02,train,permanent meadows,PPH,25
2935539,frh02,train,temporary meadows,PTR,20
2935626,frh02,train,corn,MIE,20
2935650,frh02,train,permanent meadows,PPH,25
2935707,frh02,train,temporary meadows,PTR,38
2935721,frh02,train,barley,ORH,38
2935789,frh02,train,orchards,VRG,49
2935791,frh02,train,orchards,VRG,49
2935810,frh02,train,barley,ORH,38
2935811,frh02,train,barley,ORH,38
2935880,frh02,train,wheat,BTH,49
2935973,frh02,train,permanent meadows,PPH,38
2936020,frh02,train,rapeseed,CZH,38
2936023,frh02,train,rapeseed,CZH,38
2936025,frh02,train,rapeseed,CZH,38
2936124,frh02,train,barley,ORH,38
2936147,frh02,train,rapeseed,CZH,38
2936165,frh02,train,permanent meadows,PPH,38
2936198,frh02,train,barley,ORP,41
2936209,frh02,train,barley,ORH,20
2936265,frh02,train,rapeseed,CZH,20
2936302,frh02,train,permanent meadows,PPH,25
2936320,frh02,train,corn,MIE,38
2936322,frh02,train,rapeseed,CZH,38
2936389,frh02,train,corn,MIS,41
2936415,frh02,train,rapeseed,CZH,38
2936442,frh02,train,temporary meadows,PTR,38
2936537,frh01,train,wheat,BTH,38
2936604,frh02,train,temporary meadows,PTR,60
2936640,frh02,train,permanent meadows,PPH,20
2936693,frh02,train,barley,ORH,60
2936727,frh02,train,permanent meadows,PRL,38
2936747,frh02,train,permanent meadows,PPH,20
2936786,frh02,train,permanent meadows,PRL,38
2936838,frh02,train,permanent meadows,PPH,38
2936965,frh02,train,temporary meadows,RGA,25
2936988,frh02,train,wheat,BTH,38
2937036,frh02,train,corn,MIS,38
2937041,frh02,train,permanent meadows,PRL,25
2937119,frh02,train,corn,MIS,38
2937152,frh02,train,barley,ORP,30
2937179,frh02,train,wheat,BTH,58
2937201,frh02,train,rapeseed,CZH,38
2937246,frh02,train,permanent meadows,PRL,20
2937300,frh02,train,temporary meadows,PTR,38
2937314,frh02,train,corn,MIS,38
2937320,frh02,train,corn,MIS,38
2937337,frh02,train,barley,ORH,38
2937389,frh02,train,corn,MIS,38
2937420,frh02,train,orchards,VRG,38
2937505,frh02,train,corn,MIE,20
2937511,frh02,train,temporary meadows,PTR,38
2937603,frh02,train,corn,MIE,25
2937614,frh02,train,wheat,BTH,25
2937667,frh02,train,corn,MIE,20
2937820,frh02,train,temporary meadows,PTR,38
2937824,frh02,train,barley,ORH,38
2937831,frh02,train,barley,ORH,60
2937840,frh02,train,temporary meadows,RGA,60
2937877,frh02,train,permanent meadows,PRL,38
2937937,frh02,train,temporary meadows,RGA,60
2937952,frh02,train,rapeseed,CZH,25
2938005,frh02,train,temporary meadows,RGA,38
2938011,frh02,train,corn,MIS,38
2938023,frh02,train,temporary meadows,RGA,60
2938098,frh02,train,temporary meadows,PTR,38
2938176,frh02,train,orchards,VRG,38
2938218,frh02,train,corn,MIS,38
2938295,frh02,train,permanent meadows,PRL,40
2938316,frh02,train,permanent meadows,PPH,38
2938332,frh02,train,corn,MIE,49
2938353,frh02,train,wheat,BTH,49
2938404,frh02,train,permanent meadows,PRL,38
2938469,frh02,train,wheat,BTH,38
2938529,frh02,train,barley,ORH,25
2938541,frh02,train,wheat,BTH,38
2938566,frh02,train,nuts,CAB,38
2938594,frh02,train,barley,ORH,60
2938643,frh02,train,permanent meadows,PRL,58
2938736,frh02,train,barley,ORH,58
2938789,frh02,train,permanent meadows,PPH,38
2938801,frh02,train,rapeseed,CZH,48
2938830,frh02,train,permanent meadows,PPH,38
2938831,frh02,train,temporary meadows,RGA,38
2938896,frh02,train,corn,MIE,25
2938903,frh02,train,permanent meadows,PPH,38
2938958,frh02,train,corn,MIS,38
2938992,frh02,train,barley,ORH,20
2939013,frh02,train,rapeseed,CZH,49
2939043,frh02,train,permanent meadows,PPH,38
2939052,frh02,train,temporary meadows,RGA,20
2939063,frh02,train,permanent meadows,PPH,60
2939132,frh02,train,rapeseed,CZH,25
2939141,frh02,train,permanent meadows,PRL,25
2939212,frh02,train,corn,MIE,20
2939219,frh02,train,permanent meadows,PPH,20
2939222,frh02,train,permanent meadows,PPH,20
2939233,frh02,train,barley,ORH,20
2939271,frh02,train,permanent meadows,PPH,38
2939308,frh02,train,rapeseed,CZH,38
2939322,frh02,train,temporary meadows,PTR,20
2939330,frh02,train,rapeseed,CZH,38
2939385,frh02,train,rapeseed,CZH,38
2939394,frh02,train,barley,ORH,38
2939448,frh02,train,wheat,BTH,38
2939475,frh02,train,temporary meadows,PTR,38
2939489,frh02,train,rapeseed,CZH,38
2939499,frh02,train,barley,ORH,38
2939501,frh02,train,wheat,BTH,38
2939516,frh02,train,permanent meadows,PPH,38
2939549,frh02,train,corn,MIE,20
2939716,frh02,train,wheat,BTH,20
2939726,frh02,train,temporary meadows,PTR,38
2939727,frh02,train,temporary meadows,PTR,38
2939748,frh02,train,permanent meadows,PPH,38
2939792,frh02,train,wheat,BTH,20
2939858,frh02,train,wheat,BTH,38
2939939,frh02,train,temporary meadows,RGA,25
2939963,frh02,train,permanent meadows,PPH,20
2939972,frh02,train,permanent meadows,PRL,20
2940016,frh02,train,permanent meadows,PPH,38
2940075,frh02,train,wheat,BTH,25
2940076,frh02,train,barley,ORH,35
2940085,frh02,train,corn,MIS,25
2940125,frh02,train,permanent meadows,PPH,38
2940199,frh02,train,nuts,CTG,38
2940211,frh02,train,barley,ORH,38
2940271,frh02,train,temporary meadows,RGA,38
2940282,frh02,train,temporary meadows,PTR,30
2940283,frh02,train,temporary meadows,PTR,31
2940286,frh02,train,corn,MIS,33
2940295,frh02,train,orchards,VRG,35
2940306,frh02,train,orchards,PFR,38
2940307,frh02,train,orchards,PFR,38
2940311,frh02,train,orchards,PFR,38
2940314,frh02,train,orchards,PFR,38
2940319,frh02,train,orchards,VRG,60
2940327,frh02,train,temporary meadows,RGA,38
2940354,frh02,train,temporary meadows,PTR,38
2940357,frh02,train,temporary meadows,PTR,38
2940367,frh02,train,barley,ORH,38
2940369,frh02,train,temporary meadows,RGA,38
2940443,frh02,train,permanent meadows,PPH,38
2940477,frh02,train,rapeseed,CZH,58
2940502,frh02,train,permanent meadows,PRL,38
2940504,frh02,train,temporary meadows,RGA,38
2940554,frh02,train,orchards,VRG,49
2940566,frh02,train,orchards,VRG,49
2940582,frh02,train,permanent meadows,PRL,38
2940589,frh02,train,corn,MIE,38
2940620,frh02,train,rapeseed,CZH,38
2940710,frh02,train,temporary meadows,PTR,25
2940732,frh02,train,barley,ORH,38
2940756,frh02,train,barley,ORH,38
2940798,frh02,train,rapeseed,CZH,58
2940799,frh02,train,rapeseed,CZH,58
2940902,frh02,train,wheat,BTH,38
2940964,frh02,train,corn,MIE,25
2940995,frh02,train,corn,MIE,38
2940997,frh02,train,permanent meadows,PRL,38
2941027,frh02,train,barley,ORH,38
2941039,frh02,train,permanent meadows,PPH,38
2941046,frh02,train,permanent meadows,PPH,38
2941092,frh02,train,corn,MIE,38
2941116,frh02,train,orchards,VRG,38
2941124,frh02,train,corn,MIE,37
2941215,frh02,train,temporary meadows,PTR,38
2941218,frh02,train,temporary meadows,PTR,38
2941393,frh02,train,wheat,BTH,38
2941417,frh02,train,permanent meadows,PRL,20
2941449,frh02,train,temporary meadows,RGA,38
2941467,frh02,train,temporary meadows,PTR,58
2941506,frh02,train,wheat,BTH,38
2941564,frh02,train,permanent meadows,PPH,20
2941582,frh02,train,rapeseed,CZH,20
2941619,frh02,train,orchards,VRG,25
2941643,frh02,train,barley,ORP,38
2941651,frh02,train,rapeseed,CZH,38
2941680,frh02,train,temporary meadows,PTR,38
2941748,frh02,train,barley,ORH,38
2941754,frh02,train,rapeseed,CZH,38
2941755,frh02,train,rapeseed,CZH,38
2941757,frh02,train,rapeseed,CZH,38
2941765,frh02,train,wheat,BTH,38
2941772,frh02,train,temporary meadows,PTR,38
2941786,frh02,train,temporary meadows,PTR,38
2941864,frh02,train,permanent meadows,PPH,38
2941888,frh02,train,permanent meadows,PRL,38
2941902,frh02,train,barley,ORH,38
2941930,frh02,train,wheat,BTH,20
2942014,frh02,train,permanent meadows,PPH,38
2942080,frh02,train,barley,ORH,20
2942125,frh02,train,corn,MIE,20
2942225,frh02,train,orchards,VRG,38
2942226,frh02,train,orchards,VRG,38
2942232,frh02,train,orchards,VRG,38
2942233,frh02,train,orchards,VRG,38
2942234,frh02,train,orchards,VRG,38
2942259,frh02,train,wheat,BTH,38
2942279,frh02,train,barley,ORP,38
2942313,frh02,train,permanent meadows,PPH,25
2942324,frh02,train,orchards,VRG,38
2942325,frh02,train,orchards,VRG,38
2942326,frh02,train,orchards,VRG,38
2942327,frh02,train,orchards,VRG,38
2942394,frh02,train,permanent meadows,PPH,38
2942404,frh02,train,permanent meadows,PPH,38
2942428,frh02,train,orchards,VRG,41
2942430,frh02,train,permanent meadows,PPH,40
2942431,frh02,train,orchards,VRG,39
2942432,frh02,train,orchards,VRG,41
2942536,frh02,train,permanent meadows,PPH,38
2942543,frh02,train,temporary meadows,PTR,38
2942550,frh02,train,corn,MIE,38
2942584,frh02,train,temporary meadows,PTR,38
2942597,frh02,train,permanent meadows,PRL,60
2942626,frh02,train,corn,MIE,38
2942713,frh02,train,temporary meadows,PTR,38
2942734,frh02,train,corn,MIS,38
2942753,frh02,train,temporary meadows,PTR,38
2942827,frh02,train,temporary meadows,PTR,38
2942917,frh02,train,permanent meadows,PRL,38
2942970,frh02,train,orchards,VRG,38
2942973,frh02,train,orchards,VRG,38
2942994,frh02,train,rapeseed,CZH,38
2943015,frh02,train,corn,MIE,49
2943047,frh02,train,orchards,VRG,38
2943050,frh02,train,orchards,VRG,38
2943051,frh02,train,orchards,VRG,38
2943054,frh02,train,orchards,VRG,38
2943223,frh02,train,wheat,BTH,49
2943286,frh02,train,rapeseed,CZH,38
2943313,frh02,train,orchards,VRG,49
2943315,frh02,train,orchards,VRG,49
2943317,frh02,train,orchards,PFR,49
2943344,frh02,train,permanent meadows,PRL,38
2943390,frh02,train,temporary meadows,RGA,38
2943411,frh02,train,wheat,BTH,38
2943413,frh02,train,permanent meadows,PPH,38
2943423,frh02,train,rapeseed,CZH,38
2943471,frh02,train,barley,ORH,49
2943532,frh02,train,wheat,BTH,38
2943538,frh02,train,orchards,VRG,25
2943547,frh02,train,orchards,VRG,20
2943553,frh02,train,orchards,VRG,20
2943555,frh02,train,orchards,VRG,20
2943558,frh02,train,permanent meadows,PPH,20
2943607,frh02,train,rapeseed,CZH,49
2943609,frh02,train,rapeseed,CZH,49
2943624,frh02,train,wheat,BTH,49
2943646,frh02,train,temporary meadows,RGA,38
2943647,frh02,train,temporary meadows,RGA,38
2943716,frh02,train,rapeseed,CZH,38
2943722,frh02,train,rapeseed,CZH,38
2943789,frh02,train,corn,MIS,38
2943791,frh02,train,rapeseed,CZH,38
2943855,frh02,train,corn,MIS,49
2943882,frh02,train,barley,ORH,38
2943890,frh02,train,permanent meadows,PPH,38
2943949,frh02,train,rapeseed,CZH,60
2943971,frh02,train,wheat,BTH,38
2943998,frh02,train,corn,MIS,49
2944025,frh02,train,temporary meadows,PTR,38
2944034,frh02,train,wheat,BTH,60
2944058,frh02,train,rapeseed,CZH,60
2944078,frh02,train,permanent meadows,PPH,20
2944224,frh02,train,corn,MIS,60
2944228,frh02,train,orchards,VRG,38
2944234,frh02,train,orchards,VRG,38
2944238,frh02,train,orchards,VRG,38
2944295,frh02,train,barley,ORH,38
2944309,frh02,train,orchards,VRG,38
2944358,frh02,train,corn,MIS,60
2944361,frh02,train,rapeseed,CZH,60
2944405,frh02,train,barley,ORP,49
2944415,frh02,train,permanent meadows,PPH,25
2944426,frh02,train,orchards,VRG,49
2944445,frh02,train,corn,MIE,38
2944497,frh02,train,orchards,PFR,49
2944513,frh02,train,corn,MIE,25
2944534,frh02,train,corn,MIS,38
2944579,frh02,train,corn,MIS,38
2944597,frh02,train,orchards,VRG,25
2944602,frh02,train,wheat,BTH,25
2944709,frh02,train,corn,MIE,38
2944722,frh02,train,barley,ORH,38
2944740,frh02,train,corn,MIE,20
2944766,frh02,train,permanent meadows,PPH,38
2944809,frh02,train,barley,ORH,38
2944812,frh02,train,barley,ORH,38
2944819,frh02,train,orchards,VRG,49
2944852,frh02,train,wheat,BTH,49
2944895,frh02,train,corn,MIS,49
2944926,frh02,train,temporary meadows,PTR,38
2944935,frh02,train,orchards,VRG,38
2945021,frh02,train,permanent meadows,PPH,38
2945034,frh02,train,wheat,BTH,38
2945058,frh02,train,permanent meadows,PRL,38
2945082,frh02,train,temporary meadows,PTR,58
2945114,frh02,train,barley,ORH,20
2945196,frh02,train,corn,MIE,38
2945239,frh02,train,temporary meadows,PTR,38
2945249,frh02,train,temporary meadows,RGA,20
2945294,frh02,train,barley,ORH,20
2945324,frh02,train,wheat,BTH,38
2945366,frh02,train,temporary meadows,PTR,38
2945375,frh02,train,rapeseed,CZH,49
2945397,frh02,train,barley,ORH,38
2945409,frh02,train,rapeseed,CZH,38
2945423,frh02,train,corn,MIE,25
2945450,frh02,train,rapeseed,CZH,38
2945561,frh02,train,permanent meadows,PPH,38
2945633,frh02,train,nuts,CAB,38
2945637,frh02,train,wheat,BTH,58
2945674,frh02,train,rapeseed,CZH,38
2945767,frh02,train,rapeseed,CZH,38
2945843,frh02,train,barley,ORH,38
2945870,frh02,train,corn,MIS,38
2945875,frh02,train,barley,ORH,38
2945920,frh02,train,permanent meadows,PPH,20
2945995,frh02,train,temporary meadows,PTR,20
2946125,frh02,train,corn,MIS,38
2946144,frh02,train,barley,ORH,38
2946171,frh02,train,permanent meadows,PPH,25
2946187,frh02,train,permanent meadows,PPH,38
2946241,frh02,train,wheat,BTH,58
2946245,frh02,train,corn,MIE,38
2946282,frh02,train,rapeseed,CZH,38
2946286,frh02,train,corn,MIE,38
2946300,frh02,train,wheat,BTH,38
2946322,frh02,train,temporary meadows,PTR,58
2946325,frh02,train,temporary meadows,PTR,58
2946359,frh02,train,barley,ORH,25
2946361,frh02,train,permanent meadows,PPH,31
2946375,frh02,train,wheat,BTH,38
2946624,frh02,train,orchards,VRG,58
2946629,frh02,train,orchards,VRG,58
2946663,frh02,train,wheat,BTH,20
2946704,frh02,train,rapeseed,CZH,25
2946727,frh02,train,permanent meadows,PRL,25
2946755,frh02,train,rapeseed,CZH,38
2946759,frh02,train,barley,ORH,38
2946773,frh02,train,wheat,BTH,38
2946820,frh02,train,corn,MIE,38
2946884,frh02,train,corn,MIE,25
2946920,frh02,train,rapeseed,CZH,38
2946941,frh02,train,permanent meadows,PPH,38
2946962,frh02,train,temporary meadows,PTR,38
2946986,frh02,train,permanent meadows,PRL,25
2947004,frh02,train,rapeseed,CZH,38
2947032,frh02,train,permanent meadows,PPH,38
2947096,frh02,train,permanent meadows,PPH,38
2947115,frh02,train,barley,ORP,38
2947354,frh02,train,orchards,VRG,41
2947373,frh02,train,temporary meadows,PTR,20
2947387,frh02,train,permanent meadows,PPH,38
2947424,frh02,train,permanent meadows,PRL,38
2947427,frh02,train,wheat,BTH,38
2947454,frh02,train,rapeseed,CZH,38
2947473,frh02,train,permanent meadows,PRL,38
2947476,frh02,train,permanent meadows,PPH,38
2947507,frh02,train,barley,ORP,38
2947509,frh02,train,wheat,BTP,38
2947516,frh02,train,wheat,BTP,38
2947541,frh02,train,orchards,VRG,38
2947557,frh02,train,wheat,BTH,20
2947566,frh02,train,corn,MIE,20
2947602,frh02,train,rapeseed,CZH,38
2947603,frh02,train,barley,ORP,38
2947647,frh02,train,wheat,BTH,41
2947662,frh02,train,rapeseed,CZH,38
2947726,frh02,train,corn,MIE,38
2947730,frh02,train,temporary meadows,PTR,49
2947794,frh02,train,wheat,BTH,38
2947822,frh02,train,temporary meadows,PTR,49
2947825,frh02,train,temporary meadows,PTR,38
2947841,frh02,train,barley,ORH,20
2947893,frh02,train,wheat,BTH,38
2947939,frh02,train,permanent meadows,PPH,38
2947980,frh02,train,temporary meadows,PTR,20
2948002,frh02,train,barley,ORH,25
2948005,frh02,train,permanent meadows,PPH,38
2948036,frh02,train,permanent meadows,PRL,38
2948060,frh02,train,barley,ORH,20
2948112,frh02,train,rapeseed,CZH,38
2948132,frh02,train,temporary meadows,PTR,20
2948155,frh02,train,wheat,BTH,38
2948172,frh02,train,permanent meadows,PRL,38
2948222,frh02,train,wheat,BTH,38
2948318,frh02,train,temporary meadows,PTR,38
2948324,frh02,train,corn,MIE,20
2948331,frh02,train,corn,MIE,20
2948352,frh02,train,wheat,BTH,38
2948385,frh02,train,permanent meadows,PPH,38
2948440,frh02,train,corn,MIE,38
2948454,frh02,train,corn,MIE,38
2948476,frh02,train,barley,ORH,60
2948481,frh02,train,barley,ORH,38
2948579,frh02,train,permanent meadows,PPH,25
2948598,frh02,train,orchards,VRG,25
2948604,frh02,train,orchards,VRG,25
2948639,frh02,train,permanent meadows,PPH,25
2948641,frh02,train,permanent meadows,PRL,25
2948689,frh02,train,permanent meadows,PPH,38
2948860,frh02,train,barley,ORH,41
2948902,frh02,train,barley,ORP,20
2948940,frh02,train,temporary meadows,RGA,38
2948959,frh02,train,permanent meadows,PPH,41
2949127,frh02,train,temporary meadows,PTR,38
2949139,frh02,train,corn,MIE,40
2949273,frh02,train,permanent meadows,PPH,38
2949325,frh02,train,wheat,BTH,20
2949359,frh02,train,corn,MIE,49
2949426,frh02,train,permanent meadows,PPH,49
2949472,frh02,train,permanent meadows,PRL,20
2949486,frh02,train,temporary meadows,RGA,38
2949529,frh02,train,permanent meadows,PPH,25
2949541,frh02,train,barley,ORH,38
2949574,frh02,train,permanent meadows,PPH,38
2949598,frh02,train,orchards,VRG,38
2949632,frh02,train,temporary meadows,RGA,38
2949678,frh02,train,barley,ORH,38
2949706,frh02,train,barley,ORH,38
2949749,frh02,train,corn,MIE,60
2949813,frh02,train,corn,MIE,20
2949860,frh02,train,barley,ORH,38
2949861,frh02,train,temporary meadows,RGA,38
2949929,frh02,train,barley,ORH,20
2949959,frh02,train,barley,ORH,38
2949963,frh02,train,permanent meadows,PRL,38
2949971,frh02,train,permanent meadows,PPH,38
2949973,frh02,train,temporary meadows,RGA,38
2949984,frh02,train,rapeseed,CZH,38
2950037,frh02,train,barley,ORH,41
2950056,frh02,train,rapeseed,CZH,38
2950143,frh02,train,barley,ORH,20
2950157,frh02,train,corn,MIS,38
2950173,frh02,train,wheat,BTH,38
2950174,frh02,train,permanent meadows,PRL,38
2950273,frh02,train,temporary meadows,RGA,38
2950299,frh02,train,permanent meadows,PPH,30
2950361,frh02,train,wheat,BTH,38
2950418,frh02,train,temporary meadows,PTR,38
2950429,frh02,train,barley,ORH,38
2950474,frh02,train,corn,MIE,38
2950482,frh02,train,corn,MIS,38
2950515,frh02,train,permanent meadows,PPH,38
2950562,frh02,train,orchards,VRG,38
2950570,frh02,train,orchards,VRG,38
2950595,frh02,train,wheat,BTH,38
2950643,frh02,train,temporary meadows,RGA,38
2950680,frh02,train,rapeseed,CZH,49
2950682,frh02,train,rapeseed,CZH,49
2950714,frh02,train,permanent meadows,PPH,38
2950784,frh02,train,permanent meadows,PPH,38
2950798,frh02,train,corn,MIE,38
2950835,frh02,train,rapeseed,CZH,38
2950840,frh02,train,corn,MIS,38
2950847,frh02,train,temporary meadows,PTR,38
2950850,frh02,train,corn,MIE,38
2950857,frh02,train,corn,MIE,38
2950964,frh02,train,permanent meadows,PPH,38
2950998,frh02,train,rapeseed,CZH,20
2951045,frh02,train,temporary meadows,PTR,38
2951082,frh02,train,barley,ORH,20
2951162,frh02,train,temporary meadows,PTR,30
2951235,frh02,train,rapeseed,CZH,38
2951242,frh02,train,rapeseed,CZH,38
2951298,frh02,train,barley,ORH,38
2951335,frh02,train,wheat,BTH,38
2951353,frh02,train,corn,MIE,38
2951358,frh02,train,rapeseed,CZH,38
2951361,frh02,train,temporary meadows,PTR,38
2951397,frh02,train,permanent meadows,PRL,20
2951403,frh02,train,corn,MIS,20
2951420,frh02,train,permanent meadows,PPH,38
2951444,frh02,train,barley,ORH,38
2951464,frh02,train,wheat,BTH,20
2951508,frh02,train,corn,MIE,20
2951530,frh02,train,barley,ORH,38
2951532,frh02,train,temporary meadows,PTR,38
2951564,frh02,train,wheat,BTH,49
2951586,frh02,train,barley,ORH,38
2951606,frh02,train,permanent meadows,PPH,20
2951638,frh02,train,wheat,BTH,38
2951729,frh02,train,barley,ORH,38
2951730,frh02,train,corn,MIS,38
2951764,frh02,train,rapeseed,CZH,41
2951805,frh02,train,corn,MIE,25
2951809,frh02,train,permanent meadows,PRL,25
2951825,frh02,train,corn,MIS,20
2951837,frh02,train,permanent meadows,PRL,20
2951842,frh02,train,wheat,BTH,20
2951869,frh02,train,temporary meadows,PTR,41
2951903,frh02,train,permanent meadows,PPH,25
2951938,frh02,train,rapeseed,CZH,49
2951941,frh02,train,temporary meadows,PTR,49
2951960,frh02,train,rapeseed,CZH,38
2951973,frh02,train,rapeseed,CZH,38
2951988,frh02,train,corn,MIS,20
2951996,frh02,train,permanent meadows,PRL,20
2951998,frh02,train,orchards,VRG,20
2952106,frh02,train,rapeseed,CZH,25
2952107,frh02,train,rapeseed,CZH,38
2952132,frh02,train,permanent meadows,PRL,38
2952134,frh02,train,corn,MIE,38
2952141,frh02,train,temporary meadows,RGA,38
2952149,frh02,train,permanent meadows,PPH,38
2952168,frh02,train,rapeseed,CZH,20
2952178,frh02,train,barley,ORP,20
2952199,frh02,train,barley,ORH,38
2952204,frh02,train,barley,ORH,38
2952237,frh02,train,barley,ORH,38
2952238,frh02,train,corn,MIS,38
2952284,frh02,train,temporary meadows,RGA,38
2952439,frh02,train,temporary meadows,PTR,38
2952503,frh02,train,rapeseed,CZH,20
2952616,frh02,train,permanent meadows,PPH,38
2952678,frh02,train,permanent meadows,PRL,20
2952788,frh02,train,rapeseed,CZH,20
2952857,frh02,train,temporary meadows,PTR,20
2952870,frh02,train,temporary meadows,PTR,20
2952880,frh02,train,corn,MIE,49
2952887,frh02,train,temporary meadows,PTR,38
2952929,frh02,train,permanent meadows,PPH,38
2952939,frh02,train,corn,MIS,38
2952959,frh02,train,barley,ORH,38
2952986,frh02,train,corn,MIS,20
2952990,frh02,train,temporary meadows,PTR,49
2953016,frh02,train,barley,ORH,38
2953059,frh02,train,temporary meadows,RGA,60
2953080,frh02,train,wheat,BTH,38
2953097,frh02,train,temporary meadows,PTR,20
2953150,frh02,train,wheat,BTH,38
2953154,frh02,train,temporary meadows,RGA,38
2953168,frh02,train,barley,ORH,38
2953171,frh02,train,temporary meadows,RGA,38
2953264,frh02,train,corn,MIE,20
2953308,frh02,train,wheat,BTH,20
2953411,frh02,train,wheat,BTH,58
2953413,frh02,train,rapeseed,CZH,58
2953437,frh02,train,corn,MIE,38
2953526,frh02,train,barley,ORH,25
2953530,frh02,train,barley,ORH,20
2953577,frh02,train,corn,MIS,38
2953588,frh02,train,temporary meadows,PTR,58
2953650,frh02,train,corn,MIS,38
2953696,frh02,train,barley,ORH,32
2953781,frh02,train,permanent meadows,PRL,36
2953795,frh02,train,permanent meadows,PPH,38
2953875,frh02,train,wheat,BTH,20
2953878,frh02,train,barley,ORH,20
2953945,frh02,train,corn,MIE,20
2953972,frh02,train,corn,MIE,38
2953999,frh02,train,wheat,BTH,20
2954032,frh02,train,temporary meadows,PTR,20
2954039,frh02,train,wheat,BTH,20
2954101,frh02,train,temporary meadows,PTR,20
2954103,frh02,train,barley,ORH,20
2954148,frh02,train,permanent meadows,PPH,38
2954172,frh02,train,corn,MIS,38
2954228,frh02,train,temporary meadows,PTR,38
2954244,frh02,train,temporary meadows,PTR,38
2954288,frh02,train,permanent meadows,PPH,38
2954311,frh02,train,corn,MIS,38
2954353,frh02,train,rapeseed,CZH,25
2954364,frh02,train,orchards,VRG,38
2954372,frh02,train,barley,ORH,38
2954387,frh02,train,barley,ORH,38
2954403,frh02,train,rapeseed,CZH,38
2954468,frh02,train,nuts,CAB,38
2954507,frh02,train,wheat,BTH,38
2954554,frh02,train,temporary meadows,RGA,38
2954607,frh02,train,temporary meadows,RGA,38
2954640,frh02,train,wheat,BTH,38
2954643,frh02,train,orchards,VRG,38
2954651,frh02,train,permanent meadows,PPH,60
2954693,frh02,train,permanent meadows,PPH,49
2954718,frh02,train,orchards,VRG,20
2954724,frh02,train,orchards,VRG,20
2954790,frh02,train,corn,MIE,49
2954832,frh02,train,corn,MIS,38
2954833,frh02,train,temporary meadows,RGA,38
2954840,frh02,train,wheat,BTH,38
2954847,frh02,train,temporary meadows,PTR,38
2954880,frh02,train,temporary meadows,RGA,58
2954960,frh02,train,corn,MIE,38
2954997,frh02,train,rapeseed,CZH,38
2955007,frh02,train,corn,MIS,38
2955027,frh02,train,corn,MIE,20
2955047,frh02,train,orchards,VRG,38
2955049,frh02,train,orchards,VRG,38
2955119,frh02,train,orchards,VRG,38
2955122,frh02,train,orchards,VRG,38
2955123,frh02,train,orchards,VRG,38
2955124,frh02,train,orchards,VRG,38
2955132,frh02,train,permanent meadows,PPH,38
2955214,frh02,train,rapeseed,CZH,38
2955293,frh02,train,rapeseed,CZH,38
2955295,frh02,train,rapeseed,CZH,38
2955306,frh02,train,barley,ORH,38
2955412,frh02,train,permanent meadows,PPH,38
2955424,frh02,train,barley,ORH,20
2955504,frh02,train,barley,ORH,20
2955523,frh02,train,corn,MIS,38
2955569,frh02,train,permanent meadows,PPH,60
2955601,frh02,train,permanent meadows,PRL,20
2955610,frh02,train,corn,MIS,38
2955635,frh02,train,wheat,BTH,25
2955638,frh02,train,corn,MIE,25
2955732,frh02,train,temporary meadows,RGA,38
2955781,frh02,train,wheat,BTH,49
2955833,frh02,train,temporary meadows,PTR,49
2955846,frh02,train,permanent meadows,PRL,49
2955856,frh02,train,wheat,BTH,38
2955863,frh02,train,corn,MIS,35
2955894,frh02,train,rapeseed,CZH,49
2955904,frh02,train,temporary meadows,RGA,35
2955917,frh02,train,permanent meadows,PRL,38
2955929,frh02,train,rapeseed,CZH,38
2955958,frh02,train,temporary meadows,PTR,38
2955978,frh02,train,barley,ORH,36
2955987,frh02,train,corn,MIE,38
2955995,frh02,train,temporary meadows,PTR,38
2956133,frh02,train,temporary meadows,PTR,38
2956147,frh02,train,temporary meadows,PTR,38
2956168,frh02,train,permanent meadows,PPH,20
2956174,frh02,train,permanent meadows,PPH,20
2956191,frh02,train,permanent meadows,PRL,58
2956243,frh02,train,temporary meadows,PTR,38
2956282,frh02,train,temporary meadows,PTR,60
2956315,frh02,train,corn,MIE,38
2956431,frh02,train,corn,MIE,38
2956560,frh01,train,permanent meadows,PPH,38
2956569,frh02,train,temporary meadows,PTR,38
2956637,frh02,train,temporary meadows,RGA,20
2956693,frh02,train,temporary meadows,PTR,38
2956823,frh02,train,barley,ORP,58
2956849,frh02,train,wheat,BTH,38
2956868,frh02,train,temporary meadows,PTR,38
2956880,frh02,train,corn,MIE,20
2956957,frh02,train,barley,ORH,20
2956992,frh02,train,corn,MIS,38
2957018,frh02,train,orchards,PFR,38
2957039,frh02,train,permanent meadows,PRL,38
2957093,frh02,train,rapeseed,CZH,38
2957180,frh02,train,barley,ORH,38
2957185,frh02,train,wheat,BTH,38
2957198,frh02,train,corn,MIS,20
2957256,frh02,train,barley,ORH,42
2957260,frh02,train,temporary meadows,PTR,38
2957344,frh02,train,temporary meadows,PTR,38
2957375,frh02,train,temporary meadows,PTR,49
2957376,frh02,train,temporary meadows,PTR,49
2957394,frh02,train,wheat,BTH,49
2957422,frh02,train,barley,ORH,38
2957463,frh02,train,wheat,BTH,38
2957485,frh02,train,nuts,NOS,20
2957486,frh02,train,nuts,NOS,20
2957487,frh02,train,nuts,NOS,20
2957498,frh02,train,rapeseed,CZH,38
2957509,frh02,train,permanent meadows,PPH,38
2957671,frh02,train,corn,MIE,38
2957694,frh02,train,barley,ORH,38
2957711,frh02,train,barley,ORH,38
2957733,frh02,train,barley,ORH,49
2957743,frh02,train,corn,MIS,25
2957748,frh02,train,permanent meadows,PPH,38
2957749,frh02,train,barley,ORH,38
2957787,frh02,train,corn,MIS,38
2957788,frh02,train,corn,MIS,38
2957808,frh02,train,permanent meadows,PPH,49
2957948,frh02,train,corn,MIS,38
2957967,frh02,train,corn,MIS,58
2957979,frh02,train,temporary meadows,PTR,38
2958033,frh02,train,barley,ORH,38
2958053,frh02,train,permanent meadows,PPH,38
2958062,frh02,train,permanent meadows,PPH,38
2958098,frh02,train,corn,MIE,38
2958125,frh02,train,wheat,BTH,38
2958135,frh02,train,corn,MIE,38
2958146,frh02,train,temporary meadows,RGA,38
2958198,frh02,train,wheat,BTH,38
2958238,frh02,train,temporary meadows,PTR,38
2958288,frh02,train,permanent meadows,PRL,38
2958291,frh02,train,corn,MIE,49
2958370,frh02,train,temporary meadows,PTR,49
2958411,frh02,train,temporary meadows,RGA,38
2958423,frh02,train,corn,MIE,38
2958530,frh02,train,wheat,BTH,38
2958570,frh02,train,barley,ORH,38
2958627,frh02,train,temporary meadows,RGA,38
2958683,frh02,train,rapeseed,CZH,38
2958735,frh02,train,permanent meadows,PPH,38
2958737,frh02,train,permanent meadows,PPH,38
2958755,frh02,train,barley,ORH,38
2958797,frh02,train,corn,MIS,38
2958828,frh02,train,corn,MIE,38
2958843,frh02,train,barley,ORH,38
2958866,frh02,train,barley,ORH,38
2958884,frh02,train,rapeseed,CZH,38
2958924,frh02,train,barley,ORH,38
2958977,frh02,train,wheat,BTH,38
2958993,frh02,train,corn,MIE,38
2959026,frh02,train,wheat,BTH,20
2959053,frh02,train,corn,MIS,49
2959079,frh02,train,wheat,BTH,38
2959135,frh02,train,permanent meadows,PPH,38
2959150,frh02,train,permanent meadows,PPH,20
2959153,frh02,train,permanent meadows,PPH,20
2959177,frh02,train,temporary meadows,PTR,38
2959194,frh02,train,rapeseed,CZH,20
2959196,frh02,train,corn,MIE,20
2959198,frh02,train,rapeseed,CZH,20
2959228,frh02,train,corn,MIE,20
2959245,frh02,train,wheat,BTH,20
2959250,frh02,train,temporary meadows,PTR,20
2959287,frh02,train,temporary meadows,RGA,20
2959342,frh02,train,corn,MIE,38
2959361,frh02,train,corn,MIE,38
2959382,frh02,train,rapeseed,CZH,20
2959386,frh02,train,rapeseed,CZH,20
2959392,frh02,train,barley,ORH,20
2959407,frh02,train,temporary meadows,PTR,20
2959426,frh02,train,corn,MIE,16
2959471,frh02,train,rapeseed,CZH,20
2959486,frh02,train,wheat,BTH,25
2959525,frh02,train,temporary meadows,PTR,38
2959589,frh02,train,wheat,BTH,38
2959607,frh02,train,temporary meadows,PTR,38
2959683,frh02,train,rapeseed,CZH,38
2959686,frh02,train,rapeseed,CZH,38
2959718,frh02,train,temporary meadows,PTR,38
2959719,frh02,train,temporary meadows,PTR,38
2959722,frh02,train,rapeseed,CZP,35
2959754,frh02,train,wheat,BTH,38
2959806,frh02,train,barley,ORH,48
2959894,frh02,train,temporary meadows,PTR,48
2959897,frh02,train,permanent meadows,PRL,49
2959917,frh02,train,rapeseed,CZP,25
2959930,frh02,train,temporary meadows,RGA,38
2959955,frh02,train,rapeseed,CZP,41
2959989,frh02,train,permanent meadows,PRL,38
2960006,frh02,train,wheat,BTH,38
2960101,frh02,train,corn,MIS,60
2960155,frh02,train,corn,MIE,20
2960173,frh02,train,barley,ORH,38
2960224,frh02,train,corn,MIE,38
2960233,frh02,train,permanent meadows,PRL,38
2960278,frh02,train,barley,ORH,38
2960301,frh02,train,corn,MIE,38
2960313,frh02,train,corn,MIE,20
2960350,frh02,train,orchards,VRG,20
2960358,frh02,train,permanent meadows,PRL,20
2960449,frh02,train,permanent meadows,PRL,20
2960610,frh02,train,corn,MIE,38
2960643,frh02,train,temporary meadows,RGA,38
2960672,frh02,train,rapeseed,CZH,38
2960676,frh02,train,permanent meadows,PRL,20
2960702,frh02,train,wheat,BTH,20
2960751,frh02,train,rapeseed,CZH,38
2960837,frh02,train,wheat,BTH,38
2960889,frh02,train,corn,MIE,20
2960891,frh02,train,temporary meadows,PTR,20
2960920,frh02,train,barley,ORH,38
2961003,frh02,train,temporary meadows,PTR,38
2961025,frh02,train,temporary meadows,PTR,20
2961060,frh02,train,permanent meadows,PPH,38
2961075,frh02,train,barley,ORH,20
2961158,frh02,train,corn,MIE,20
2961437,frh02,train,temporary meadows,PTR,38
2961442,frh02,train,barley,ORH,38
2961457,frh02,train,wheat,BTH,38
2961495,frh02,train,rapeseed,CZH,38
2961499,frh02,train,corn,MIS,38
2961568,frh02,train,temporary meadows,PTR,38
2961605,frh02,train,permanent meadows,PRL,38
2961612,frh02,train,permanent meadows,PRL,38
2961614,frh02,train,wheat,BTH,38
2961640,frh02,train,corn,MIS,38
2961662,frh02,train,temporary meadows,PTR,38
2961699,frh02,train,corn,MIE,48
2961724,frh02,train,temporary meadows,RGA,38
2961748,frh02,train,temporary meadows,PTR,49
2961786,frh02,train,temporary meadows,PTR,49
2961877,frh02,train,corn,MIS,49
2961892,frh02,train,rapeseed,CZH,49
2961924,frh02,train,wheat,BTH,38
2961967,frh02,train,barley,ORH,20
2961970,frh02,train,temporary meadows,RGA,20
2961972,frh02,train,temporary meadows,PTR,49
2961983,frh02,train,rapeseed,CZH,49
2961987,frh02,train,barley,ORH,49
2962024,frh02,train,wheat,BTH,38
2962036,frh02,train,permanent meadows,PRL,20
2962165,frh02,train,wheat,BTH,38
2962188,frh02,train,temporary meadows,RGA,38
2962191,frh02,train,permanent meadows,PPH,38
2962211,frh02,train,corn,MIE,20
2962212,frh02,train,barley,ORP,20
2962223,frh02,train,permanent meadows,PPH,38
2962255,frh02,train,permanent meadows,PRL,38
2962463,frh02,train,permanent meadows,PRL,38
2962509,frh02,train,barley,ORP,38
2962512,frh02,train,barley,ORP,38
2962525,frh02,train,permanent meadows,PPH,38
2962531,frh02,train,wheat,BTH,38
2962564,frh02,train,orchards,VRG,38
2962574,frh02,train,corn,MIE,38
2962663,frh02,train,wheat,BTH,38
2962722,frh02,train,wheat,BTH,38
2962723,frh02,train,wheat,BTH,38
2962725,frh02,train,temporary meadows,PTR,38
2962742,frh02,train,corn,MIS,38
2962755,frh02,train,corn,MIS,41
2962798,frh02,train,temporary meadows,RGA,38
2962810,frh02,train,corn,MIS,38
2962860,frh02,train,orchards,VRG,49
2962861,frh02,train,orchards,VRG,49
2962862,frh02,train,orchards,PFR,49
2962863,frh02,train,nuts,NOS,49
2962866,frh02,train,orchards,PFR,49
2962867,frh02,train,permanent meadows,PPH,25
2962889,frh02,train,corn,MIE,38
2962891,frh02,train,rapeseed,CZH,38
2962895,frh02,train,barley,ORH,38
2962907,frh02,train,orchards,VRG,38
2962918,frh02,train,rapeseed,CZH,38
2962925,frh02,train,temporary meadows,RGA,38
2962951,frh02,train,permanent meadows,PPH,20
2962964,frh02,train,barley,ORH,20
2962977,frh02,train,temporary meadows,RGA,49
2962980,frh02,train,permanent meadows,PPH,49
2962991,frh02,train,temporary meadows,RGA,49
2963016,frh02,train,barley,ORP,38
2963042,frh02,train,wheat,BTH,49
2963065,frh02,train,permanent meadows,PRL,49
2963112,frh02,train,permanent meadows,PPH,20
2963181,frh02,train,barley,ORH,38
2963257,frh02,train,barley,ORH,38
2963349,frh02,train,permanent meadows,PRL,38
2963477,frh02,train,barley,ORH,25
2963636,frh02,train,corn,MIE,38
2963638,frh02,train,orchards,VRG,38
2963736,frh02,train,permanent meadows,PRL,38
2963753,frh02,train,barley,ORH,34
2963795,frh02,train,permanent meadows,PPH,38
2963850,frh02,train,rapeseed,CZH,38
2963916,frh02,train,orchards,PFR,38
2963922,frh02,train,rapeseed,CZH,38
2963934,frh02,train,corn,MIS,38
2964011,frh02,train,temporary meadows,PTR,38
2964035,frh02,train,corn,MIE,38
2964040,frh02,train,temporary meadows,RGA,38
2964115,frh02,train,corn,MIS,38
2964169,frh02,train,barley,ORH,38
2964179,frh02,train,wheat,BTH,38
2964229,frh02,train,temporary meadows,RGA,38
2964262,frh02,train,orchards,VRG,38
2964263,frh02,train,orchards,VRG,38
2964264,frh02,train,orchards,VRG,38
2964265,frh02,train,orchards,VRG,38
2964266,frh02,train,orchards,VRG,38
2964267,frh02,train,orchards,VRG,38
2964268,frh02,train,orchards,VRG,38
2964269,frh02,train,orchards,VRG,38
2964270,frh02,train,orchards,VRG,20
2964271,frh02,train,orchards,VRG,20
2964275,frh02,train,corn,MIS,38
2964328,frh02,train,barley,ORH,20
2964406,frh02,train,permanent meadows,PPH,38
2964466,frh02,train,permanent meadows,PPH,20
2964515,frh02,train,permanent meadows,PPH,38
2964523,frh02,train,temporary meadows,PTR,38
2964542,frh02,train,temporary meadows,RGA,38
2964543,frh02,train,barley,ORH,60
2964572,frh02,train,wheat,BTH,38
2964665,frh02,train,temporary meadows,PTR,38
2964705,frh02,train,wheat,BTH,38
2964816,frh02,train,orchards,VRG,38
2964817,frh02,train,orchards,VRG,38
2964819,frh02,train,orchards,VRG,38
2964820,frh02,train,orchards,VRG,38
2964821,frh02,train,orchards,VRG,38
2964824,frh02,train,orchards,VRG,38
2964827,frh02,train,orchards,VRG,38
2964828,frh02,train,orchards,VRG,38
2964849,frh02,train,corn,MIE,38
2964912,frh02,train,barley,ORH,38
2964930,frh02,train,temporary meadows,PTR,38
2964990,frh02,train,barley,ORH,38
2965023,frh02,train,permanent meadows,PPH,38
2965040,frh02,train,permanent meadows,PPH,38
2965128,frh02,train,temporary meadows,RGA,49
2965129,frh02,train,rapeseed,CZH,49
2965137,frh02,train,permanent meadows,PRL,38
2965142,frh02,train,corn,MIS,38
2965145,frh02,train,rapeseed,CZH,38
2965147,frh02,train,rapeseed,CZH,38
2965155,frh02,train,temporary meadows,RGA,20
2965173,frh02,train,temporary meadows,PTR,49
2965194,frh02,train,rapeseed,CZH,38
2965242,frh02,train,barley,ORH,38
2965315,frh02,train,corn,MIE,20
2965336,frh02,train,barley,ORH,38
2965362,frh02,train,barley,ORH,38
2965418,frh02,train,temporary meadows,RGA,38
2965434,frh02,train,wheat,BTH,38
2965443,frh02,train,permanent meadows,PPH,38
2965450,frh02,train,permanent meadows,PRL,38
2965477,frh02,train,corn,MIE,20
2965521,frh02,train,temporary meadows,RGA,25
2965540,frh02,train,corn,MIE,38
2965570,frh02,train,temporary meadows,PTR,38
2965585,frh02,train,barley,ORH,38
2965590,frh02,train,barley,ORH,38
2965622,frh02,train,corn,MIE,38
2965760,frh02,train,wheat,BTH,38
2965854,frh02,train,corn,MIE,60
2965855,frh01,train,corn,MIE,38
2965906,frh02,train,permanent meadows,PPH,38
2965935,frh02,train,corn,MIE,38
2965941,frh02,train,permanent meadows,PPH,38
2965971,frh02,train,orchards,VRG,38
2966024,frh02,train,wheat,BTH,38
2966029,frh02,train,rapeseed,CZH,38
2966119,frh02,train,permanent meadows,PPH,38
2966196,frh02,train,rapeseed,CZH,38
2966199,frh02,train,barley,ORH,29
2966232,frh02,train,temporary meadows,RGA,38
2966294,frh02,train,barley,ORH,25
2966358,frh02,train,temporary meadows,PTR,38
2966402,frh02,train,temporary meadows,PTR,16
2966411,frh02,train,corn,MIS,38
2966432,frh02,train,temporary meadows,PTR,38
2966434,frh02,train,permanent meadows,PRL,38
2966516,frh02,train,permanent meadows,PRL,38
2966544,frh02,train,permanent meadows,PRL,58
2966584,frh02,train,temporary meadows,RGA,32
2966600,frh02,train,corn,MIS,38
2966620,frh02,train,temporary meadows,PTR,38
2966670,frh02,train,barley,ORH,31
2966690,frh02,train,rapeseed,CZH,38
2966808,frh02,train,barley,ORP,20
2966872,frh02,train,barley,ORH,38
2966879,frh02,train,temporary meadows,PTR,38
2966938,frh02,train,rapeseed,CZH,38
2966949,frh02,train,temporary meadows,PTR,38
2966985,frh02,train,rapeseed,CZH,38
2967007,frh02,train,permanent meadows,PRL,38
2967023,frh02,train,permanent meadows,PPH,32
2967035,frh02,train,corn,MIE,38
2967044,frh02,train,permanent meadows,PPH,38
2967046,frh02,train,temporary meadows,PTR,38
2967074,frh02,train,permanent meadows,PPH,38
2967082,frh02,train,temporary meadows,PTR,38
2967100,frh02,train,corn,MIE,32
2967149,frh02,train,temporary meadows,PTR,38
2967186,frh02,train,corn,MIE,38
2967207,frh02,train,orchards,VRG,38
2967239,frh02,train,corn,MIE,38
2967253,frh02,train,permanent meadows,PRL,38
2967301,frh02,train,permanent meadows,PRL,38
2967343,frh02,train,barley,ORP,38
2967351,frh02,train,barley,ORP,38
2967366,frh02,train,permanent meadows,PPH,49
2967420,frh02,train,barley,ORH,38
2967459,frh02,train,barley,ORP,58
2967502,frh02,train,barley,ORH,38
2967553,frh02,train,temporary meadows,PTR,41
2967576,frh02,train,permanent meadows,PPH,38
2967661,frh02,train,permanent meadows,PRL,38
2967696,frh02,train,permanent meadows,PPH,38
2967737,frh02,train,rapeseed,CZH,38
2967782,frh02,train,corn,MIE,38
2967805,frh02,train,wheat,BTH,41
2967816,frh02,train,permanent meadows,PRL,41
2967834,frh02,train,temporary meadows,RGA,38
2967838,frh02,train,barley,ORH,38
2967896,frh02,train,barley,ORH,20
2967925,frh02,train,barley,ORH,20
2967926,frh02,train,corn,MIE,20
2967943,frh02,train,rapeseed,CZH,38
2967961,frh02,train,wheat,BTH,20
2968052,frh02,train,barley,ORH,49
2968064,frh02,train,wheat,BTH,20
2968104,frh02,train,corn,MIE,20
2968125,frh01,train,orchards,VRG,38
2968132,frh02,train,orchards,VRG,38
2968159,frh02,train,wheat,BTH,38
2968217,frh02,train,corn,MIE,38
2968255,frh02,train,rapeseed,CZH,58
2968300,frh02,train,orchards,VRG,38
2968359,frh02,train,permanent meadows,PPH,38
2968476,frh02,train,orchards,VRG,38
2968490,frh02,train,permanent meadows,PPH,38
2968568,frh02,train,corn,MIS,58
2968573,frh02,train,permanent meadows,PPH,58
2968644,frh02,train,nuts,CAB,38
2968659,frh02,train,temporary meadows,PTR,38
2968715,frh02,train,permanent meadows,PRL,38
2968724,frh02,train,permanent meadows,PPH,38
2968778,frh02,train,temporary meadows,PTR,38
2968801,frh02,train,corn,MIE,20
2968832,frh02,train,corn,MIS,38
2968840,frh02,train,barley,ORH,38
2968867,frh02,train,orchards,VRG,58
2968868,frh02,train,orchards,VRG,58
2968870,frh02,train,orchards,VRG,58
2968871,frh02,train,orchards,VRG,58
2968872,frh02,train,orchards,VRG,58
2968905,frh02,train,permanent meadows,PPH,38
2968931,frh02,train,orchards,VRG,38
2968932,frh02,train,orchards,VRG,38
2968933,frh02,train,orchards,VRG,38
2969028,frh02,train,orchards,VRG,38
2969040,frh02,train,barley,ORH,38
2969190,frh02,train,barley,ORH,38
2969196,frh02,train,temporary meadows,RGA,38
2969449,frh02,train,permanent meadows,PPH,25
2969454,frh02,train,barley,ORH,25
2969486,frh02,train,temporary meadows,PTR,38
2969528,frh02,train,corn,MIE,38
2969571,frh02,train,barley,ORH,38
2969609,frh02,train,permanent meadows,PPH,38
2969626,frh02,train,temporary meadows,PTR,38
2969658,frh02,train,corn,MIS,38
2969699,frh02,train,barley,ORH,38
2969721,frh02,train,barley,ORH,38
2969747,frh02,train,permanent meadows,PPH,38
2969855,frh02,train,corn,MIE,49
2969900,frh02,train,corn,MIE,38
2969990,frh02,train,barley,ORH,38
2970082,frh02,train,permanent meadows,PRL,38
2970085,frh02,train,permanent meadows,PRL,38
2970101,frh02,train,barley,ORH,38
2970118,frh02,train,barley,ORH,38
2970199,frh02,train,barley,ORH,30
2970244,frh02,train,permanent meadows,PRL,38
2970252,frh02,train,barley,ORH,38
2970259,frh02,train,barley,ORH,38
2970263,frh02,train,barley,ORH,38
2970267,frh02,train,corn,MIS,20
2970272,frh02,train,wheat,BTH,20
2970299,frh02,train,corn,MIE,20
2970373,frh02,train,temporary meadows,PTR,38
2970420,frh02,train,permanent meadows,PPH,20
2970479,frh02,train,permanent meadows,PRL,49
2970525,frh02,train,corn,MIE,20
2970529,frh02,train,permanent meadows,PRL,38
2970609,frh02,train,permanent meadows,PPH,38
2970675,frh02,train,rapeseed,CZH,38
2970677,frh02,train,wheat,BTH,38
2970680,frh02,train,wheat,BTH,38
2970775,frh02,train,corn,MIS,38
2970794,frh02,train,barley,ORH,25
2970825,frh02,train,permanent meadows,PPH,38
2970846,frh02,train,permanent meadows,PPH,38
2970849,frh02,train,corn,MIS,38
2970980,frh02,train,permanent meadows,PPH,38
2970988,frh02,train,permanent meadows,PPH,38
2971066,frh02,train,corn,MIE,37
2971082,frh02,train,permanent meadows,PRL,49
2971091,frh02,train,temporary meadows,PTR,60
2971108,frh02,train,permanent meadows,PRL,60
2971163,frh02,train,barley,ORH,49
2971275,frh02,train,permanent meadows,PRL,42
2971298,frh02,train,orchards,VRG,38
2971311,frh02,train,corn,MIS,38
2971321,frh02,train,permanent meadows,PRL,38
2971359,frh02,train,orchards,VRG,38
2971369,frh02,train,wheat,BTH,20
2971413,frh02,train,wheat,BTH,38
2971428,frh02,train,corn,MIE,38
2971478,frh02,train,permanent meadows,PRL,38
2971485,frh02,train,corn,MIE,38
2971504,frh02,train,barley,ORP,38
2971639,frh02,train,temporary meadows,PTR,38
2971755,frh02,train,permanent meadows,PPH,25
2971774,frh02,train,rapeseed,CZH,38
2971803,frh02,train,temporary meadows,PTR,49
2971833,frh02,train,corn,MIE,38
2971849,frh02,train,temporary meadows,PTR,58
2971870,frh02,train,temporary meadows,PTR,38
2971938,frh02,train,wheat,BTH,38
2971954,frh02,train,corn,MIE,20
2972026,frh02,train,corn,MIE,20
2972047,frh02,train,barley,ORH,58
2972056,frh02,train,orchards,VRG,58
2972064,frh02,train,wheat,BTH,38
2972074,frh02,train,barley,ORH,38
2972078,frh02,train,barley,ORH,38
2972131,frh02,train,orchards,VRG,20
2972133,frh02,train,orchards,VRG,20
2972205,frh02,train,orchards,VRG,20
2972206,frh02,train,orchards,VRG,20
2972208,frh02,train,orchards,VRG,20
2972235,frh02,train,corn,MIS,58
2972295,frh02,train,orchards,VRG,20
2972353,frh02,train,permanent meadows,PPH,49
2972491,frh02,train,temporary meadows,PTR,49
2972540,frh02,train,temporary meadows,PTR,38
2972561,frh02,train,permanent meadows,PPH,38
2972579,frh02,train,corn,MIS,38
2972599,frh02,train,permanent meadows,PPH,49
2972641,frh02,train,orchards,VRG,20
2972642,frh02,train,orchards,VRG,20
2972643,frh02,train,orchards,VRG,20
2972644,frh02,train,orchards,VRG,20
2972645,frh02,train,orchards,VRG,20
2972647,frh02,train,orchards,VRG,20
2972648,frh02,train,orchards,VRG,20
2972652,frh02,train,orchards,VRG,20
2972654,frh02,train,orchards,VRG,20
2972656,frh02,train,orchards,VRG,20
2972657,frh02,train,orchards,VRG,20
2972699,frh02,train,temporary meadows,PTR,49
2972704,frh02,train,permanent meadows,PRL,20
2972707,frh02,train,temporary meadows,PTR,25
2972724,frh02,train,orchards,VRG,38
2972725,frh02,train,orchards,VRG,38
2972739,frh02,train,orchards,VRG,20
2972741,frh02,train,orchards,VRG,20
2972782,frh02,train,temporary meadows,PTR,38
2972812,frh02,train,barley,ORH,20
2972850,frh02,train,corn,MIS,38
2972870,frh02,train,wheat,BTH,38
2972877,frh02,train,temporary meadows,PTR,38
2972894,frh02,train,barley,ORH,38
2972933,frh02,train,permanent meadows,PPH,38
2972992,frh02,train,permanent meadows,PRL,38
2973038,frh02,train,permanent meadows,PPH,58
2973063,frh02,train,permanent meadows,PPH,58
2973090,frh02,train,permanent meadows,PPH,38
2973184,frh02,train,temporary meadows,PTR,20
2973205,frh02,train,corn,MIE,38
2973277,frh02,train,temporary meadows,PTR,20
2973290,frh02,train,barley,ORH,38
2973318,frh02,train,temporary meadows,PTR,38
2973391,frh02,train,temporary meadows,PTR,38
2973409,frh02,train,orchards,VRG,38
2973410,frh02,train,orchards,VRG,38
2973411,frh02,train,orchards,VRG,38
2973412,frh02,train,orchards,VRG,38
2973451,frh02,train,permanent meadows,PPH,38
2973472,frh02,train,permanent meadows,PRL,38
2973475,frh02,train,temporary meadows,PTR,38
2973565,frh02,train,rapeseed,CZH,49
2973640,frh02,train,wheat,BTH,49
2973660,frh02,train,rapeseed,CZH,49
2973672,frh02,train,temporary meadows,PTR,38
2973702,frh02,train,corn,MIE,38
2973804,frh02,train,wheat,BTH,38
2973805,frh02,train,wheat,BTH,38
2973807,frh02,train,permanent meadows,PPH,38
2973817,frh02,train,corn,MIE,20
2973891,frh02,train,rapeseed,CZH,38
2973902,frh02,train,permanent meadows,PRL,20
2973943,frh02,train,corn,MIE,38
2973951,frh02,train,barley,ORP,49
2973957,frh02,train,temporary meadows,PTR,49
2973976,frh02,train,corn,MIE,19
2974005,frh02,train,corn,MIE,58
2974077,frh02,train,rapeseed,CZH,38
2974109,frh02,train,corn,MIE,49
2974139,frh02,train,permanent meadows,PPH,38
2974207,frh02,train,permanent meadows,PPH,38
2974223,frh02,train,barley,ORH,25
2974228,frh02,train,corn,MIE,38
2974269,frh02,train,temporary meadows,PTR,58
2974304,frh02,train,wheat,BTH,38
2974311,frh02,train,rapeseed,CZH,38
2974413,frh02,train,permanent meadows,PRL,38
2974437,frh02,train,corn,MIE,20
2974439,frh02,train,corn,MIE,38
2974446,frh02,train,wheat,BTH,38
2974529,frh02,train,corn,MIE,20
2974534,frh02,train,barley,ORH,49
2974538,frh02,train,wheat,BTH,49
2974639,frh02,train,corn,MIE,38
2974696,frh02,train,permanent meadows,PPH,49
2974711,frh02,train,rapeseed,CZH,38
2974802,frh02,train,wheat,BTH,38
2974824,frh02,train,temporary meadows,PTR,37
2974852,frh02,train,corn,MIE,25
2975020,frh02,train,corn,MIE,38
2975086,frh02,train,temporary meadows,PTR,38
2975103,frh02,train,wheat,BTH,38
2975118,frh02,train,wheat,BTH,38
2975148,frh02,train,temporary meadows,PTR,38
2975197,frh02,train,wheat,BTH,38
2975205,frh02,train,barley,ORH,60
2975241,frh02,train,rapeseed,CZH,38
2975256,frh02,train,barley,ORH,38
2975278,frh02,train,orchards,VRG,49
2975282,frh02,train,temporary meadows,PTR,49
2975328,frh02,train,temporary meadows,RGA,38
2975373,frh02,train,barley,ORP,38
2975379,frh02,train,corn,MIS,38
2975460,frh02,train,barley,ORP,38
2975541,frh02,train,wheat,BTH,38
2975589,frh02,train,temporary meadows,PTR,38
2975623,frh02,train,corn,MIE,38
2975666,frh02,train,barley,ORH,40
2975684,frh02,train,corn,MIS,41
2975706,frh02,train,rapeseed,CZH,38
2975723,frh02,train,orchards,VRG,49
2975737,frh02,train,permanent meadows,PPH,38
2975742,frh02,train,temporary meadows,PTR,38
2975748,frh02,train,barley,ORH,38
2975752,frh02,train,permanent meadows,PPH,38
2975802,frh02,train,corn,MIE,38
2975855,frh02,train,orchards,VRG,38
2975875,frh02,train,permanent meadows,PPH,38
2975885,frh02,train,orchards,VRG,38
2975903,frh02,train,temporary meadows,PTR,38
2975907,frh02,train,corn,MIS,49
2975926,frh02,train,temporary meadows,PTR,49
2975944,frh02,train,permanent meadows,PPH,38
2975991,frh02,train,rapeseed,CZH,49
2976020,frh02,train,corn,MIS,49
2976065,frh02,train,corn,MIS,38
2976082,frh02,train,wheat,BTH,41
2976094,frh02,train,permanent meadows,PRL,33
2976103,frh02,train,temporary meadows,RGA,38
2976108,frh02,train,wheat,BTH,38
2976134,frh02,train,permanent meadows,PPH,49
2976151,frh02,train,temporary meadows,RGA,38
2976194,frh02,train,corn,MIS,20
2976197,frh02,train,orchards,VRG,38
2976198,frh02,train,orchards,VRG,38
2976291,frh02,train,rapeseed,CZH,38
2976306,frh02,train,corn,MIE,49
2976316,frh02,train,corn,MIS,20
2976358,frh02,train,rapeseed,CZH,38
2976387,frh02,train,temporary meadows,RGA,38
2976419,frh02,train,orchards,VRG,38
2976440,frh02,train,temporary meadows,PTR,38
2976499,frh02,train,barley,ORH,20
2976523,frh02,train,corn,MIE,39
2976570,frh02,train,wheat,BTH,20
2976656,frh02,train,temporary meadows,PTR,49
2976711,frh02,train,temporary meadows,RGA,49
2976740,frh02,train,orchards,VRG,49
2976741,frh02,train,orchards,VRG,49
3629715,frh01,train,rapeseed,CZH,22
3629716,frh01,train,corn,MIE,22
3633126,frh01,train,wheat,BTH,22
3635786,frh01,train,wheat,BTH,22
3657406,frh01,train,rapeseed,CZH,22
3660662,frh01,train,rapeseed,CZH,22
3673359,frh01,train,orchards,VRG,22
3685141,frh01,train,rapeseed,CZH,22
3685334,frh01,train,rapeseed,CZH,22
3685340,frh01,train,wheat,BTH,22
3685535,frh01,train,temporary meadows,PTR,22
3686219,frh01,train,permanent meadows,PRL,22
3699395,frh01,train,rapeseed,CZH,22
3699401,frh01,train,wheat,BTH,22
3710137,frh01,train,orchards,VRG,22
3723834,frh01,train,permanent meadows,PPH,22
3726328,frh01,train,wheat,BTH,22
3728968,frh01,train,barley,ORH,22
3728981,frh01,train,orchards,VRG,22
3743528,frh01,train,temporary meadows,PTR,22
3743532,frh01,train,corn,MIE,22
3746569,frh01,train,corn,MIE,22
3753796,frh01,train,wheat,BTH,22
3761265,frh01,train,orchards,VRG,22
3761266,frh01,train,orchards,VRG,22
3761267,frh01,train,orchards,VRG,22
3761268,frh01,train,orchards,VRG,22
3761269,frh01,train,orchards,VRG,22
3761270,frh01,train,orchards,VRG,22
3761271,frh01,train,orchards,VRG,22
3766075,frh01,train,wheat,BTH,22
3769761,frh01,train,orchards,VRG,22
3769830,frh01,train,corn,MIS,22
3781420,frh01,train,barley,ORH,22
3783509,frh01,train,corn,MIE,22
3787507,frh01,train,corn,MIE,22
3799464,frh02,train,permanent meadows,PRL,38
3799629,frh01,train,temporary meadows,PTR,22
6021325,frh01,train,wheat,BTH,22
6038153,frh01,train,rapeseed,CZH,22
6043681,frh01,train,corn,MIE,47
6046684,frh01,train,rapeseed,CZH,27
6047215,frh02,train,rapeseed,CZH,38
6047295,frh02,train,rapeseed,CZH,38
6051286,frh02,train,wheat,BTH,38
6054290,frh01,train,permanent meadows,PPH,22
6060513,frh01,train,rapeseed,CZH,22
6070155,frh01,train,temporary meadows,RGA,22
6089823,frh01,train,permanent meadows,PRL,38
6090882,frh01,train,temporary meadows,PTR,22
6103721,frh02,train,barley,ORH,38
6103723,frh02,train,barley,ORH,38
6104645,frh02,train,temporary meadows,RGA,38
6125878,frh02,train,permanent meadows,PPH,38
6129434,frh01,train,temporary meadows,PTR,22
6129435,frh01,train,wheat,BTH,22
6129637,frh01,train,barley,ORH,22
6141225,frh02,train,rapeseed,CZH,38
6141633,frh01,train,permanent meadows,PPH,38
6149064,frh02,train,orchards,VRG,38
6151876,frh01,train,rapeseed,CZH,22
6161926,frh01,train,temporary meadows,PTR,22
6166660,frh01,train,temporary meadows,PTR,22
6166934,frh01,train,orchards,VRG,22
6167020,frh01,train,orchards,VRG,22
6167022,frh01,train,barley,ORH,22
1952140,frh03,val,wheat,BTH,22
1956959,frh03,val,wheat,BTH,22
1962497,frh03,val,corn,MIE,22
1962499,frh03,val,permanent meadows,PRL,22
1964778,frh03,val,permanent meadows,PPH,22
1968485,frh03,val,corn,MIS,22
1984632,frh03,val,wheat,BTH,22
1993994,frh03,val,corn,MIE,22
1995611,frh03,val,wheat,BTH,22
1995792,frh03,val,corn,MIE,22
1998438,frh03,val,corn,MIE,22
2000344,frh03,val,corn,MIE,22
2000346,frh03,val,corn,MIE,22
2006876,frh03,val,permanent meadows,PPH,22
2006966,frh03,val,wheat,BTH,22
2010535,frh03,val,barley,ORH,22
2036089,frh03,val,corn,MIS,22
2046423,frh03,val,permanent meadows,PRL,22
2054485,frh03,val,wheat,BTH,22
2058443,frh03,val,wheat,BTH,22
2059819,frh03,val,rapeseed,CZH,22
2063084,frh03,val,temporary meadows,PTR,22
2073765,frh03,val,wheat,BTH,22
2092324,frh03,val,wheat,BTH,22
2098914,frh03,val,orchards,VRG,22
2100862,frh03,val,corn,MIS,35
2106114,frh03,val,corn,MIS,22
2130964,frh03,val,permanent meadows,PRL,22
2134486,frh03,val,temporary meadows,RGA,47
2150692,frh03,val,permanent meadows,PRL,22
3593888,frh03,val,corn,MIS,35
3593906,frh03,val,temporary meadows,PTR,35
3593951,frh03,val,wheat,BTH,22
3593985,frh03,val,permanent meadows,PPH,35
3594016,frh03,val,corn,MIE,35
3594044,frh03,val,corn,MIS,22
3594075,frh03,val,temporary meadows,PTR,47
3594083,frh03,val,temporary meadows,PTR,47
3594087,frh03,val,temporary meadows,PTR,47
3594165,frh03,val,wheat,BTH,47
3594173,frh03,val,wheat,BTH,47
3594175,frh03,val,corn,MIE,47
3594288,frh03,val,wheat,BTH,22
3594418,frh03,val,corn,MIE,34
3594489,frh03,val,corn,MIS,22
3594533,frh03,val,corn,MIS,22
3594534,frh03,val,barley,ORH,22
3594538,frh03,val,wheat,BTH,34
3594553,frh03,val,permanent meadows,PPH,34
3594695,frh03,val,permanent meadows,PPH,34
3594746,frh03,val,wheat,BTH,27
3594752,frh03,val,temporary meadows,PTR,47
3594799,frh03,val,wheat,BTH,47
3594876,frh03,val,barley,ORH,22
3594884,frh03,val,permanent meadows,PRL,22
3594917,frh03,val,corn,MIS,22
3594994,frh03,val,temporary meadows,PTR,22
3595134,frh03,val,temporary meadows,PTR,35
3595153,frh03,val,permanent meadows,PRL,22
3595185,frh03,val,barley,ORH,22
3595195,frh03,val,wheat,BTH,22
3595259,frh03,val,barley,ORH,22
3595315,frh03,val,temporary meadows,PTR,57
3595330,frh03,val,permanent meadows,PRL,22
3595411,frh03,val,corn,MIE,57
3595442,frh03,val,temporary meadows,RGA,34
3595504,frh03,val,corn,MIS,35
3595533,frh03,val,corn,MIE,35
3595534,frh03,val,permanent meadows,PPH,35
3595540,frh03,val,temporary meadows,RGA,34
3595596,frh03,val,orchards,VRG,35
3595613,frh03,val,temporary meadows,PTR,35
3595645,frh03,val,barley,ORH,22
3595659,frh03,val,corn,MIS,22
3595770,frh03,val,temporary meadows,RGA,27
3595773,frh03,val,temporary meadows,RGA,27
3595819,frh03,val,temporary meadows,RGA,22
3595900,frh03,val,wheat,BTH,22
3595986,frh03,val,permanent meadows,PRL,34
3596071,frh03,val,corn,MIE,47
3596096,frh03,val,temporary meadows,RGA,27
3596203,frh03,val,temporary meadows,PTR,34
3596248,frh03,val,permanent meadows,PPH,34
3596316,frh03,val,permanent meadows,PPH,22
3596361,frh03,val,temporary meadows,PTR,22
3596387,frh03,val,permanent meadows,PPH,47
3596463,frh03,val,temporary meadows,PTR,22
3596467,frh03,val,corn,MIE,22
3596469,frh03,val,wheat,BTH,35
3596490,frh03,val,corn,MIE,35
3596506,frh03,val,corn,MIS,22
3596509,frh03,val,corn,MIS,22
3596539,frh03,val,permanent meadows,PPH,34
3596555,frh03,val,temporary meadows,PTR,47
3596608,frh03,val,permanent meadows,PPH,22
3596683,frh03,val,temporary meadows,PTR,34
3596724,frh03,val,temporary meadows,PTR,34
3596810,frh03,val,temporary meadows,PTR,47
3596820,frh03,val,temporary meadows,PTR,47
3596856,frh03,val,temporary meadows,RGA,34
3596930,frh03,val,wheat,BTH,22
3596979,frh03,val,barley,ORH,22
3597056,frh03,val,temporary meadows,PTR,22
3597133,frh03,val,corn,MIE,22
3597147,frh03,val,permanent meadows,PPH,35
3597153,frh03,val,permanent meadows,PPH,35
3597161,frh03,val,wheat,BTH,34
3597191,frh03,val,corn,MIE,22
3597311,frh03,val,corn,MIE,35
3597331,frh03,val,wheat,BTH,35
3597401,frh03,val,temporary meadows,RGA,34
3597466,frh03,val,temporary meadows,PTR,35
3597532,frh03,val,wheat,BTH,24
3597545,frh03,val,wheat,BTH,34
3597649,frh03,val,permanent meadows,PPH,47
3597653,frh03,val,rapeseed,CZH,47
3597855,frh03,val,permanent meadows,PPH,34
3597934,frh03,val,temporary meadows,RGA,34
3597988,frh03,val,temporary meadows,PTR,47
3598039,frh03,val,permanent meadows,PRL,31
3598164,frh03,val,temporary meadows,PTR,47
3598224,frh03,val,permanent meadows,PPH,34
3598284,frh03,val,temporary meadows,PTR,22
3598352,frh03,val,permanent meadows,PPH,22
3598354,frh03,val,temporary meadows,PTR,22
3598394,frh03,val,temporary meadows,PTR,34
3598428,frh03,val,wheat,BTH,34
3598490,frh03,val,wheat,BTH,34
3598511,frh03,val,corn,MIE,22
3598527,frh03,val,permanent meadows,PPH,22
3598535,frh03,val,corn,MIE,35
3598575,frh03,val,temporary meadows,PTR,34
3598606,frh03,val,wheat,BTH,22
3598654,frh03,val,temporary meadows,PTR,35
3598823,frh03,val,wheat,BTH,22
3598833,frh03,val,temporary meadows,PTR,22
3598838,frh03,val,temporary meadows,PTR,22
3598857,frh03,val,permanent meadows,PPH,22
3598883,frh03,val,wheat,BTH,22
3598900,frh03,val,corn,MIE,22
3598945,frh03,val,wheat,BTH,26
3599035,frh03,val,permanent meadows,PPH,22
3599056,frh03,val,corn,MIE,22
3599103,frh03,val,permanent meadows,PPH,22
3599104,frh03,val,temporary meadows,RGA,22
3599115,frh03,val,wheat,BTH,22
3599130,frh03,val,permanent meadows,PPH,34
3599149,frh03,val,wheat,BTH,22
3599159,frh03,val,barley,ORH,22
3599169,frh03,val,wheat,BTH,22
3599448,frh03,val,permanent meadows,PPH,22
3599490,frh03,val,temporary meadows,PTR,34
3599501,frh03,val,barley,ORH,22
3599560,frh03,val,permanent meadows,PPH,34
3599582,frh03,val,wheat,BTH,22
3599646,frh03,val,permanent meadows,PPH,22
3599670,frh03,val,permanent meadows,PPH,22
3599698,frh03,val,barley,ORP,22
3599816,frh03,val,temporary meadows,PTR,34
3599837,frh03,val,wheat,BTH,22
3599932,frh03,val,temporary meadows,PTR,34
3599972,frh03,val,corn,MIE,34
3600026,frh03,val,temporary meadows,PTR,34
3600037,frh03,val,corn,MIE,47
3600094,frh03,val,permanent meadows,PRL,22
3600128,frh03,val,temporary meadows,PTR,35
3600209,frh03,val,temporary meadows,PTR,35
3600273,frh03,val,temporary meadows,PTR,22
3600374,frh03,val,temporary meadows,PTR,34
3600404,frh03,val,wheat,BTH,35
3600458,frh03,val,temporary meadows,PTR,35
3600506,frh03,val,permanent meadows,PPH,47
3600517,frh03,val,temporary meadows,PTR,34
3600540,frh03,val,temporary meadows,PTR,57
3600585,frh03,val,barley,ORH,47
3600611,frh03,val,permanent meadows,PPH,47
3600612,frh03,val,temporary meadows,PTR,47
3600661,frh03,val,corn,MIS,47
3600685,frh03,val,temporary meadows,PTR,47
3600748,frh03,val,permanent meadows,PPH,34
3600757,frh03,val,temporary meadows,PTR,34
3600777,frh03,val,wheat,BTH,47
3600803,frh03,val,temporary meadows,PTR,47
3600907,frh03,val,temporary meadows,PTR,22
3600932,frh03,val,corn,MIE,47
3600990,frh03,val,temporary meadows,PTR,34
3601153,frh03,val,permanent meadows,PRL,47
3601249,frh03,val,corn,MIS,22
3601316,frh03,val,temporary meadows,PTR,34
3601465,frh03,val,temporary meadows,PTR,35
3601491,frh03,val,permanent meadows,PPH,22
3601586,frh03,val,barley,ORP,22
3601592,frh03,val,temporary meadows,PTR,22
3601725,frh03,val,wheat,BTH,47
3601753,frh03,val,corn,MIS,34
3601812,frh03,val,orchards,VRG,50
3601885,frh03,val,permanent meadows,PPH,35
3601953,frh03,val,rapeseed,CZH,22
3601983,frh03,val,permanent meadows,PPH,35
3602131,frh03,val,permanent meadows,PPH,34
3602137,frh03,val,permanent meadows,PRL,34
3602144,frh03,val,permanent meadows,PPH,22
3602150,frh03,val,temporary meadows,PTR,22
3602168,frh03,val,wheat,BTH,50
3602229,frh03,val,permanent meadows,PPH,34
3602578,frh03,val,permanent meadows,PPH,22
3602581,frh03,val,permanent meadows,PPH,22
3602586,frh03,val,permanent meadows,PPH,22
3602592,frh03,val,permanent meadows,PPH,22
3602641,frh03,val,temporary meadows,RGA,57
3602665,frh03,val,temporary meadows,PTR,47
3602680,frh03,val,permanent meadows,PPH,22
3602771,frh03,val,permanent meadows,PPH,34
3602774,frh03,val,permanent meadows,PPH,34
3602851,frh03,val,temporary meadows,PTR,35
3603042,frh03,val,barley,ORH,35
3603057,frh03,val,permanent meadows,PPH,35
3603094,frh03,val,temporary meadows,PTR,35
3603136,frh03,val,temporary meadows,PTR,34
3603140,frh03,val,corn,MIS,35
3603266,frh03,val,temporary meadows,PTR,22
3603274,frh03,val,corn,MIS,22
3603441,frh03,val,temporary meadows,PTR,35
3603460,frh03,val,temporary meadows,PTR,34
3603533,frh03,val,temporary meadows,PTR,35
3603567,frh03,val,barley,ORH,27
3603568,frh03,val,corn,MIE,25
3603574,frh03,val,temporary meadows,PTR,35
3603752,frh03,val,corn,MIE,34
3603765,frh03,val,temporary meadows,PTR,34
3603794,frh03,val,permanent meadows,PPH,34
3603806,frh03,val,temporary meadows,PTR,22
3603837,frh03,val,temporary meadows,PTR,50
3603942,frh03,val,wheat,BTH,34
3604125,frh03,val,corn,MIS,22
3604132,frh03,val,permanent meadows,PPH,34
3604162,frh03,val,permanent meadows,PPH,47
3604198,frh03,val,temporary meadows,PTR,35
3604207,frh03,val,permanent meadows,PPH,22
3604255,frh03,val,permanent meadows,PPH,31
3604280,frh03,val,corn,MIS,34
3604395,frh03,val,corn,MIS,22
3604397,frh03,val,corn,MIS,22
3604517,frh03,val,corn,MIS,22
3604576,frh03,val,corn,MIE,34
3604599,frh03,val,corn,MIE,34
3604626,frh03,val,corn,MIS,22
3604627,frh03,val,temporary meadows,PTR,22
3604634,frh03,val,barley,ORP,22
3604656,frh03,val,permanent meadows,PRL,22
3604707,frh03,val,temporary meadows,PTR,34
3604831,frh03,val,wheat,BTH,22
3604837,frh03,val,corn,MIS,22
3604859,frh03,val,temporary meadows,PTR,34
3604932,frh03,val,corn,MIS,22
3605044,frh03,val,wheat,BTH,30
3605083,frh03,val,corn,MIS,34
3605118,frh03,val,wheat,BTH,47
3605260,frh03,val,permanent meadows,PPH,34
3605262,frh03,val,permanent meadows,PPH,34
3605273,frh03,val,temporary meadows,PTR,34
3605410,frh03,val,permanent meadows,PPH,34
3605468,frh03,val,temporary meadows,PTR,34
3605482,frh03,val,temporary meadows,PTR,34
3605527,frh03,val,permanent meadows,PRL,34
3605549,frh03,val,barley,ORH,34
3605626,frh03,val,temporary meadows,PTR,34
3605666,frh03,val,wheat,BTH,34
3605689,frh03,val,temporary meadows,PTR,22
3605692,frh03,val,permanent meadows,PPH,22
3605727,frh03,val,corn,MIE,34
3605873,frh03,val,barley,ORH,35
3605925,frh03,val,corn,MIE,34
3605936,frh03,val,permanent meadows,PRL,34
3605971,frh03,val,barley,ORH,34
3606007,frh03,val,barley,ORH,34
3606026,frh03,val,corn,MIE,34
3606051,frh03,val,permanent meadows,PRL,35
3606081,frh03,val,corn,MIE,22
3606117,frh03,val,corn,MIE,34
3606136,frh03,val,temporary meadows,RGA,34
3606190,frh03,val,temporary meadows,PTR,35
3606196,frh03,val,corn,MIE,35
3606209,frh03,val,temporary meadows,PTR,47
3606245,frh03,val,permanent meadows,PPH,27
3606431,frh03,val,barley,ORH,47
3606436,frh03,val,temporary meadows,PTR,47
3606465,frh03,val,corn,MIE,34
3606478,frh03,val,corn,MIS,34
3606520,frh03,val,permanent meadows,PPH,34
3606531,frh03,val,barley,ORH,50
3606602,frh03,val,temporary meadows,PTR,41
3606662,frh03,val,temporary meadows,RGA,35
3606713,frh03,val,temporary meadows,PTR,34
3606756,frh03,val,temporary meadows,PTR,34
3606903,frh03,val,wheat,BTH,22
3606907,frh03,val,rapeseed,CZH,47
3606916,frh03,val,barley,ORH,50
3606922,frh03,val,wheat,BTH,47
3606989,frh03,val,temporary meadows,PTR,35
3607005,frh03,val,permanent meadows,PPH,34
3607007,frh03,val,temporary meadows,PTR,34
3607015,frh03,val,corn,MIE,34
3607059,frh03,val,permanent meadows,PPH,34
3607098,frh03,val,temporary meadows,PTR,34
3607128,frh03,val,temporary meadows,PTR,47
3607159,frh03,val,wheat,BTH,34
3607245,frh03,val,temporary meadows,PTR,47
3607256,frh03,val,permanent meadows,PPH,22
3607262,frh03,val,wheat,BTH,22
3607278,frh03,val,permanent meadows,PPH,34
3607279,frh03,val,permanent meadows,PPH,34
3607311,frh03,val,temporary meadows,PTR,22
3607424,frh03,val,temporary meadows,PTR,22
3607442,frh03,val,corn,MIE,22
3607633,frh03,val,corn,MIS,22
3607715,frh03,val,wheat,BTH,22
3607718,frh03,val,permanent meadows,PPH,22
3607765,frh03,val,temporary meadows,PTR,47
3607800,frh03,val,permanent meadows,PPH,22
3607853,frh03,val,temporary meadows,PTR,57
3607900,frh03,val,barley,ORH,50
3607961,frh03,val,wheat,BTH,22
3607963,frh03,val,wheat,BTH,22
3607978,frh03,val,permanent meadows,PRL,22
3608013,frh03,val,wheat,BTH,22
3608046,frh03,val,temporary meadows,RGA,57
3608064,frh03,val,temporary meadows,RGA,35
3608075,frh03,val,corn,MIE,34
3608106,frh03,val,wheat,BTH,22
3608229,frh03,val,temporary meadows,PTR,57
3608273,frh03,val,permanent meadows,PPH,34
3608402,frh03,val,permanent meadows,PPH,35
3608445,frh03,val,wheat,BTH,22
3608452,frh03,val,corn,MIS,22
3608502,frh03,val,permanent meadows,PPH,35
3608548,frh03,val,permanent meadows,PRL,35
3608557,frh03,val,temporary meadows,PTR,35
3608576,frh03,val,temporary meadows,RGA,34
3608601,frh03,val,permanent meadows,PPH,34
3608632,frh03,val,corn,MIE,34
3608714,frh03,val,temporary meadows,PTR,34
3608718,frh03,val,temporary meadows,PTR,47
3608792,frh03,val,temporary meadows,PTR,22
3608798,frh03,val,corn,MIE,34
3608825,frh03,val,wheat,BTH,47
3608917,frh03,val,corn,MIE,34
3608929,frh03,val,temporary meadows,RGA,34
3609082,frh03,val,corn,MIE,35
3609221,frh03,val,temporary meadows,PTR,47
3609228,frh03,val,corn,MIE,22
3609254,frh03,val,corn,MIS,34
3609297,frh03,val,permanent meadows,PRL,34
3609349,frh03,val,temporary meadows,PTR,22
3609358,frh03,val,wheat,BTH,22
3609396,frh03,val,temporary meadows,PTR,47
3609431,frh03,val,wheat,BTH,57
3609488,frh03,val,rapeseed,CZH,22
3609515,frh03,val,wheat,BTH,47
3609547,frh03,val,temporary meadows,PTR,34
3609622,frh03,val,wheat,BTH,47
3609636,frh03,val,wheat,BTH,34
3609724,frh03,val,corn,MIE,34
3609789,frh03,val,wheat,BTH,35
3609818,frh03,val,wheat,BTH,22
3609837,frh03,val,permanent meadows,PPH,34
3609840,frh03,val,permanent meadows,PPH,34
3609920,frh03,val,permanent meadows,PPH,47
3609930,frh03,val,temporary meadows,PTR,50
3609932,frh03,val,temporary meadows,PTR,50
3609983,frh03,val,temporary meadows,PTR,47
3610014,frh03,val,corn,MIS,22
3610031,frh03,val,rapeseed,CZH,22
3610043,frh03,val,permanent meadows,PRL,34
3610049,frh03,val,permanent meadows,PPH,34
3610078,frh03,val,temporary meadows,PTR,22
3610272,frh03,val,corn,MIE,34
3610321,frh03,val,permanent meadows,PPH,22
3610363,frh03,val,temporary meadows,PTR,47
3610367,frh03,val,corn,MIE,47
3610418,frh03,val,wheat,BTH,22
3610609,frh03,val,permanent meadows,PPH,34
3610612,frh03,val,permanent meadows,PPH,34
3610684,frh03,val,temporary meadows,PTR,34
3610818,frh03,val,temporary meadows,PTR,34
3610831,frh03,val,corn,MIE,22
3610846,frh03,val,barley,ORH,22
3610898,frh03,val,permanent meadows,PPH,34
3610954,frh03,val,temporary meadows,PTR,50
3610959,frh03,val,wheat,BTH,50
3610999,frh03,val,temporary meadows,PTR,34
3611019,frh03,val,wheat,BTH,47
3611040,frh03,val,wheat,BTH,22
3611135,frh03,val,temporary meadows,PTR,34
3611159,frh03,val,temporary meadows,PTR,34
3611278,frh03,val,wheat,BTH,22
3611330,frh03,val,temporary meadows,PTR,50
3611354,frh03,val,barley,ORH,22
3611372,frh03,val,wheat,BTH,22
3611473,frh03,val,barley,ORH,22
3611476,frh03,val,wheat,BTH,22
3611480,frh03,val,temporary meadows,RGA,22
3611602,frh03,val,permanent meadows,PPH,34
3611611,frh03,val,temporary meadows,PTR,34
3611633,frh03,val,wheat,BTH,47
3611898,frh03,val,corn,MIS,47
3611915,frh03,val,permanent meadows,PPH,34
3611922,frh03,val,temporary meadows,RGA,34
3611965,frh03,val,temporary meadows,PTR,50
3612079,frh03,val,permanent meadows,PPH,34
3612153,frh03,val,barley,ORP,22
3612209,frh03,val,permanent meadows,PPH,34
3612232,frh03,val,corn,MIE,47
3612234,frh03,val,wheat,BTH,47
3612258,frh03,val,permanent meadows,PRL,22
3612377,frh03,val,permanent meadows,PPH,47
3612379,frh03,val,corn,MIS,47
3612511,frh03,val,temporary meadows,PTR,22
3612679,frh03,val,temporary meadows,PTR,34
3612704,frh03,val,temporary meadows,RGA,47
3612724,frh03,val,temporary meadows,PTR,47
3612733,frh03,val,corn,MIE,47
3612747,frh03,val,temporary meadows,PTR,35
3612763,frh03,val,corn,MIS,34
3612767,frh03,val,temporary meadows,PTR,34
3612785,frh03,val,wheat,BTH,22
3612787,frh03,val,wheat,BTH,22
3612868,frh03,val,temporary meadows,PTR,34
3612881,frh03,val,wheat,BTH,34
3612887,frh03,val,orchards,VRG,24
3612941,frh03,val,wheat,BTH,47
3612948,frh03,val,corn,MIE,34
3612966,frh03,val,permanent meadows,PPH,22
3613017,frh03,val,barley,ORH,35
3613236,frh03,val,corn,MIE,47
3613287,frh03,val,permanent meadows,PPH,34
3613326,frh03,val,temporary meadows,PTR,35
3613357,frh03,val,wheat,BTH,50
3613414,frh03,val,wheat,BTH,35
3613488,frh03,val,temporary meadows,PTR,34
3613500,frh03,val,temporary meadows,PTR,35
3613511,frh03,val,permanent meadows,PPH,22
3613512,frh03,val,permanent meadows,PPH,22
3613530,frh03,val,permanent meadows,PRL,34
3613590,frh03,val,wheat,BTH,34
3613730,frh03,val,wheat,BTH,34
3613737,frh03,val,temporary meadows,PTR,47
3613770,frh03,val,temporary meadows,PTR,34
3613860,frh03,val,rapeseed,CZH,34
3613863,frh03,val,permanent meadows,PPH,34
3613871,frh03,val,wheat,BTH,27
3613955,frh03,val,temporary meadows,PTR,34
3614016,frh03,val,temporary meadows,RGA,34
3614020,frh03,val,temporary meadows,PTR,34
3614023,frh03,val,temporary meadows,PTR,34
3614032,frh03,val,permanent meadows,PRL,50
3614042,frh03,val,corn,MIE,47
3614059,frh03,val,permanent meadows,PRL,22
3614171,frh03,val,wheat,BTH,34
3614190,frh03,val,temporary meadows,PTR,22
3614193,frh03,val,wheat,BTH,27
3614226,frh03,val,corn,MIS,22
3614245,frh03,val,permanent meadows,PPH,32
3614261,frh03,val,temporary meadows,PTR,34
3614436,frh03,val,permanent meadows,PPH,31
3614469,frh03,val,corn,MIE,22
3614578,frh03,val,corn,MIE,47
3614711,frh03,val,corn,MIE,22
3614739,frh03,val,wheat,BTH,47
3614918,frh03,val,permanent meadows,PPH,34
3615000,frh03,val,permanent meadows,PPH,26
3615002,frh03,val,corn,MIS,26
3615011,frh03,val,permanent meadows,PRL,22
3615128,frh03,val,temporary meadows,PTR,22
3615142,frh03,val,wheat,BTH,22
3615145,frh03,val,wheat,BTH,22
3615146,frh03,val,wheat,BTH,22
3615187,frh03,val,permanent meadows,PRL,34
3615190,frh03,val,permanent meadows,PRL,34
3615221,frh03,val,permanent meadows,PRL,22
3615226,frh03,val,temporary meadows,PTR,22
3615265,frh03,val,temporary meadows,PTR,22
3615424,frh03,val,corn,MIS,22
3615459,frh03,val,corn,MIS,34
3615476,frh03,val,permanent meadows,PPH,34
3615521,frh03,val,corn,MIE,50
3615557,frh03,val,temporary meadows,PTR,34
3615561,frh03,val,temporary meadows,RGA,35
3615616,frh03,val,corn,MIE,34
3615658,frh03,val,permanent meadows,PPH,35
3615659,frh03,val,wheat,BTH,47
3615692,frh03,val,temporary meadows,PTR,34
3615756,frh03,val,rapeseed,CZH,34
3615761,frh03,val,wheat,BTH,35
3615908,frh03,val,barley,ORH,57
3615985,frh03,val,corn,MIS,34
3616066,frh03,val,corn,MIS,34
3616087,frh03,val,corn,MIE,34
3616089,frh03,val,permanent meadows,PPH,47
3616101,frh03,val,corn,MIE,34
3616142,frh03,val,temporary meadows,PTR,34
3616316,frh03,val,wheat,BTH,50
3616391,frh03,val,corn,MIE,22
3616467,frh03,val,barley,ORH,34
3616478,frh03,val,permanent meadows,PPH,34
3616488,frh03,val,corn,MIE,34
3616500,frh03,val,wheat,BTH,35
3616679,frh03,val,temporary meadows,PTR,34
3616695,frh03,val,temporary meadows,PTR,34
3616762,frh03,val,temporary meadows,PTR,34
3617011,frh03,val,corn,MIE,34
3617028,frh03,val,temporary meadows,PTR,34
3617054,frh03,val,temporary meadows,RGA,26
3617131,frh03,val,temporary meadows,PTR,47
3617152,frh03,val,corn,MIE,34
3617335,frh03,val,corn,MIS,22
3617363,frh03,val,corn,MIE,22
3617415,frh03,val,corn,MIE,24
3617420,frh03,val,rapeseed,CZH,27
3617439,frh03,val,wheat,BTH,22
3617506,frh03,val,temporary meadows,RGA,34
3617526,frh03,val,corn,MIE,22
3617552,frh03,val,corn,MIE,34
3617620,frh03,val,permanent meadows,PPH,41
3617629,frh03,val,rapeseed,CZH,36
3617635,frh03,val,rapeseed,CZH,34
3617647,frh03,val,corn,MIE,35
3617787,frh03,val,rapeseed,CZH,22
3617884,frh03,val,permanent meadows,PRL,47
3617914,frh03,val,corn,MIE,47
3617953,frh03,val,temporary meadows,PTR,35
3617964,frh03,val,temporary meadows,PTR,47
3617986,frh03,val,temporary meadows,PTR,47
3618180,frh03,val,wheat,BTH,35
3618187,frh03,val,wheat,BTH,50
3618292,frh03,val,corn,MIE,48
3618295,frh03,val,temporary meadows,PTR,48
3618309,frh03,val,temporary meadows,PTR,47
3618334,frh03,val,wheat,BTH,22
3618406,frh03,val,temporary meadows,RGA,26
3618424,frh03,val,wheat,BTH,22
3618460,frh03,val,temporary meadows,PTR,34
3618500,frh03,val,corn,MIE,34
3618516,frh03,val,corn,MIE,22
3618542,frh03,val,corn,MIS,35
3618614,frh03,val,permanent meadows,PPH,34
3618646,frh03,val,wheat,BTH,57
3618666,frh03,val,wheat,BTH,34
3618691,frh03,val,permanent meadows,PPH,34
3618696,frh03,val,corn,MIE,34
3618706,frh03,val,barley,ORH,47
3618722,frh03,val,rapeseed,CZH,22
3618748,frh03,val,temporary meadows,PTR,47
3618755,frh03,val,permanent meadows,PPH,34
3618761,frh03,val,temporary meadows,PTR,34
3618875,frh03,val,temporary meadows,PTR,34
3618893,frh03,val,rapeseed,CZH,22
3618956,frh03,val,rapeseed,CZH,34
3619032,frh03,val,wheat,BTH,34
3619063,frh03,val,temporary meadows,RGA,34
3619072,frh03,val,wheat,BTH,34
3619103,frh03,val,corn,MIE,34
3619105,frh03,val,permanent meadows,PPH,34
3619205,frh03,val,temporary meadows,RGA,34
3619207,frh03,val,temporary meadows,RGA,34
3619212,frh03,val,permanent meadows,PRL,22
3619280,frh03,val,temporary meadows,PTR,47
3619359,frh03,val,temporary meadows,PTR,26
3619376,frh03,val,wheat,BTH,57
3619412,frh03,val,temporary meadows,PTR,34
3619506,frh03,val,permanent meadows,PPH,34
3619583,frh03,val,temporary meadows,PTR,34
3619598,frh03,val,rapeseed,CZH,22
3619711,frh03,val,corn,MIE,35
3619794,frh03,val,wheat,BTH,22
3619830,frh03,val,corn,MIE,34
3619899,frh03,val,corn,MIS,22
3619949,frh03,val,permanent meadows,PPH,34
3619968,frh03,val,corn,MIE,34
3620004,frh03,val,barley,ORH,34
3620034,frh03,val,permanent meadows,PPH,34
3620080,frh03,val,corn,MIE,36
3620123,frh03,val,temporary meadows,PTR,34
3620170,frh03,val,permanent meadows,PPH,47
3620228,frh03,val,barley,ORH,47
3620231,frh03,val,temporary meadows,PTR,47
3620328,frh03,val,wheat,BTH,50
3620367,frh03,val,permanent meadows,PPH,47
3620431,frh03,val,corn,MIS,34
3620528,frh03,val,permanent meadows,PRL,22
3620535,frh03,val,corn,MIS,22
3620645,frh03,val,corn,MIE,34
3620721,frh03,val,temporary meadows,PTR,34
3620729,frh03,val,permanent meadows,PPH,35
3620755,frh03,val,wheat,BTH,22
3620844,frh03,val,temporary meadows,PTR,47
3620881,frh03,val,temporary meadows,PTR,34
3620920,frh03,val,temporary meadows,PTR,47
3620940,frh03,val,barley,ORH,47
3620976,frh03,val,wheat,BTH,22
3620977,frh03,val,wheat,BTH,22
3621026,frh03,val,permanent meadows,PPH,34
3621029,frh03,val,temporary meadows,PTR,47
3621044,frh03,val,temporary meadows,PTR,34
3621050,frh03,val,temporary meadows,PTR,34
3621101,frh03,val,wheat,BTH,22
3621115,frh03,val,permanent meadows,PPH,22
3621166,frh03,val,wheat,BTH,34
3621167,frh03,val,temporary meadows,RGA,34
3621173,frh03,val,corn,MIE,34
3621232,frh03,val,barley,ORH,34
3621343,frh03,val,temporary meadows,PTR,50
3621392,frh03,val,corn,MIE,34
3621411,frh03,val,corn,MIE,47
3621463,frh03,val,wheat,BTH,27
3621484,frh03,val,corn,MIS,47
3621504,frh03,val,temporary meadows,PTR,22
3621510,frh03,val,temporary meadows,PTR,22
3621523,frh03,val,temporary meadows,PTR,22
3621562,frh03,val,wheat,BTH,34
3621610,frh03,val,corn,MIE,22
3621670,frh03,val,wheat,BTH,22
3621725,frh03,val,wheat,BTH,26
3621730,frh03,val,wheat,BTH,26
3621780,frh03,val,barley,ORH,47
3621940,frh03,val,temporary meadows,RGA,34
3622028,frh03,val,temporary meadows,RGA,34
3622063,frh03,val,corn,MIE,34
3622070,frh03,val,temporary meadows,PTR,34
3622146,frh03,val,wheat,BTH,34
3622247,frh03,val,corn,MIS,22
3622256,frh03,val,wheat,BTH,34
3622282,frh03,val,wheat,BTH,34
3622376,frh03,val,permanent meadows,PRL,34
3622457,frh03,val,permanent meadows,PRL,22
3622459,frh03,val,corn,MIE,34
3622526,frh03,val,wheat,BTH,47
3622620,frh03,val,corn,MIE,47
3622700,frh03,val,corn,MIS,47
3622725,frh03,val,temporary meadows,PTR,22
3622732,frh03,val,permanent meadows,PPH,22
3622734,frh03,val,wheat,BTH,34
3622784,frh03,val,corn,MIE,34
3622845,frh03,val,wheat,BTH,22
3622938,frh03,val,corn,MIE,22
3622969,frh03,val,wheat,BTH,26
3622984,frh03,val,permanent meadows,PPH,34
3623098,frh03,val,temporary meadows,PTR,34
3623115,frh03,val,barley,ORH,34
3623124,frh03,val,wheat,BTH,34
3623128,frh03,val,corn,MIE,34
3623139,frh03,val,temporary meadows,PTR,26
3623150,frh03,val,wheat,BTH,34
3623209,frh03,val,barley,ORH,34
3623226,frh03,val,temporary meadows,PTR,22
3623353,frh03,val,permanent meadows,PRL,34
3623408,frh03,val,corn,MIE,47
3623510,frh03,val,permanent meadows,PRL,47
3623691,frh03,val,temporary meadows,PTR,34
3623784,frh03,val,barley,ORH,22
3623904,frh03,val,permanent meadows,PRL,34
3624022,frh03,val,corn,MIE,22
3624040,frh03,val,permanent meadows,PPH,34
3624080,frh03,val,temporary meadows,RGA,47
3624088,frh03,val,temporary meadows,PTR,34
3624367,frh03,val,permanent meadows,PPH,34
3624475,frh03,val,permanent meadows,PPH,34
3624579,frh03,val,temporary meadows,PTR,47
3624628,frh03,val,temporary meadows,PTR,35
3624682,frh03,val,permanent meadows,PPH,47
3624690,frh03,val,temporary meadows,PTR,34
3624692,frh03,val,permanent meadows,PPH,34
3624723,frh03,val,temporary meadows,RGA,47
3624766,frh03,val,corn,MIE,34
3624781,frh03,val,temporary meadows,PTR,35
3624847,frh03,val,temporary meadows,PTR,22
3624913,frh03,val,rapeseed,CZH,22
3624930,frh03,val,temporary meadows,RGA,22
3624933,frh03,val,temporary meadows,RGA,22
3624970,frh03,val,corn,MIE,22
3625011,frh03,val,temporary meadows,PTR,22
3625026,frh03,val,temporary meadows,RGA,22
3625027,frh03,val,wheat,BTH,22
3625038,frh03,val,permanent meadows,PPH,34
3625054,frh03,val,wheat,BTH,34
3625228,frh03,val,permanent meadows,PPH,34
3625229,frh03,val,corn,MIE,34
3625243,frh03,val,temporary meadows,RGA,34
3625273,frh03,val,corn,MIE,34
3625275,frh03,val,corn,MIE,34
3625308,frh03,val,permanent meadows,PPH,35
3625331,frh03,val,wheat,BTH,47
3625471,frh03,val,permanent meadows,PRL,47
3625634,frh03,val,temporary meadows,PTR,35
3625682,frh03,val,corn,MIE,22
3625688,frh03,val,corn,MIS,47
3625743,frh03,val,temporary meadows,PTR,22
3625755,frh03,val,corn,MIE,22
3625807,frh03,val,corn,MIS,47
3625938,frh03,val,temporary meadows,PTR,38
3625953,frh03,val,corn,MIE,41
3626002,frh03,val,corn,MIS,47
3626019,frh03,val,wheat,BTH,57
3626099,frh03,val,permanent meadows,PPH,34
3626176,frh03,val,permanent meadows,PPH,47
3626189,frh03,val,permanent meadows,PPH,27
3626219,frh03,val,corn,MIE,22
3626282,frh03,val,corn,MIE,34
3626294,frh03,val,corn,MIE,34
3626299,frh03,val,permanent meadows,PPH,22
3626327,frh03,val,corn,MIE,34
3626406,frh03,val,corn,MIE,22
3626412,frh03,val,wheat,BTH,34
3626444,frh03,val,temporary meadows,PTR,34
3626457,frh03,val,wheat,BTH,22
3626679,frh03,val,corn,MIS,34
3626718,frh03,val,rapeseed,CZH,35
3626722,frh03,val,permanent meadows,PRL,34
3626772,frh03,val,barley,ORH,34
3626775,frh03,val,permanent meadows,PPH,34
3626795,frh03,val,rapeseed,CZH,35
3626808,frh03,val,barley,ORH,35
3626823,frh03,val,corn,MIS,30
3626878,frh03,val,barley,ORH,22
3626897,frh03,val,wheat,BTH,34
3626912,frh03,val,corn,MIE,22
3626981,frh03,val,rapeseed,CZH,34
3627031,frh03,val,corn,MIE,34
3627033,frh03,val,temporary meadows,RGA,34
3627067,frh03,val,permanent meadows,PRL,34
3627116,frh03,val,corn,MIE,22
3627205,frh03,val,rapeseed,CZH,50
3627228,frh03,val,rapeseed,CZH,50
3627248,frh03,val,corn,MIS,22
3627333,frh03,val,temporary meadows,PTR,50
3627364,frh03,val,permanent meadows,PRL,22
3627377,frh03,val,permanent meadows,PRL,22
3627390,frh03,val,permanent meadows,PPH,24
3627403,frh03,val,wheat,BTH,24
3627423,frh03,val,permanent meadows,PPH,34
3627431,frh03,val,permanent meadows,PPH,34
3627485,frh03,val,corn,MIE,22
3627503,frh03,val,temporary meadows,PTR,22
3627513,frh03,val,permanent meadows,PPH,34
3627530,frh03,val,permanent meadows,PPH,34
3627542,frh03,val,permanent meadows,PPH,47
3627543,frh03,val,temporary meadows,PTR,47
3627552,frh03,val,permanent meadows,PRL,47
3627611,frh03,val,corn,MIE,34
3627617,frh03,val,temporary meadows,RGA,34
3627694,frh03,val,temporary meadows,PTR,34
3627704,frh03,val,permanent meadows,PPH,22
3627728,frh03,val,corn,MIE,34
3627837,frh03,val,corn,MIE,34
3627910,frh03,val,permanent meadows,PPH,34
3627918,frh03,val,temporary meadows,PTR,35
3627945,frh03,val,temporary meadows,PTR,34
3627954,frh03,val,temporary meadows,RGA,34
3628071,frh03,val,temporary meadows,PTR,47
3628101,frh03,val,permanent meadows,PPH,34
3628105,frh03,val,temporary meadows,PTR,34
3628153,frh03,val,temporary meadows,PTR,34
3628161,frh03,val,temporary meadows,PTR,34
3628183,frh03,val,wheat,BTH,26
3628215,frh03,val,corn,MIE,22
3628270,frh03,val,temporary meadows,PTR,47
3628278,frh03,val,temporary meadows,RGA,33
3628310,frh03,val,temporary meadows,PTR,22
3628572,frh03,val,corn,MIE,22
3628752,frh03,val,corn,MIE,22
3628768,frh03,val,corn,MIE,22
3628774,frh03,val,temporary meadows,PTR,34
3628805,frh03,val,temporary meadows,RGA,34
3628863,frh03,val,wheat,BTH,22
3628889,frh03,val,corn,MIE,34
3628930,frh03,val,corn,MIE,34
3629087,frh03,val,wheat,BTH,22
3629103,frh03,val,wheat,BTH,22
3629107,frh03,val,corn,MIS,22
3629119,frh03,val,permanent meadows,PPH,34
3629197,frh03,val,temporary meadows,PTR,22
3629243,frh03,val,corn,MIS,34
3629305,frh03,val,temporary meadows,RGA,22
3629417,frh03,val,rapeseed,CZH,22
3629440,frh03,val,permanent meadows,PPH,34
3629507,frh03,val,permanent meadows,PRL,34
3629535,frh03,val,temporary meadows,PTR,22
3629585,frh03,val,permanent meadows,PPH,34
3629617,frh03,val,temporary meadows,RGA,22
3629739,frh03,val,temporary meadows,PTR,35
3629784,frh03,val,wheat,BTH,22
3629793,frh03,val,temporary meadows,RGA,22
3629968,frh03,val,barley,ORH,47
3629987,frh03,val,temporary meadows,PTR,47
3629989,frh03,val,corn,MIE,47
3630079,frh03,val,corn,MIE,35
3630094,frh03,val,corn,MIE,22
3630130,frh03,val,permanent meadows,PPH,34
3630137,frh03,val,wheat,BTH,47
3630164,frh03,val,temporary meadows,PTR,34
3630168,frh03,val,temporary meadows,PTR,34
3630182,frh03,val,temporary meadows,PTR,22
3630217,frh03,val,permanent meadows,PPH,22
3630240,frh03,val,wheat,BTH,47
3630268,frh03,val,temporary meadows,PTR,34
3630313,frh03,val,temporary meadows,PTR,34
3630400,frh03,val,wheat,BTH,22
3630541,frh03,val,corn,MIS,22
3630632,frh03,val,permanent meadows,PPH,22
3630633,frh03,val,permanent meadows,PPH,22
3630690,frh03,val,wheat,BTH,34
3630793,frh03,val,temporary meadows,PTR,34
3630853,frh03,val,permanent meadows,PPH,34
3630943,frh03,val,corn,MIE,47
3630995,frh03,val,permanent meadows,PPH,22
3631014,frh03,val,temporary meadows,PTR,35
3631021,frh03,val,corn,MIE,34
3631078,frh03,val,permanent meadows,PPH,34
3631094,frh03,val,temporary meadows,PTR,35
3631245,frh03,val,wheat,BTH,22
3631272,frh03,val,wheat,BTH,33
3631300,frh03,val,corn,MIS,22
3631336,frh03,val,barley,ORH,27
3631466,frh03,val,temporary meadows,PTR,47
3631488,frh03,val,corn,MIS,22
3631711,frh03,val,permanent meadows,PPH,22
3631743,frh03,val,temporary meadows,PTR,34
3631832,frh03,val,corn,MIE,34
3631873,frh03,val,permanent meadows,PPH,47
3631976,frh03,val,permanent meadows,PPH,47
3631999,frh03,val,temporary meadows,PTR,22
3632006,frh03,val,temporary meadows,PTR,34
3632012,frh03,val,corn,MIS,47
3632026,frh03,val,barley,ORP,22
3632032,frh03,val,wheat,BTH,22
3632055,frh03,val,corn,MIS,22
3632224,frh03,val,orchards,VRG,22
3632299,frh03,val,corn,MIE,47
3632304,frh03,val,barley,ORH,34
3632308,frh03,val,permanent meadows,PPH,34
3632356,frh03,val,corn,MIS,22
3632378,frh03,val,temporary meadows,PTR,50
3632391,frh03,val,wheat,BTH,50
3632451,frh03,val,corn,MIS,47
3632507,frh03,val,permanent meadows,PRL,47
3632535,frh03,val,temporary meadows,PTR,34
3632593,frh03,val,temporary meadows,PTR,34
3632638,frh03,val,corn,MIE,34
3632666,frh03,val,wheat,BTH,34
3632673,frh03,val,temporary meadows,RGA,34
3632689,frh03,val,corn,MIE,47
3632814,frh03,val,temporary meadows,RGA,50
3632835,frh03,val,corn,MIE,22
3632846,frh03,val,temporary meadows,PTR,22
3632931,frh03,val,temporary meadows,RGA,35
3632945,frh03,val,permanent meadows,PPH,35
3632981,frh03,val,temporary meadows,PTR,22
3633053,frh03,val,permanent meadows,PPH,22
3633092,frh03,val,corn,MIE,47
3633145,frh03,val,temporary meadows,RGA,34
3633147,frh03,val,barley,ORH,22
3633153,frh03,val,barley,ORH,22
3633164,frh03,val,corn,MIE,34
3633228,frh03,val,temporary meadows,PTR,34
3633231,frh03,val,permanent meadows,PPH,34
3633350,frh03,val,permanent meadows,PRL,34
3633372,frh03,val,permanent meadows,PPH,34
3633386,frh03,val,temporary meadows,RGA,34
3633523,frh03,val,corn,MIE,26
3633531,frh03,val,temporary meadows,PTR,47
3633545,frh03,val,corn,MIE,47
3633650,frh03,val,temporary meadows,PTR,50
3633724,frh03,val,barley,ORH,35
3633731,frh03,val,wheat,BTH,22
3633764,frh03,val,temporary meadows,PTR,50
3633803,frh03,val,permanent meadows,PRL,26
3633812,frh03,val,temporary meadows,PTR,34
3633816,frh03,val,temporary meadows,PTR,34
3633872,frh03,val,corn,MIE,50
3634045,frh03,val,wheat,BTH,22
3634091,frh03,val,wheat,BTH,35
3634099,frh03,val,permanent meadows,PPH,35
3634110,frh03,val,temporary meadows,PTR,34
3634133,frh03,val,temporary meadows,PTR,50
3634236,frh03,val,barley,ORH,50
3634372,frh03,val,temporary meadows,PTR,47
3634428,frh03,val,wheat,BTH,35
3634444,frh03,val,temporary meadows,PTR,34
3634511,frh03,val,wheat,BTH,22
3634521,frh03,val,permanent meadows,PPH,22
3634574,frh03,val,temporary meadows,PTR,34
3634586,frh03,val,permanent meadows,PPH,34
3634590,frh03,val,permanent meadows,PPH,34
3634609,frh03,val,rapeseed,CZH,22
3634704,frh03,val,barley,ORH,22
3634707,frh03,val,corn,MIS,22
3634723,frh03,val,corn,MIE,35
3634750,frh03,val,temporary meadows,PTR,35
3634764,frh03,val,wheat,BTH,34
3634773,frh03,val,corn,MIE,34
3634811,frh03,val,temporary meadows,PTR,22
3634826,frh03,val,temporary meadows,PTR,22
3634841,frh03,val,permanent meadows,PRL,50
3634894,frh03,val,wheat,BTH,34
3634940,frh03,val,temporary meadows,PTR,22
3635082,frh03,val,permanent meadows,PRL,22
3635094,frh03,val,permanent meadows,PPH,47
3635191,frh03,val,wheat,BTH,22
3635197,frh03,val,wheat,BTH,47
3635282,frh03,val,permanent meadows,PPH,22
3635304,frh03,val,permanent meadows,PRL,22
3635317,frh03,val,wheat,BTP,47
3635340,frh03,val,wheat,BTH,47
3635359,frh03,val,temporary meadows,PTR,22
3635446,frh03,val,temporary meadows,RGA,22
3635543,frh03,val,wheat,BTH,31
3635562,frh03,val,wheat,BTH,31
3635563,frh03,val,wheat,BTH,31
3635591,frh03,val,wheat,BTH,35
3635879,frh03,val,temporary meadows,PTR,22
3635896,frh03,val,temporary meadows,PTR,34
3635975,frh03,val,temporary meadows,PTR,34
3635991,frh03,val,temporary meadows,PTR,34
3636075,frh03,val,temporary meadows,PTR,34
3636092,frh03,val,permanent meadows,PPH,34
3636097,frh03,val,temporary meadows,PTR,34
3636130,frh03,val,permanent meadows,PPH,34
3636179,frh03,val,wheat,BTH,34
3636210,frh03,val,wheat,BTH,34
3636229,frh03,val,temporary meadows,PTR,35
3636237,frh03,val,temporary meadows,PTR,50
3636280,frh03,val,temporary meadows,PTR,22
3636310,frh03,val,wheat,BTH,35
3636355,frh03,val,corn,MIE,50
3636384,frh03,val,temporary meadows,RGA,34
3636397,frh03,val,temporary meadows,RGA,35
3636427,frh03,val,corn,MIE,35
3636534,frh03,val,corn,MIE,34
3636550,frh03,val,corn,MIE,47
3636552,frh03,val,temporary meadows,PTR,47
3636553,frh03,val,temporary meadows,PTR,47
3636575,frh03,val,corn,MIE,31
3636590,frh03,val,wheat,BTH,24
3636624,frh03,val,temporary meadows,PTR,34
3636627,frh03,val,temporary meadows,PTR,34
3636633,frh03,val,permanent meadows,PRL,47
3636640,frh03,val,temporary meadows,PTR,22
3636773,frh03,val,wheat,BTH,34
3636836,frh03,val,barley,ORH,35
3636895,frh03,val,temporary meadows,PTR,34
3636900,frh03,val,wheat,BTH,34
3636907,frh03,val,wheat,BTH,34
3637033,frh03,val,wheat,BTH,22
3637047,frh03,val,temporary meadows,PTR,34
3637067,frh03,val,corn,MIE,22
3637115,frh03,val,temporary meadows,PTR,34
3637124,frh03,val,corn,MIE,22
3637130,frh03,val,wheat,BTH,27
3637205,frh03,val,permanent meadows,PPH,57
3637247,frh03,val,barley,ORH,50
3637355,frh03,val,corn,MIE,22
3637419,frh03,val,temporary meadows,PTR,22
3637420,frh03,val,temporary meadows,PTR,22
3637508,frh03,val,temporary meadows,PTR,34
3637577,frh03,val,corn,MIS,22
3637581,frh03,val,corn,MIS,34
3637631,frh03,val,corn,MIE,47
3637717,frh03,val,corn,MIS,34
3637754,frh03,val,corn,MIE,50
3637772,frh03,val,corn,MIE,34
3637781,frh03,val,corn,MIS,22
3637808,frh03,val,permanent meadows,PPH,34
3637845,frh03,val,wheat,BTH,47
3637904,frh03,val,temporary meadows,PTR,34
3638013,frh03,val,temporary meadows,PTR,34
3638033,frh03,val,permanent meadows,PPH,22
3638089,frh03,val,wheat,BTH,22
3638096,frh03,val,temporary meadows,PTR,22
3638122,frh03,val,corn,MIE,22
3638126,frh03,val,permanent meadows,PPH,34
3638132,frh03,val,temporary meadows,PTR,34
3638146,frh03,val,permanent meadows,PPH,34
3638156,frh03,val,corn,MIS,34
3638172,frh03,val,temporary meadows,PTR,22
3638257,frh03,val,corn,MIE,22
3638310,frh03,val,temporary meadows,PTR,34
3638356,frh03,val,corn,MIE,22
3638358,frh03,val,corn,MIE,22
3638411,frh03,val,wheat,BTH,47
3638525,frh03,val,temporary meadows,PTR,50
3638533,frh03,val,wheat,BTH,50
3638608,frh03,val,temporary meadows,PTR,35
3638611,frh03,val,temporary meadows,PTR,35
3638640,frh03,val,corn,MIE,34
3638677,frh03,val,permanent meadows,PPH,24
3638734,frh03,val,wheat,BTH,34
3638749,frh03,val,wheat,BTH,34
3638768,frh03,val,temporary meadows,PTR,22
3638769,frh03,val,corn,MIE,22
3638945,frh03,val,permanent meadows,PPH,47
3638971,frh03,val,temporary meadows,PTR,22
3639021,frh03,val,permanent meadows,PPH,34
3639045,frh03,val,permanent meadows,PPH,34
3639138,frh03,val,temporary meadows,PTR,22
3639140,frh03,val,temporary meadows,PTR,22
3639223,frh03,val,corn,MIE,34
3639380,frh03,val,corn,MIE,35
3639423,frh03,val,permanent meadows,PPH,34
3639426,frh03,val,wheat,BTH,24
3639490,frh03,val,temporary meadows,PTR,47
3639552,frh03,val,permanent meadows,PRL,47
3639620,frh03,val,permanent meadows,PRL,35
3639636,frh03,val,permanent meadows,PPH,50
3639640,frh03,val,wheat,BTH,50
3639656,frh03,val,corn,MIS,50
3639736,frh03,val,corn,MIE,34
3639801,frh03,val,wheat,BTH,22
3639846,frh03,val,temporary meadows,PTR,34
3639848,frh03,val,temporary meadows,PTR,34
3639866,frh03,val,temporary meadows,PTR,34
3639931,frh03,val,temporary meadows,PTR,34
3639975,frh03,val,temporary meadows,PTR,34
3640018,frh03,val,wheat,BTH,35
3640150,frh03,val,barley,ORH,22
3640279,frh03,val,temporary meadows,PTR,24
3640357,frh03,val,wheat,BTH,35
3640369,frh03,val,temporary meadows,PTR,22
3640397,frh03,val,temporary meadows,PTR,24
3640429,frh03,val,temporary meadows,PTR,34
3640440,frh03,val,permanent meadows,PPH,22
3640446,frh03,val,temporary meadows,RGA,22
3640520,frh03,val,temporary meadows,RGA,22
3640555,frh03,val,wheat,BTH,22
3640593,frh03,val,temporary meadows,PTR,34
3640597,frh03,val,permanent meadows,PRL,34
3640701,frh03,val,corn,MIE,34
3640836,frh03,val,wheat,BTH,34
3640924,frh03,val,temporary meadows,PTR,47
3640929,frh03,val,wheat,BTH,34
3641124,frh03,val,permanent meadows,PPH,34
3641246,frh03,val,corn,MIE,39
3641300,frh03,val,permanent meadows,PPH,22
3641349,frh03,val,wheat,BTH,35
3641360,frh03,val,permanent meadows,PRL,35
3641432,frh03,val,permanent meadows,PPH,47
3641462,frh03,val,corn,MIE,34
3641473,frh03,val,wheat,BTH,34
3641524,frh03,val,permanent meadows,PPH,34
3641586,frh03,val,corn,MIE,22
3641600,frh03,val,corn,MIE,22
3641617,frh03,val,corn,MIS,22
3641631,frh03,val,corn,MIE,50
3641710,frh03,val,wheat,BTH,35
3641966,frh03,val,temporary meadows,RGA,47
3641993,frh03,val,temporary meadows,PTR,34
3642269,frh03,val,corn,MIS,35
3642311,frh03,val,permanent meadows,PPH,22
3642352,frh03,val,permanent meadows,PPH,34
3642397,frh03,val,temporary meadows,PTR,22
3642479,frh03,val,corn,MIS,22
3642572,frh03,val,permanent meadows,PPH,34
3642701,frh03,val,temporary meadows,RGA,22
3642707,frh03,val,temporary meadows,PTR,22
3642717,frh03,val,corn,MIE,34
3642863,frh03,val,temporary meadows,PTR,35
3642895,frh03,val,corn,MIE,22
3642951,frh03,val,corn,MIE,34
3642956,frh03,val,permanent meadows,PRL,34
3642977,frh03,val,permanent meadows,PPH,35
3643354,frh03,val,wheat,BTH,50
3643361,frh03,val,temporary meadows,PTR,24
3643364,frh03,val,temporary meadows,PTR,24
3643379,frh03,val,temporary meadows,PTR,34
3643446,frh03,val,wheat,BTH,35
3643497,frh03,val,corn,MIS,22
3643508,frh03,val,wheat,BTH,34
3643549,frh03,val,corn,MIE,33
3643553,frh03,val,temporary meadows,PTR,24
3643560,frh03,val,wheat,BTH,24
3643568,frh03,val,permanent meadows,PPH,34
3643638,frh03,val,permanent meadows,PPH,34
3643682,frh03,val,permanent meadows,PRL,34
3643716,frh03,val,wheat,BTH,22
3643757,frh03,val,temporary meadows,PTR,34
3643849,frh03,val,temporary meadows,PTR,34
3644037,frh03,val,permanent meadows,PPH,34
3644038,frh03,val,temporary meadows,PTR,34
3644058,frh03,val,permanent meadows,PPH,34
3644061,frh03,val,corn,MIE,35
3644098,frh03,val,temporary meadows,PTR,47
3644112,frh03,val,permanent meadows,PPH,34
3644156,frh03,val,corn,MIE,47
3644170,frh03,val,temporary meadows,PTR,47
3644278,frh03,val,corn,MIE,35
3644325,frh03,val,temporary meadows,PTR,34
3644403,frh03,val,temporary meadows,PTR,22
3644457,frh03,val,permanent meadows,PPH,34
3644471,frh03,val,temporary meadows,PTR,47
3644521,frh03,val,temporary meadows,PTR,47
3644530,frh03,val,temporary meadows,PTR,47
3644543,frh03,val,corn,MIS,47
3644589,frh03,val,wheat,BTH,47
3644607,frh03,val,wheat,BTH,47
3644611,frh03,val,corn,MIE,22
3644627,frh03,val,wheat,BTH,35
3644838,frh03,val,temporary meadows,PTR,35
3644864,frh03,val,permanent meadows,PPH,34
3644963,frh03,val,rapeseed,CZH,22
3644972,frh03,val,temporary meadows,PTR,22
3644988,frh03,val,temporary meadows,PTR,22
3645021,frh03,val,temporary meadows,PTR,34
3645027,frh03,val,temporary meadows,PTR,34
3645030,frh03,val,temporary meadows,PTR,34
3645061,frh03,val,barley,ORH,22
3645095,frh03,val,permanent meadows,PPH,22
3645129,frh03,val,orchards,VRG,35
3645143,frh03,val,wheat,BTH,35
3645204,frh03,val,corn,MIE,35
3645247,frh03,val,corn,MIE,34
3645317,frh03,val,corn,MIE,22
3645376,frh03,val,temporary meadows,PTR,22
3645561,frh03,val,temporary meadows,PTR,34
3645622,frh03,val,corn,MIE,34
3645752,frh03,val,temporary meadows,RGA,34
3645788,frh03,val,temporary meadows,PTR,47
3645796,frh03,val,temporary meadows,PTR,34
3645905,frh03,val,permanent meadows,PPH,47
3645919,frh03,val,corn,MIE,47
3645976,frh03,val,wheat,BTH,35
3646035,frh03,val,temporary meadows,PTR,34
3646118,frh03,val,rapeseed,CZH,22
3646184,frh03,val,barley,ORH,47
3646207,frh03,val,corn,MIE,22
3646381,frh03,val,corn,MIS,34
3646398,frh03,val,wheat,BTH,34
3646403,frh03,val,wheat,BTH,34
3646422,frh03,val,corn,MIE,26
3646558,frh03,val,temporary meadows,RGA,57
3646751,frh03,val,temporary meadows,PTR,35
3646898,frh03,val,corn,MIS,47
3646973,frh03,val,permanent meadows,PPH,34
3647134,frh03,val,barley,ORH,57
3647166,frh03,val,wheat,BTH,22
3647169,frh03,val,temporary meadows,PTR,22
3647181,frh03,val,temporary meadows,PTR,22
3647200,frh03,val,temporary meadows,PTR,22
3647364,frh03,val,temporary meadows,PTR,34
3647370,frh03,val,temporary meadows,PTR,22
3647378,frh03,val,wheat,BTH,35
3647412,frh03,val,corn,MIE,22
3647427,frh03,val,temporary meadows,PTR,34
3647437,frh03,val,permanent meadows,PPH,34
3647510,frh03,val,temporary meadows,PTR,34
3647549,frh03,val,temporary meadows,PTR,35
3647569,frh03,val,wheat,BTH,34
3647676,frh03,val,temporary meadows,RGA,22
3647714,frh03,val,corn,MIE,57
3647736,frh03,val,temporary meadows,RGA,22
3647806,frh03,val,wheat,BTH,57
3647916,frh03,val,temporary meadows,PTR,34
3647988,frh03,val,permanent meadows,PRL,26
3648035,frh03,val,wheat,BTH,27
3648037,frh03,val,corn,MIE,27
3648086,frh03,val,temporary meadows,PTR,34
3648089,frh03,val,temporary meadows,PTR,34
3648098,frh03,val,temporary meadows,PTR,22
3648105,frh03,val,permanent meadows,PPH,22
3648107,frh03,val,temporary meadows,PTR,22
3648116,frh03,val,wheat,BTH,35
3648213,frh03,val,corn,MIE,22
3648226,frh03,val,wheat,BTH,22
3648389,frh03,val,permanent meadows,PPH,34
3648469,frh03,val,temporary meadows,RGA,35
3648512,frh03,val,wheat,BTH,26
3648537,frh03,val,temporary meadows,PTR,35
3648554,frh03,val,corn,MIE,22
3648587,frh03,val,corn,MIE,35
3648662,frh03,val,corn,MIS,22
3648707,frh03,val,permanent meadows,PPH,34
3648714,frh03,val,corn,MIE,34
3648848,frh03,val,wheat,BTH,34
3648859,frh03,val,corn,MIE,34
3648890,frh03,val,wheat,BTH,26
3648930,frh03,val,corn,MIE,47
3648968,frh03,val,wheat,BTH,22
3648997,frh03,val,wheat,BTH,34
3649193,frh03,val,permanent meadows,PPH,22
3649204,frh03,val,barley,ORH,22
3649276,frh03,val,temporary meadows,PTR,34
3649281,frh03,val,wheat,BTH,47
3649310,frh03,val,temporary meadows,PTR,35
3649475,frh03,val,corn,MIE,35
3649494,frh03,val,wheat,BTH,34
3649502,frh03,val,wheat,BTH,35
3649516,frh03,val,orchards,VRG,35
3649617,frh03,val,permanent meadows,PPH,47
3649668,frh03,val,rapeseed,CZH,35
3649723,frh03,val,temporary meadows,RGA,22
3649768,frh03,val,barley,ORH,47
3649809,frh03,val,permanent meadows,PPH,22
3649860,frh03,val,corn,MIE,34
3649883,frh03,val,permanent meadows,PPH,34
3649972,frh03,val,temporary meadows,PTR,50
3650003,frh03,val,temporary meadows,PTR,22
3650036,frh03,val,temporary meadows,PTR,35
3650055,frh03,val,corn,MIS,22
3650109,frh03,val,temporary meadows,PTR,22
3650164,frh03,val,temporary meadows,PTR,57
3650165,frh03,val,temporary meadows,PTR,57
3650222,frh03,val,permanent meadows,PPH,22
3650290,frh03,val,permanent meadows,PRL,22
3650316,frh03,val,barley,ORH,34
3650402,frh03,val,corn,MIE,31
3650410,frh03,val,wheat,BTH,22
3650434,frh03,val,corn,MIS,22
3650463,frh03,val,temporary meadows,PTR,22
3650508,frh03,val,corn,MIE,47
3650555,frh03,val,temporary meadows,PTR,47
3650595,frh03,val,corn,MIE,34
3650631,frh03,val,corn,MIE,34
3650683,frh03,val,corn,MIE,47
3650770,frh03,val,corn,MIE,34
3650806,frh03,val,corn,MIE,34
3650870,frh03,val,temporary meadows,PTR,34
3650919,frh03,val,temporary meadows,PTR,34
3650977,frh03,val,permanent meadows,PPH,22
3651081,frh03,val,permanent meadows,PPH,34
3651082,frh03,val,permanent meadows,PPH,34
3651105,frh03,val,temporary meadows,PTR,34
3651266,frh03,val,wheat,BTH,26
3651307,frh03,val,permanent meadows,PPH,34
3651361,frh03,val,corn,MIE,34
3651407,frh03,val,permanent meadows,PPH,34
3651420,frh03,val,corn,MIE,47
3651468,frh03,val,wheat,BTH,49
3651484,frh03,val,temporary meadows,RGA,34
3651654,frh03,val,temporary meadows,PTR,34
3651666,frh03,val,temporary meadows,PTR,34
3651756,frh03,val,corn,MIE,50
3651866,frh03,val,corn,MIE,47
3652047,frh03,val,permanent meadows,PPH,22
3652057,frh03,val,permanent meadows,PPH,35
3652203,frh03,val,temporary meadows,RGA,26
3652222,frh03,val,temporary meadows,PTR,34
3652252,frh03,val,temporary meadows,PTR,34
3652263,frh03,val,corn,MIE,34
3652304,frh03,val,temporary meadows,PTR,34
3652344,frh03,val,temporary meadows,RGA,34
3652425,frh03,val,wheat,BTH,34
3652430,frh03,val,permanent meadows,PPH,34
3652493,frh03,val,temporary meadows,PTR,47
3652570,frh03,val,permanent meadows,PPH,34
3652609,frh03,val,temporary meadows,RGA,34
3652614,frh03,val,wheat,BTH,34
3652631,frh03,val,rapeseed,CZH,50
3652705,frh03,val,barley,ORH,35
3652757,frh03,val,temporary meadows,PTR,50
3652788,frh03,val,barley,ORH,35
3652836,frh03,val,wheat,BTH,34
3652902,frh03,val,corn,MIE,34
3652964,frh03,val,corn,MIS,22
3653015,frh03,val,permanent meadows,PRL,22
3653119,frh03,val,wheat,BTH,57
3653166,frh03,val,temporary meadows,RGA,34
3653167,frh03,val,wheat,BTH,34
3653206,frh03,val,wheat,BTH,47
3653258,frh03,val,corn,MIE,27
3653311,frh03,val,barley,ORH,34
3653321,frh03,val,corn,MIE,22
3653361,frh03,val,corn,MIE,28
3653364,frh03,val,permanent meadows,PPH,34
3653406,frh03,val,temporary meadows,PTR,22
3653461,frh03,val,rapeseed,CZH,50
3653485,frh03,val,corn,MIE,35
3653507,frh03,val,temporary meadows,PTR,35
3653511,frh03,val,temporary meadows,PTR,35
3653571,frh03,val,corn,MIE,47
3653591,frh03,val,wheat,BTH,34
3653649,frh03,val,corn,MIE,47
3653674,frh03,val,corn,MIE,47
3653710,frh03,val,temporary meadows,PTR,47
3653735,frh03,val,temporary meadows,RGA,34
3653914,frh03,val,barley,ORH,22
3653931,frh03,val,permanent meadows,PRL,22
3654002,frh03,val,temporary meadows,RGA,22
3654117,frh03,val,temporary meadows,PTR,22
3654130,frh03,val,corn,MIE,22
3654140,frh03,val,temporary meadows,PTR,22
3654147,frh03,val,corn,MIE,22
3654253,frh03,val,permanent meadows,PPH,22
3654269,frh03,val,permanent meadows,PPH,22
3654332,frh03,val,wheat,BTH,22
3654356,frh03,val,wheat,BTH,22
3654490,frh03,val,temporary meadows,PTR,34
3654541,frh03,val,corn,MIS,22
3654578,frh03,val,wheat,BTH,34
3654607,frh03,val,temporary meadows,PTR,24
3654637,frh03,val,corn,MIE,35
3654644,frh03,val,wheat,BTH,50
3654692,frh03,val,barley,ORH,34
3654711,frh03,val,corn,MIE,22
3654770,frh03,val,corn,MIE,34
3655035,frh03,val,temporary meadows,PTR,26
3655100,frh03,val,temporary meadows,PTR,22
3655203,frh03,val,permanent meadows,PPH,34
3655234,frh03,val,temporary meadows,PTR,22
3655282,frh03,val,wheat,BTH,34
3655309,frh03,val,wheat,BTH,22
3655358,frh03,val,corn,MIE,34
3655446,frh03,val,temporary meadows,PTR,22
3655453,frh03,val,corn,MIS,22
3655485,frh03,val,corn,MIS,34
3655608,frh03,val,temporary meadows,RGA,47
3655613,frh03,val,permanent meadows,PPH,47
3655789,frh03,val,corn,MIE,22
3655804,frh03,val,temporary meadows,PTR,35
3655844,frh03,val,corn,MIE,34
3655853,frh03,val,permanent meadows,PPH,34
3655884,frh03,val,temporary meadows,RGA,34
3655945,frh03,val,temporary meadows,RGA,22
3656019,frh03,val,temporary meadows,PTR,47
3656034,frh03,val,temporary meadows,RGA,47
3656203,frh03,val,corn,MIE,35
3656210,frh03,val,permanent meadows,PPH,22
3656216,frh03,val,permanent meadows,PPH,34
3656275,frh03,val,corn,MIS,35
3656324,frh03,val,wheat,BTH,34
3656399,frh03,val,wheat,BTH,57
3656406,frh03,val,wheat,BTH,34
3656467,frh03,val,permanent meadows,PPH,35
3656475,frh03,val,wheat,BTH,34
3656611,frh03,val,wheat,BTH,22
3656652,frh03,val,permanent meadows,PPH,34
3656660,frh03,val,permanent meadows,PPH,34
3656694,frh03,val,temporary meadows,PTR,34
3656727,frh03,val,temporary meadows,PTR,35
3656750,frh03,val,corn,MIE,35
3656813,frh03,val,corn,MIE,22
3656817,frh03,val,permanent meadows,PPH,22
3656867,frh03,val,corn,MIE,27
3656955,frh03,val,temporary meadows,PTR,50
3656971,frh03,val,wheat,BTH,50
3657004,frh03,val,temporary meadows,PTR,47
3657012,frh03,val,wheat,BTH,47
3657090,frh03,val,corn,MIE,22
3657115,frh03,val,corn,MIE,47
3657122,frh03,val,permanent meadows,PPH,35
3657183,frh03,val,permanent meadows,PPH,34
3657194,frh03,val,permanent meadows,PPH,35
3657196,frh03,val,permanent meadows,PPH,35
3657197,frh03,val,wheat,BTH,35
3657203,frh03,val,permanent meadows,PRL,47
3657236,frh03,val,wheat,BTH,22
3657361,frh03,val,temporary meadows,PTR,22
3657420,frh03,val,corn,MIE,22
3657698,frh03,val,temporary meadows,PTR,22
3657725,frh03,val,temporary meadows,PTR,34
3657740,frh03,val,temporary meadows,PTR,34
3657785,frh03,val,permanent meadows,PPH,34
3657816,frh03,val,wheat,BTH,22
3657851,frh03,val,temporary meadows,PTR,22
3657860,frh03,val,wheat,BTH,22
3657873,frh03,val,permanent meadows,PPH,35
3657886,frh03,val,barley,ORH,35
3657921,frh03,val,temporary meadows,RGA,34
3657995,frh03,val,corn,MIS,22
3658037,frh03,val,wheat,BTH,22
3658076,frh03,val,temporary meadows,PTR,22
3658078,frh03,val,corn,MIE,22
3658084,frh03,val,temporary meadows,PTR,22
3658087,frh03,val,permanent meadows,PRL,22
3658170,frh03,val,corn,MIE,22
3658267,frh03,val,temporary meadows,PTR,22
3658359,frh03,val,corn,MIE,22
3658386,frh03,val,corn,MIE,34
3658389,frh03,val,corn,MIE,34
3658407,frh03,val,temporary meadows,RGA,34
3658483,frh03,val,barley,ORH,34
3658501,frh03,val,wheat,BTH,34
3658560,frh03,val,permanent meadows,PPH,34
3658592,frh03,val,temporary meadows,PTR,47
3658628,frh03,val,temporary meadows,PTR,22
3658644,frh03,val,permanent meadows,PRL,34
3658648,frh03,val,barley,ORH,34
3658697,frh03,val,wheat,BTH,34
3658741,frh03,val,permanent meadows,PRL,35
3658763,frh03,val,temporary meadows,PTR,35
3658782,frh03,val,temporary meadows,RGA,47
3658829,frh03,val,permanent meadows,PPH,34
3658935,frh03,val,permanent meadows,PPH,35
3658952,frh03,val,corn,MIE,34
3659065,frh03,val,orchards,VRG,26
3659068,frh03,val,temporary meadows,PTR,26
3659071,frh03,val,permanent meadows,PPH,26
3659132,frh03,val,permanent meadows,PPH,22
3659216,frh03,val,temporary meadows,RGA,22
3659275,frh03,val,permanent meadows,PPH,26
3659283,frh03,val,temporary meadows,PTR,26
3659321,frh03,val,temporary meadows,RGA,22
3659329,frh03,val,rapeseed,CZH,35
3659405,frh03,val,temporary meadows,PTR,22
3659495,frh03,val,temporary meadows,PTR,22
3659557,frh03,val,permanent meadows,PPH,22
3659611,frh03,val,temporary meadows,PTR,34
3659671,frh03,val,permanent meadows,PPH,34
3659679,frh03,val,wheat,BTH,22
3659719,frh03,val,temporary meadows,PTR,22
3659772,frh03,val,barley,ORH,34
3659775,frh03,val,temporary meadows,RGA,34
3659865,frh03,val,wheat,BTH,34
3659885,frh03,val,permanent meadows,PRL,22
3659976,frh03,val,corn,MIS,47
3660013,frh03,val,corn,MIE,50
3660103,frh03,val,temporary meadows,RGA,34
3660180,frh03,val,temporary meadows,PTR,34
3660228,frh03,val,temporary meadows,PTR,22
3660266,frh03,val,barley,ORH,47
3660289,frh03,val,wheat,BTH,34
3660356,frh03,val,permanent meadows,PPH,34
3660361,frh03,val,permanent meadows,PPH,34
3660513,frh03,val,wheat,BTH,26
3660536,frh03,val,rapeseed,CZH,35
3660603,frh03,val,corn,MIS,34
3660618,frh03,val,corn,MIS,34
3660696,frh03,val,wheat,BTH,34
3660700,frh03,val,wheat,BTH,34
3660704,frh03,val,wheat,BTH,34
3660707,frh03,val,temporary meadows,PTR,34
3660827,frh03,val,corn,MIS,22
3660966,frh03,val,wheat,BTH,34
3660968,frh03,val,barley,ORH,27
3661024,frh03,val,corn,MIE,34
3661045,frh03,val,temporary meadows,PTR,47
3661080,frh03,val,temporary meadows,PTR,47
3661107,frh03,val,wheat,BTH,47
3661121,frh03,val,corn,MIS,34
3661175,frh03,val,barley,ORH,22
3661273,frh03,val,temporary meadows,PTR,34
3661346,frh03,val,temporary meadows,PTR,22
3661385,frh03,val,wheat,BTH,47
3661502,frh03,val,wheat,BTH,50
3661503,frh03,val,wheat,BTH,50
3661557,frh03,val,temporary meadows,PTR,35
3661571,frh03,val,temporary meadows,RGA,34
3661577,frh03,val,temporary meadows,RGA,34
3661641,frh03,val,temporary meadows,PTR,35
3661669,frh03,val,permanent meadows,PPH,22
3661690,frh03,val,temporary meadows,PTR,34
3661774,frh03,val,temporary meadows,PTR,22
3661805,frh03,val,barley,ORH,34
3661817,frh03,val,temporary meadows,PTR,34
3661860,frh03,val,corn,MIE,35
3661889,frh03,val,permanent meadows,PPH,22
3661943,frh03,val,temporary meadows,PTR,34
3662010,frh03,val,wheat,BTH,22
3662036,frh03,val,corn,MIE,34
3662037,frh03,val,permanent meadows,PPH,34
3662094,frh03,val,temporary meadows,PTR,47
3662110,frh03,val,corn,MIE,22
3662129,frh03,val,barley,ORH,35
3662182,frh03,val,permanent meadows,PRL,22
3662220,frh03,val,permanent meadows,PPH,34
3662223,frh03,val,temporary meadows,RGA,34
3662232,frh03,val,permanent meadows,PPH,34
3662251,frh03,val,permanent meadows,PPH,35
3662287,frh03,val,corn,MIE,34
3662319,frh03,val,barley,ORH,35
3662323,frh03,val,barley,ORH,35
3662348,frh03,val,wheat,BTH,22
3662350,frh03,val,temporary meadows,RGA,22
3662421,frh03,val,wheat,BTH,35
3662497,frh03,val,wheat,BTH,47
3662530,frh03,val,temporary meadows,PTR,22
3662580,frh03,val,corn,MIS,22
3662634,frh03,val,corn,MIE,35
3662664,frh03,val,corn,MIS,34
3662668,frh03,val,corn,MIS,34
3662709,frh03,val,permanent meadows,PRL,35
3662717,frh03,val,permanent meadows,PPH,47
3662789,frh03,val,corn,MIE,47
3662810,frh03,val,corn,MIE,22
3662825,frh03,val,barley,ORH,34
3662975,frh03,val,corn,MIE,35
3663002,frh03,val,permanent meadows,PPH,34
3663017,frh03,val,permanent meadows,PPH,47
3663107,frh03,val,temporary meadows,PTR,47
3663119,frh03,val,permanent meadows,PRL,47
3663130,frh03,val,permanent meadows,PPH,34
3663252,frh03,val,corn,MIE,35
3663490,frh03,val,permanent meadows,PRL,47
3663690,frh03,val,temporary meadows,PTR,47
3663713,frh03,val,wheat,BTH,34
3663741,frh03,val,wheat,BTH,35
3663766,frh03,val,barley,ORH,50
3663808,frh03,val,corn,MIE,34
3663876,frh03,val,wheat,BTH,47
3664004,frh03,val,permanent meadows,PRL,34
3664009,frh03,val,temporary meadows,PTR,34
3664019,frh03,val,barley,ORH,34
3664045,frh03,val,temporary meadows,PTR,34
3664084,frh03,val,permanent meadows,PPH,50
3664114,frh03,val,corn,MIE,34
3664127,frh03,val,corn,MIE,34
3664170,frh03,val,permanent meadows,PPH,50
3664198,frh03,val,corn,MIE,34
3664218,frh03,val,temporary meadows,PTR,34
3664230,frh03,val,temporary meadows,PTR,47
3664239,frh03,val,temporary meadows,PTR,47
3664494,frh03,val,temporary meadows,RGA,34
3664545,frh03,val,wheat,BTH,35
3664599,frh03,val,corn,MIE,35
3664657,frh03,val,temporary meadows,PTR,35
3664692,frh03,val,temporary meadows,PTR,22
3664701,frh03,val,wheat,BTH,35
3664766,frh03,val,temporary meadows,PTR,34
3664773,frh03,val,permanent meadows,PPH,34
3664831,frh03,val,permanent meadows,PPH,35
3664851,frh03,val,corn,MIE,47
3664854,frh03,val,corn,MIE,22
3664857,frh03,val,wheat,BTH,22
3664858,frh03,val,corn,MIE,22
3664999,frh03,val,temporary meadows,PTR,34
3665017,frh03,val,corn,MIE,50
3665074,frh03,val,corn,MIS,22
3665151,frh03,val,corn,MIE,34
3665155,frh03,val,permanent meadows,PPH,34
3665176,frh03,val,temporary meadows,PTR,34
3665193,frh03,val,wheat,BTH,34
3665291,frh03,val,temporary meadows,RGA,34
3665324,frh03,val,wheat,BTH,35
3665339,frh03,val,wheat,BTH,35
3665409,frh03,val,temporary meadows,PTR,34
3665418,frh03,val,temporary meadows,RGA,34
3665423,frh03,val,temporary meadows,RGA,34
3665509,frh03,val,orchards,VRG,34
3665537,frh03,val,wheat,BTH,47
3665547,frh03,val,temporary meadows,PTR,35
3665575,frh03,val,temporary meadows,PTR,34
3665583,frh03,val,barley,ORH,22
3665587,frh03,val,wheat,BTH,34
3665669,frh03,val,permanent meadows,PPH,34
3665671,frh03,val,wheat,BTH,34
3665687,frh03,val,corn,MIE,22
3665690,frh03,val,barley,ORH,22
3665702,frh03,val,temporary meadows,PTR,34
3665715,frh03,val,temporary meadows,PTR,33
3665733,frh03,val,permanent meadows,PPH,35
3665784,frh03,val,temporary meadows,PTR,34
3665799,frh03,val,temporary meadows,RGA,34
3665800,frh03,val,permanent meadows,PRL,34
3665803,frh03,val,temporary meadows,RGA,34
3665824,frh03,val,temporary meadows,PTR,22
3665914,frh03,val,rapeseed,CZH,22
3665929,frh03,val,corn,MIE,22
3665937,frh03,val,corn,MIS,35
3666061,frh03,val,wheat,BTH,34
3666174,frh03,val,temporary meadows,PTR,34
3666184,frh03,val,corn,MIS,47
3666204,frh03,val,permanent meadows,PPH,34
3666207,frh03,val,temporary meadows,PTR,34
3666366,frh03,val,permanent meadows,PPH,47
3666411,frh03,val,wheat,BTH,22
3666466,frh03,val,permanent meadows,PPH,47
3666471,frh03,val,corn,MIE,34
3666530,frh03,val,temporary meadows,PTR,35
3666549,frh03,val,temporary meadows,PTR,34
3666559,frh03,val,temporary meadows,PTR,34
3666664,frh03,val,permanent meadows,PPH,47
3666690,frh03,val,barley,ORH,22
3666707,frh03,val,barley,ORH,34
3666739,frh03,val,permanent meadows,PPH,34
3666741,frh03,val,permanent meadows,PPH,34
3666792,frh03,val,permanent meadows,PPH,26
3666805,frh03,val,barley,ORH,34
3666860,frh03,val,permanent meadows,PPH,34
3666953,frh03,val,wheat,BTH,47
3667005,frh03,val,corn,MIS,22
3667048,frh03,val,permanent meadows,PPH,47
3667068,frh03,val,temporary meadows,PTR,22
3667077,frh03,val,corn,MIE,22
3667147,frh03,val,wheat,BTH,22
3667206,frh03,val,temporary meadows,PTR,34
3667278,frh03,val,wheat,BTH,34
3667318,frh03,val,permanent meadows,PPH,47
3667327,frh03,val,wheat,BTH,47
3667336,frh03,val,temporary meadows,PTR,34
3667375,frh03,val,corn,MIS,22
3667411,frh03,val,orchards,VRG,22
3667458,frh03,val,corn,MIE,34
3667489,frh03,val,orchards,VRG,22
3667546,frh03,val,barley,ORH,34
3667580,frh03,val,temporary meadows,PTR,34
3667647,frh03,val,permanent meadows,PPH,35
3667674,frh03,val,temporary meadows,PTR,34
3667760,frh03,val,wheat,BTH,34
3667793,frh03,val,temporary meadows,PTR,34
3667809,frh03,val,wheat,BTH,22
3667844,frh03,val,corn,MIE,47
3667845,frh03,val,corn,MIE,47
3667847,frh03,val,corn,MIE,47
3667855,frh03,val,temporary meadows,PTR,34
3667874,frh03,val,temporary meadows,PTR,22
3667913,frh03,val,permanent meadows,PPH,22
3667944,frh03,val,wheat,BTH,22
3668032,frh03,val,wheat,BTH,22
3668115,frh03,val,barley,ORH,22
3668159,frh03,val,corn,MIE,44
3668204,frh03,val,wheat,BTH,22
3668291,frh03,val,wheat,BTH,34
3668308,frh03,val,temporary meadows,PTR,34
3668309,frh03,val,permanent meadows,PPH,34
3668324,frh03,val,barley,ORH,22
3668350,frh03,val,wheat,BTH,22
3668354,frh03,val,wheat,BTH,22
3668383,frh03,val,wheat,BTH,46
3668398,frh03,val,temporary meadows,PTR,34
3668426,frh03,val,corn,MIS,35
3668467,frh03,val,corn,MIE,38
3668511,frh03,val,permanent meadows,PPH,34
3668533,frh03,val,temporary meadows,RGA,34
3668536,frh03,val,corn,MIE,34
3668564,frh03,val,corn,MIE,34
3668586,frh03,val,corn,MIS,34
3668592,frh03,val,temporary meadows,PTR,34
3668611,frh03,val,temporary meadows,RGA,22
3668707,frh03,val,temporary meadows,PTR,34
3668735,frh03,val,permanent meadows,PRL,34
3668766,frh03,val,permanent meadows,PRL,34
3668767,frh03,val,permanent meadows,PRL,34
3668781,frh03,val,permanent meadows,PPH,22
3668915,frh03,val,temporary meadows,RGA,34
3669049,frh03,val,wheat,BTH,34
3669079,frh03,val,wheat,BTH,35
3669086,frh03,val,permanent meadows,PRL,47
3669111,frh03,val,temporary meadows,PTR,34
3669140,frh03,val,permanent meadows,PRL,22
3669217,frh03,val,permanent meadows,PRL,22
3669218,frh03,val,corn,MIE,22
3669222,frh03,val,permanent meadows,PPH,22
3669249,frh03,val,temporary meadows,PTR,35
3669335,frh03,val,temporary meadows,PTR,50
3669380,frh03,val,permanent meadows,PPH,34
3669644,frh03,val,permanent meadows,PRL,34
3669810,frh03,val,permanent meadows,PPH,34
3669818,frh03,val,permanent meadows,PPH,34
3669853,frh03,val,permanent meadows,PPH,34
3669899,frh03,val,rapeseed,CZH,22
3670064,frh03,val,wheat,BTH,22
3670087,frh03,val,orchards,VRG,22
3670115,frh03,val,wheat,BTH,47
3670177,frh03,val,temporary meadows,PTR,34
3670186,frh03,val,temporary meadows,PTR,34
3670233,frh03,val,temporary meadows,PTR,34
3670256,frh03,val,corn,MIE,22
3670295,frh03,val,temporary meadows,PTR,47
3670363,frh03,val,corn,MIE,34
3670417,frh03,val,temporary meadows,PTR,34
3670449,frh03,val,temporary meadows,PTR,34
3670467,frh03,val,corn,MIE,34
3670513,frh03,val,temporary meadows,PTR,34
3670546,frh03,val,temporary meadows,PTR,34
3670619,frh03,val,wheat,BTH,22
3670628,frh03,val,temporary meadows,PTR,22
3670656,frh03,val,temporary meadows,PTR,34
3670758,frh03,val,permanent meadows,PRL,34
3670759,frh03,val,permanent meadows,PPH,34
3670782,frh03,val,wheat,BTH,35
3670849,frh03,val,permanent meadows,PPH,22
3670885,frh03,val,corn,MIE,34
3670908,frh03,val,corn,MIE,22
3670925,frh03,val,permanent meadows,PPH,22
3670989,frh03,val,permanent meadows,PPH,35
3671055,frh03,val,temporary meadows,PTR,34
3671083,frh03,val,temporary meadows,RGA,34
3671115,frh03,val,barley,ORP,22
3671270,frh03,val,temporary meadows,PTR,35
3671301,frh03,val,temporary meadows,PTR,22
3671308,frh03,val,wheat,BTH,22
3671451,frh03,val,permanent meadows,PPH,34
3671552,frh03,val,corn,MIS,47
3671630,frh03,val,wheat,BTH,34
3671663,frh03,val,temporary meadows,PTR,22
3671687,frh03,val,barley,ORH,47
3671751,frh03,val,permanent meadows,PPH,22
3671848,frh03,val,permanent meadows,PRL,22
3671886,frh03,val,wheat,BTH,34
3672118,frh03,val,corn,MIE,34
3672149,frh03,val,temporary meadows,PTR,47
3672187,frh03,val,wheat,BTH,22
3672230,frh03,val,corn,MIE,34
3672316,frh03,val,corn,MIE,22
3672321,frh03,val,wheat,BTH,47
3672338,frh03,val,barley,ORH,50
3672392,frh03,val,corn,MIS,47
3672405,frh03,val,corn,MIE,34
3672466,frh03,val,permanent meadows,PPH,22
3672546,frh03,val,temporary meadows,RGA,22
3672591,frh03,val,permanent meadows,PPH,35
3672923,frh03,val,temporary meadows,PTR,35
3672937,frh03,val,corn,MIS,35
3673010,frh03,val,temporary meadows,RGA,22
3673060,frh03,val,permanent meadows,PRL,47
3673102,frh03,val,temporary meadows,RGA,47
3673117,frh03,val,temporary meadows,PTR,34
3673170,frh03,val,wheat,BTH,22
3673233,frh03,val,corn,MIE,22
3673272,frh03,val,wheat,BTH,22
3673294,frh03,val,corn,MIE,22
3673452,frh03,val,wheat,BTH,22
3673477,frh03,val,permanent meadows,PPH,34
3673495,frh03,val,barley,ORH,35
3673532,frh03,val,temporary meadows,PTR,34
3673575,frh03,val,corn,MIE,34
3673576,frh03,val,corn,MIE,34
3673591,frh03,val,temporary meadows,RGA,47
3673698,frh03,val,permanent meadows,PPH,34
3673713,frh03,val,temporary meadows,PTR,35
3673758,frh03,val,permanent meadows,PPH,35
3673781,frh03,val,corn,MIE,34
3673798,frh03,val,temporary meadows,PTR,34
3673820,frh03,val,temporary meadows,RGA,22
3673822,frh03,val,corn,MIE,22
3673888,frh03,val,temporary meadows,PTR,57
3673903,frh03,val,temporary meadows,RGA,57
3673939,frh03,val,wheat,BTH,22
3674025,frh03,val,permanent meadows,PPH,50
3674035,frh03,val,temporary meadows,PTR,50
3674135,frh03,val,permanent meadows,PPH,34
3674182,frh03,val,temporary meadows,PTR,50
3674202,frh03,val,permanent meadows,PRL,47
3674208,frh03,val,barley,ORH,22
3674288,frh03,val,permanent meadows,PPH,47
3674321,frh03,val,temporary meadows,PTR,34
3674338,frh03,val,barley,ORH,34
3674374,frh03,val,corn,MIS,47
3674423,frh03,val,temporary meadows,PTR,22
3674501,frh03,val,temporary meadows,PTR,34
3674504,frh03,val,permanent meadows,PPH,34
3674639,frh03,val,temporary meadows,RGA,34
3674652,frh03,val,corn,MIE,34
3674793,frh03,val,corn,MIE,22
3674823,frh03,val,permanent meadows,PPH,34
3674851,frh03,val,corn,MIE,35
3674858,frh03,val,corn,MIE,35
3674892,frh03,val,corn,MIE,22
3674954,frh03,val,corn,MIE,47
3674993,frh03,val,corn,MIE,47
3675010,frh03,val,temporary meadows,PTR,34
3675093,frh03,val,permanent meadows,PPH,35
3675124,frh03,val,permanent meadows,PRL,47
3675214,frh03,val,temporary meadows,PTR,57
3675221,frh03,val,temporary meadows,PTR,57
3675272,frh03,val,rapeseed,CZH,22
3675339,frh03,val,wheat,BTH,22
3675346,frh03,val,rapeseed,CZH,22
3675428,frh03,val,wheat,BTH,22
3675437,frh03,val,wheat,BTH,22
3675483,frh03,val,temporary meadows,PTR,50
3675504,frh03,val,temporary meadows,PTR,34
3675560,frh03,val,permanent meadows,PPH,22
3675565,frh03,val,temporary meadows,RGA,22
3675585,frh03,val,permanent meadows,PPH,34
3675588,frh03,val,temporary meadows,PTR,50
3675610,frh03,val,wheat,BTH,35
3675821,frh03,val,temporary meadows,PTR,26
3675828,frh03,val,temporary meadows,PTR,26
3675884,frh03,val,permanent meadows,PRL,47
3675885,frh03,val,temporary meadows,RGA,47
3675914,frh03,val,corn,MIE,26
3676024,frh03,val,temporary meadows,PTR,57
3676093,frh03,val,barley,ORH,31
3676277,frh03,val,temporary meadows,PTR,22
3676426,frh03,val,wheat,BTH,34
3676427,frh03,val,temporary meadows,PTR,34
3676447,frh03,val,permanent meadows,PPH,34
3676479,frh03,val,permanent meadows,PRL,34
3676589,frh03,val,permanent meadows,PPH,22
3676657,frh03,val,temporary meadows,RGA,34
3676668,frh03,val,temporary meadows,PTR,34
3676679,frh03,val,corn,MIE,34
3676749,frh03,val,wheat,BTH,34
3676774,frh03,val,temporary meadows,PTR,34
3676800,frh03,val,permanent meadows,PPH,47
3676910,frh03,val,corn,MIE,34
3676962,frh03,val,temporary meadows,RGA,28
3677008,frh03,val,permanent meadows,PRL,34
3677054,frh03,val,temporary meadows,RGA,28
3677081,frh03,val,temporary meadows,PTR,50
3677089,frh03,val,permanent meadows,PPH,34
3677123,frh03,val,corn,MIS,34
3677135,frh03,val,permanent meadows,PRL,22
3677192,frh03,val,wheat,BTH,34
3677278,frh03,val,temporary meadows,PTR,34
3677429,frh03,val,temporary meadows,RGA,47
3677452,frh03,val,permanent meadows,PRL,34
3677560,frh03,val,temporary meadows,PTR,34
3677635,frh03,val,temporary meadows,RGA,47
3677671,frh03,val,temporary meadows,PTR,47
3677796,frh03,val,temporary meadows,PTR,35
3677948,frh03,val,temporary meadows,RGA,22
3678013,frh03,val,wheat,BTH,34
3678025,frh03,val,permanent meadows,PPH,34
3678046,frh03,val,temporary meadows,PTR,34
3678065,frh03,val,permanent meadows,PPH,22
3678066,frh03,val,permanent meadows,PPH,22
3678128,frh03,val,temporary meadows,PTR,34
3678138,frh03,val,temporary meadows,RGA,22
3678227,frh03,val,permanent meadows,PPH,47
3678290,frh03,val,temporary meadows,PTR,34
3678311,frh03,val,temporary meadows,PTR,47
3678324,frh03,val,temporary meadows,PTR,47
3678348,frh03,val,permanent meadows,PRL,34
3678359,frh03,val,temporary meadows,PTR,34
3678428,frh03,val,permanent meadows,PPH,22
3678507,frh03,val,corn,MIS,34
3678527,frh03,val,corn,MIS,22
3678536,frh03,val,wheat,BTH,22
3678589,frh03,val,wheat,BTH,22
3678637,frh03,val,wheat,BTH,57
3678639,frh03,val,wheat,BTH,57
3678688,frh03,val,wheat,BTH,47
3678755,frh03,val,temporary meadows,PTR,22
3678760,frh03,val,temporary meadows,PTR,22
3678817,frh03,val,corn,MIE,47
3678841,frh03,val,temporary meadows,PTR,22
3678986,frh03,val,corn,MIE,34
3679011,frh03,val,temporary meadows,PTR,34
3679136,frh03,val,temporary meadows,PTR,35
3679161,frh03,val,temporary meadows,RGA,35
3679174,frh03,val,temporary meadows,PTR,35
3679194,frh03,val,temporary meadows,PTR,34
3679235,frh03,val,temporary meadows,PTR,22
3679342,frh03,val,corn,MIE,47
3679364,frh03,val,temporary meadows,PTR,35
3679394,frh03,val,temporary meadows,PTR,47
3679447,frh03,val,temporary meadows,PTR,47
3679632,frh03,val,corn,MIE,47
3679712,frh03,val,corn,MIS,34
3679781,frh03,val,permanent meadows,PPH,22
3679856,frh03,val,wheat,BTH,35
3679864,frh03,val,rapeseed,CZH,35
3679979,frh03,val,wheat,BTH,22
3680009,frh03,val,barley,ORH,31
3680019,frh03,val,corn,MIE,34
3680023,frh03,val,temporary meadows,PTR,34
3680055,frh03,val,temporary meadows,RGA,34
3680097,frh03,val,temporary meadows,RGA,34
3680229,frh03,val,temporary meadows,PTR,47
3680319,frh03,val,wheat,BTH,35
3680576,frh03,val,wheat,BTH,35
3680596,frh03,val,corn,MIS,34
3680614,frh03,val,corn,MIE,47
3680721,frh03,val,corn,MIE,35
3680778,frh03,val,wheat,BTH,34
3680805,frh03,val,temporary meadows,PTR,35
3680951,frh03,val,wheat,BTH,47
3680955,frh03,val,permanent meadows,PPH,22
3680966,frh03,val,permanent meadows,PPH,22
3681008,frh03,val,temporary meadows,RGA,34
3681053,frh03,val,temporary meadows,PTR,34
3681151,frh03,val,barley,ORH,22
3681208,frh03,val,temporary meadows,RGA,34
3681272,frh03,val,wheat,BTH,34
3681287,frh03,val,temporary meadows,RGA,34
3681353,frh03,val,temporary meadows,PTR,34
3681359,frh03,val,temporary meadows,PTR,34
3681393,frh03,val,corn,MIE,22
3681405,frh03,val,wheat,BTH,34
3681447,frh03,val,corn,MIE,34
3681457,frh03,val,permanent meadows,PPH,34
3681479,frh03,val,temporary meadows,PTR,22
3681616,frh03,val,permanent meadows,PPH,22
3681628,frh03,val,wheat,BTH,47
3681661,frh03,val,corn,MIE,34
3681678,frh03,val,temporary meadows,PTR,34
3681777,frh03,val,corn,MIE,34
3681812,frh03,val,permanent meadows,PPH,35
3681821,frh03,val,temporary meadows,PTR,34
3681905,frh03,val,rapeseed,CZH,35
3681956,frh03,val,wheat,BTH,47
3682005,frh03,val,barley,ORH,34
3682048,frh03,val,permanent meadows,PPH,47
3682105,frh03,val,temporary meadows,PTR,22
3682203,frh03,val,corn,MIE,22
3682293,frh03,val,wheat,BTH,47
3682382,frh03,val,barley,ORH,47
3682402,frh03,val,wheat,BTH,22
3682450,frh03,val,temporary meadows,PTR,34
3682451,frh03,val,corn,MIS,34
3682490,frh03,val,temporary meadows,PTR,34
3682562,frh03,val,temporary meadows,PTR,22
3682573,frh03,val,temporary meadows,PTR,34
3682575,frh03,val,corn,MIE,34
3682601,frh03,val,corn,MIE,22
3682700,frh03,val,corn,MIE,22
3682766,frh03,val,wheat,BTH,47
3682790,frh03,val,temporary meadows,PTR,22
3682837,frh03,val,corn,MIS,22
3682841,frh03,val,temporary meadows,PTR,22
3682862,frh03,val,corn,MIE,47
3682864,frh03,val,wheat,BTH,47
3682879,frh03,val,temporary meadows,RGA,47
3682900,frh03,val,corn,MIE,34
3682905,frh03,val,temporary meadows,PTR,34
3682924,frh03,val,permanent meadows,PPH,34
3682980,frh03,val,temporary meadows,RGA,34
3682996,frh03,val,permanent meadows,PRL,34
3683047,frh03,val,temporary meadows,PTR,47
3683091,frh03,val,corn,MIE,34
3683138,frh03,val,wheat,BTH,35
3683196,frh03,val,corn,MIE,35
3683209,frh03,val,temporary meadows,PTR,35
3683223,frh03,val,corn,MIS,35
3683234,frh03,val,temporary meadows,PTR,22
3683309,frh03,val,temporary meadows,PTR,34
3683415,frh03,val,temporary meadows,PTR,47
3683417,frh03,val,temporary meadows,PTR,47
3683481,frh03,val,corn,MIE,35
3683489,frh03,val,rapeseed,CZH,35
3683534,frh03,val,barley,ORH,34
3683549,frh03,val,permanent meadows,PRL,50
3683557,frh03,val,barley,ORH,57
3683562,frh03,val,rapeseed,CZH,50
3683571,frh03,val,corn,MIE,34
3683597,frh03,val,corn,MIE,34
3683607,frh03,val,corn,MIE,34
3683625,frh03,val,wheat,BTH,22
3683654,frh03,val,permanent meadows,PPH,50
3683701,frh03,val,permanent meadows,PPH,33
3683702,frh03,val,temporary meadows,PTR,33
3683721,frh03,val,temporary meadows,RGA,34
3683728,frh03,val,barley,ORH,47
3683790,frh03,val,corn,MIE,47
3683870,frh03,val,temporary meadows,RGA,34
3683977,frh03,val,rapeseed,CZH,34
3684035,frh03,val,wheat,BTH,47
3684056,frh03,val,corn,MIE,35
3684151,frh03,val,permanent meadows,PPH,35
3684260,frh03,val,wheat,BTH,35
3684338,frh03,val,permanent meadows,PPH,34
3684363,frh03,val,temporary meadows,PTR,22
3684364,frh03,val,wheat,BTH,22
3684515,frh03,val,temporary meadows,PTR,24
3684644,frh03,val,wheat,BTH,34
3684764,frh03,val,permanent meadows,PRL,35
3684771,frh03,val,permanent meadows,PPH,35
3684782,frh03,val,temporary meadows,PTR,47
3684903,frh03,val,corn,MIE,34
3684931,frh03,val,corn,MIS,22
3685001,frh03,val,temporary meadows,RGA,27
3685078,frh03,val,corn,MIS,22
3685155,frh03,val,corn,MIE,22
3685220,frh03,val,wheat,BTH,22
3685266,frh03,val,permanent meadows,PRL,22
3685302,frh03,val,corn,MIE,22
3685311,frh03,val,temporary meadows,RGA,22
3685367,frh03,val,permanent meadows,PPH,47
3685387,frh03,val,corn,MIE,22
3685401,frh03,val,temporary meadows,RGA,22
3685489,frh03,val,corn,MIE,22
3685542,frh03,val,wheat,BTH,34
3685640,frh03,val,wheat,BTH,47
3685654,frh03,val,corn,MIE,35
3685661,frh03,val,corn,MIE,35
3685701,frh03,val,wheat,BTH,22
3685726,frh03,val,permanent meadows,PRL,34
3685813,frh03,val,temporary meadows,PTR,22
3685843,frh03,val,temporary meadows,PTR,22
3685860,frh03,val,wheat,BTH,30
3685886,frh03,val,orchards,VRG,35
3685894,frh03,val,permanent meadows,PPH,35
3686083,frh03,val,corn,MIE,34
3686087,frh03,val,temporary meadows,RGA,34
3686100,frh03,val,temporary meadows,RGA,34
3686192,frh03,val,permanent meadows,PPH,34
3686209,frh03,val,barley,ORH,34
3686231,frh03,val,corn,MIE,34
3686319,frh03,val,wheat,BTH,22
3686367,frh03,val,corn,MIE,34
3686395,frh03,val,temporary meadows,PTR,47
3686413,frh03,val,corn,MIE,22
3686414,frh03,val,permanent meadows,PRL,22
3686446,frh03,val,permanent meadows,PRL,34
3686565,frh03,val,barley,ORH,50
3686573,frh03,val,permanent meadows,PPH,34
3686593,frh03,val,wheat,BTH,35
3686594,frh03,val,wheat,BTH,35
3686735,frh03,val,permanent meadows,PPH,34
3686750,frh03,val,temporary meadows,PTR,50
3686754,frh03,val,corn,MIE,50
3686875,frh03,val,wheat,BTH,35
3686925,frh03,val,wheat,BTH,22
3686947,frh03,val,temporary meadows,PTR,50
3687031,frh03,val,corn,MIE,22
3687076,frh03,val,temporary meadows,PTR,22
3687100,frh03,val,barley,ORH,34
3687177,frh03,val,wheat,BTH,22
3687196,frh03,val,temporary meadows,RGA,34
3687206,frh03,val,wheat,BTH,22
3687284,frh03,val,permanent meadows,PPH,34
3687299,frh03,val,permanent meadows,PPH,34
3687323,frh03,val,permanent meadows,PRL,47
3687325,frh03,val,temporary meadows,PTR,47
3687380,frh03,val,rapeseed,CZH,34
3687385,frh03,val,temporary meadows,PTR,34
3687430,frh03,val,permanent meadows,PPH,22
3687438,frh03,val,permanent meadows,PPH,22
3687473,frh03,val,corn,MIE,34
3687542,frh03,val,corn,MIE,34
3687565,frh03,val,wheat,BTH,47
3687593,frh03,val,corn,MIE,35
3687631,frh03,val,corn,MIE,34
3687702,frh03,val,permanent meadows,PPH,35
3687738,frh03,val,permanent meadows,PPH,34
3687808,frh03,val,wheat,BTH,22
3687813,frh03,val,permanent meadows,PRL,22
3687816,frh03,val,permanent meadows,PRL,22
3687818,frh03,val,permanent meadows,PRL,22
3688046,frh03,val,temporary meadows,PTR,22
3688055,frh03,val,permanent meadows,PPH,34
3688068,frh03,val,permanent meadows,PPH,34
3688091,frh03,val,corn,MIE,22
3688144,frh03,val,temporary meadows,PTR,34
3688247,frh03,val,corn,MIE,34
3688347,frh03,val,corn,MIE,35
3688398,frh03,val,temporary meadows,RGA,57
3688407,frh03,val,corn,MIE,22
3688465,frh03,val,temporary meadows,RGA,34
3688512,frh03,val,corn,MIE,34
3688533,frh03,val,wheat,BTH,47
3688696,frh03,val,wheat,BTH,22
3688711,frh03,val,corn,MIE,47
3688715,frh03,val,corn,MIE,47
3688748,frh03,val,temporary meadows,RGA,57
3688761,frh03,val,corn,MIE,26
3688770,frh03,val,wheat,BTH,50
3688807,frh03,val,temporary meadows,PTR,47
3688811,frh03,val,corn,MIE,47
3688842,frh03,val,wheat,BTH,22
3688851,frh03,val,corn,MIE,27
3688875,frh03,val,barley,ORH,50
3688881,frh03,val,wheat,BTH,23
3688894,frh03,val,temporary meadows,PTR,22
3688920,frh03,val,temporary meadows,RGA,47
3688931,frh03,val,corn,MIS,22
3688978,frh03,val,corn,MIE,37
3689132,frh03,val,corn,MIS,34
3689214,frh03,val,corn,MIS,22
3689222,frh03,val,corn,MIS,22
3689249,frh03,val,temporary meadows,PTR,35
3689312,frh03,val,temporary meadows,RGA,29
3689405,frh03,val,corn,MIE,34
3689457,frh03,val,permanent meadows,PPH,22
3689467,frh03,val,temporary meadows,RGA,34
3689514,frh03,val,permanent meadows,PRL,34
3689526,frh03,val,temporary meadows,PTR,34
3689602,frh03,val,temporary meadows,RGA,34
3689671,frh03,val,corn,MIS,22
3689723,frh03,val,temporary meadows,PTR,34
3689772,frh03,val,permanent meadows,PRL,34
3689779,frh03,val,temporary meadows,PTR,34
3689804,frh03,val,temporary meadows,PTR,34
3689831,frh03,val,temporary meadows,PTR,35
3689833,frh03,val,rapeseed,CZH,35
3689856,frh03,val,corn,MIE,34
3689870,frh03,val,temporary meadows,PTR,35
3690141,frh03,val,permanent meadows,PRL,34
3690180,frh03,val,temporary meadows,PTR,34
3690186,frh03,val,temporary meadows,RGA,35
3690229,frh03,val,permanent meadows,PPH,34
3690313,frh03,val,corn,MIE,34
3690397,frh03,val,temporary meadows,PTR,22
3690456,frh03,val,temporary meadows,RGA,34
3690511,frh03,val,temporary meadows,PTR,47
3690554,frh03,val,temporary meadows,PTR,34
3690565,frh03,val,corn,MIS,22
3690566,frh03,val,temporary meadows,PTR,22
3690718,frh03,val,barley,ORH,47
3690747,frh03,val,temporary meadows,PTR,22
3690798,frh03,val,wheat,BTH,47
3690801,frh03,val,wheat,BTH,47
3690908,frh03,val,wheat,BTH,47
3690949,frh03,val,permanent meadows,PPH,47
3690951,frh03,val,permanent meadows,PPH,47
3691099,frh03,val,corn,MIE,34
3691114,frh03,val,barley,ORH,22
3691148,frh03,val,permanent meadows,PPH,34
3691165,frh03,val,temporary meadows,PTR,22
3691172,frh03,val,temporary meadows,RGA,35
3691231,frh03,val,permanent meadows,PPH,35
3691267,frh03,val,temporary meadows,PTR,34
3691268,frh03,val,temporary meadows,PTR,34
3691360,frh03,val,temporary meadows,RGA,35
3691416,frh03,val,corn,MIE,34
3691418,frh03,val,wheat,BTH,32
3691479,frh03,val,wheat,BTH,34
3691489,frh03,val,corn,MIE,34
3691607,frh03,val,corn,MIE,34
3691640,frh03,val,temporary meadows,RGA,22
3691645,frh03,val,temporary meadows,RGA,22
3691648,frh03,val,temporary meadows,RGA,22
3691695,frh03,val,permanent meadows,PPH,34
3691707,frh03,val,orchards,VRG,34
3691787,frh03,val,temporary meadows,PTR,34
3691850,frh03,val,rapeseed,CZH,34
3691873,frh03,val,wheat,BTH,22
3691907,frh03,val,permanent meadows,PRL,50
3691977,frh03,val,temporary meadows,PTR,22
3691981,frh03,val,temporary meadows,PTR,22
3692084,frh03,val,temporary meadows,PTR,22
3692181,frh03,val,wheat,BTH,22
3692218,frh03,val,temporary meadows,PTR,57
3692263,frh03,val,temporary meadows,PTR,34
3692279,frh03,val,permanent meadows,PRL,22
3692280,frh03,val,permanent meadows,PRL,22
3692371,frh03,val,temporary meadows,PTR,34
3692749,frh03,val,wheat,BTH,34
3692775,frh03,val,wheat,BTH,22
3692868,frh03,val,temporary meadows,PTR,47
3692871,frh03,val,corn,MIE,47
3692874,frh03,val,temporary meadows,PTR,47
3692882,frh03,val,temporary meadows,PTR,34
3692927,frh03,val,temporary meadows,PTR,47
3693001,frh03,val,temporary meadows,PTR,34
3693058,frh03,val,permanent meadows,PRL,47
3693086,frh03,val,corn,MIE,35
3693087,frh03,val,permanent meadows,PPH,35
3693165,frh03,val,corn,MIE,47
3693232,frh03,val,temporary meadows,PTR,22
3693243,frh03,val,permanent meadows,PPH,47
3693248,frh03,val,temporary meadows,PTR,47
3693274,frh03,val,rapeseed,CZH,22
3693332,frh03,val,wheat,BTH,47
3693390,frh03,val,temporary meadows,RGA,47
3693420,frh03,val,corn,MIS,22
3693561,frh03,val,corn,MIE,27
3693716,frh03,val,corn,MIE,47
3693802,frh03,val,permanent meadows,PRL,22
3693893,frh03,val,corn,MIE,34
3693908,frh03,val,wheat,BTH,34
3693937,frh03,val,corn,MIE,34
3693994,frh03,val,permanent meadows,PPH,34
3694075,frh03,val,temporary meadows,PTR,34
3694119,frh03,val,temporary meadows,RGA,22
3694136,frh03,val,permanent meadows,PPH,22
3694331,frh03,val,temporary meadows,RGA,34
3694372,frh03,val,temporary meadows,PTR,34
3694385,frh03,val,wheat,BTH,22
3694453,frh03,val,temporary meadows,PTR,34
3694504,frh03,val,corn,MIE,27
3694561,frh03,val,corn,MIE,47
3694593,frh03,val,temporary meadows,PTR,34
3694600,frh03,val,permanent meadows,PRL,22
3694610,frh03,val,corn,MIE,22
3694649,frh03,val,corn,MIE,35
3694716,frh03,val,temporary meadows,RGA,34
3695017,frh03,val,temporary meadows,PTR,34
3695046,frh03,val,temporary meadows,PTR,47
3695051,frh03,val,barley,ORH,47
3695058,frh03,val,permanent meadows,PPH,34
3695069,frh03,val,temporary meadows,RGA,34
3695070,frh03,val,corn,MIE,34
3695117,frh03,val,temporary meadows,PTR,22
3695171,frh03,val,wheat,BTH,22
3695176,frh03,val,wheat,BTH,22
3695233,frh03,val,temporary meadows,RGA,34
3695279,frh03,val,temporary meadows,RGA,34
3695298,frh03,val,wheat,BTH,22
3695433,frh03,val,permanent meadows,PPH,47
3695475,frh03,val,temporary meadows,PTR,34
3695529,frh03,val,corn,MIE,35
3695561,frh03,val,permanent meadows,PRL,35
3695580,frh03,val,rapeseed,CZH,50
3695623,frh03,val,temporary meadows,PTR,34
3695633,frh03,val,corn,MIE,34
3695759,frh03,val,corn,MIE,34
3695780,frh03,val,temporary meadows,PTR,35
3695799,frh03,val,wheat,BTH,35
3695812,frh03,val,temporary meadows,PTR,47
3695929,frh03,val,corn,MIE,22
3696024,frh03,val,wheat,BTH,50
3696057,frh03,val,temporary meadows,PTR,35
3696067,frh03,val,temporary meadows,PTR,35
3696104,frh03,val,wheat,BTH,50
3696121,frh03,val,permanent meadows,PPH,22
3696134,frh03,val,corn,MIE,47
3696148,frh03,val,permanent meadows,PRL,34
3696160,frh03,val,temporary meadows,PTR,34
3696166,frh03,val,temporary meadows,PTR,34
3696245,frh03,val,temporary meadows,PTR,34
3696267,frh03,val,wheat,BTH,34
3696279,frh03,val,temporary meadows,PTR,50
3696282,frh03,val,permanent meadows,PPH,50
3696396,frh03,val,temporary meadows,PTR,47
3696451,frh03,val,temporary meadows,RGA,22
3696452,frh03,val,corn,MIE,22
3696640,frh03,val,corn,MIE,35
3696659,frh03,val,temporary meadows,PTR,22
3696679,frh03,val,temporary meadows,PTR,22
3696812,frh03,val,wheat,BTH,24
3696823,frh03,val,corn,MIS,35
3696829,frh03,val,wheat,BTH,35
3696852,frh03,val,temporary meadows,PTR,35
3696858,frh03,val,corn,MIE,35
3696879,frh03,val,corn,MIE,34
3696912,frh03,val,wheat,BTH,22
3696958,frh03,val,temporary meadows,PTR,35
3696985,frh03,val,temporary meadows,PTR,22
3697005,frh03,val,orchards,VRG,35
3697097,frh03,val,permanent meadows,PPH,22
3697128,frh03,val,temporary meadows,PTR,47
3697165,frh03,val,temporary meadows,PTR,34
3697282,frh03,val,temporary meadows,RGA,34
3697290,frh03,val,wheat,BTH,34
3697308,frh03,val,temporary meadows,PTR,22
3697323,frh03,val,temporary meadows,PTR,22
3697375,frh03,val,permanent meadows,PPH,34
3697382,frh03,val,temporary meadows,PTR,34
3697425,frh03,val,permanent meadows,PPH,47
3697436,frh03,val,corn,MIE,22
3697451,frh03,val,corn,MIE,47
3697531,frh03,val,barley,ORH,34
3697571,frh03,val,wheat,BTH,47
3697614,frh03,val,corn,MIE,26
3697625,frh03,val,temporary meadows,PTR,22
3697773,frh03,val,corn,MIE,22
3697827,frh03,val,temporary meadows,PTR,35
3697848,frh03,val,wheat,BTH,57
3697857,frh03,val,temporary meadows,PTR,22
3697877,frh03,val,wheat,BTH,35
3697905,frh03,val,temporary meadows,PTR,35
3698007,frh03,val,permanent meadows,PPH,34
3698019,frh03,val,temporary meadows,PTR,22
3698083,frh03,val,permanent meadows,PPH,22
3698123,frh03,val,corn,MIS,34
3698135,frh03,val,wheat,BTH,34
3698207,frh03,val,permanent meadows,PRL,34
3698231,frh03,val,wheat,BTH,34
3698232,frh03,val,corn,MIE,34
3698243,frh03,val,corn,MIE,34
3698304,frh03,val,wheat,BTH,47
3698360,frh03,val,temporary meadows,PTR,35
3698370,frh03,val,permanent meadows,PPH,34
3698438,frh03,val,corn,MIE,34
3698459,frh03,val,corn,MIE,34
3698577,frh03,val,permanent meadows,PPH,34
3698590,frh03,val,permanent meadows,PRL,22
3698597,frh03,val,corn,MIE,22
3698613,frh03,val,corn,MIE,47
3698623,frh03,val,corn,MIE,47
3698694,frh03,val,corn,MIE,47
3698726,frh03,val,permanent meadows,PPH,34
3698745,frh03,val,permanent meadows,PPH,34
3698756,frh03,val,temporary meadows,PTR,22
3698784,frh03,val,permanent meadows,PPH,34
3698845,frh03,val,permanent meadows,PPH,34
3698940,frh03,val,temporary meadows,PTR,34
3698965,frh03,val,permanent meadows,PPH,22
3699034,frh03,val,temporary meadows,PTR,22
3699095,frh03,val,corn,MIE,34
3699120,frh03,val,temporary meadows,RGA,22
3699169,frh03,val,wheat,BTH,34
3699176,frh03,val,temporary meadows,PTR,34
3699182,frh03,val,permanent meadows,PPH,34
3699225,frh03,val,permanent meadows,PRL,47
3699233,frh03,val,permanent meadows,PPH,47
3699235,frh03,val,permanent meadows,PRL,47
3699291,frh03,val,wheat,BTH,22
3699299,frh03,val,corn,MIE,22
3699336,frh03,val,temporary meadows,PTR,35
3699349,frh03,val,temporary meadows,PTR,35
3699377,frh03,val,corn,MIE,34
3699384,frh03,val,corn,MIS,34
3699468,frh03,val,temporary meadows,PTR,34
3699527,frh03,val,temporary meadows,PTR,34
3699624,frh03,val,temporary meadows,PTR,22
3699659,frh03,val,temporary meadows,PTR,34
3699759,frh03,val,orchards,VRG,47
3699791,frh03,val,wheat,BTH,34
3699949,frh03,val,corn,MIS,29
3700033,frh03,val,temporary meadows,PTR,50
3700093,frh03,val,temporary meadows,PTR,27
3700101,frh03,val,permanent meadows,PPH,22
3700117,frh03,val,corn,MIE,50
3700167,frh03,val,temporary meadows,RGA,34
3700188,frh03,val,temporary meadows,PTR,22
3700241,frh03,val,temporary meadows,PTR,34
3700285,frh03,val,temporary meadows,RGA,34
3700320,frh03,val,temporary meadows,PTR,34
3700363,frh03,val,barley,ORP,34
3700403,frh03,val,wheat,BTH,47
3700417,frh03,val,temporary meadows,RGA,34
3700516,frh03,val,temporary meadows,PTR,22
3700536,frh03,val,wheat,BTH,34
3700553,frh03,val,temporary meadows,PTR,47
3700572,frh03,val,permanent meadows,PPH,22
3700667,frh03,val,barley,ORH,22
3700707,frh03,val,temporary meadows,PTR,22
3700725,frh03,val,corn,MIE,34
3700735,frh03,val,temporary meadows,PTR,47
3700775,frh03,val,temporary meadows,PTR,34
3700815,frh03,val,wheat,BTH,22
3700875,frh03,val,wheat,BTH,35
3700932,frh03,val,permanent meadows,PRL,22
3700981,frh03,val,temporary meadows,PTR,24
3701243,frh03,val,barley,ORH,22
3701308,frh03,val,corn,MIE,22
3701405,frh03,val,corn,MIE,22
3701489,frh03,val,barley,ORH,35
3701501,frh03,val,corn,MIE,22
3701506,frh03,val,corn,MIE,22
3701588,frh03,val,corn,MIE,34
3701700,frh03,val,temporary meadows,PTR,22
3701718,frh03,val,corn,MIE,57
3701724,frh03,val,temporary meadows,PTR,57
3701816,frh03,val,temporary meadows,PTR,57
3701845,frh03,val,permanent meadows,PRL,34
3701933,frh03,val,wheat,BTH,35
3701981,frh03,val,wheat,BTH,22
3702009,frh03,val,corn,MIS,22
3702101,frh03,val,wheat,BTH,22
3702108,frh03,val,corn,MIE,22
3702173,frh03,val,temporary meadows,PTR,50
3702241,frh03,val,corn,MIE,22
3702269,frh03,val,temporary meadows,PTR,35
3702272,frh03,val,barley,ORH,34
3702281,frh03,val,wheat,BTH,35
3702361,frh03,val,corn,MIE,35
3702362,frh03,val,corn,MIE,35
3702366,frh03,val,orchards,VRG,35
3702408,frh03,val,corn,MIE,22
3702416,frh03,val,corn,MIE,34
3702449,frh03,val,orchards,VRG,35
3702457,frh03,val,temporary meadows,PTR,35
3702487,frh03,val,wheat,BTH,47
3702509,frh03,val,corn,MIE,34
3702637,frh03,val,temporary meadows,PTR,26
3702667,frh03,val,temporary meadows,PTR,22
3702699,frh03,val,corn,MIS,22
3702712,frh03,val,permanent meadows,PRL,34
3702715,frh03,val,corn,MIE,34
3702767,frh03,val,wheat,BTH,22
3702822,frh03,val,corn,MIE,34
3702833,frh03,val,permanent meadows,PPH,22
3702835,frh03,val,corn,MIE,22
3702899,frh03,val,corn,MIE,22
3702902,frh03,val,corn,MIE,22
3702973,frh03,val,temporary meadows,PTR,34
3703063,frh03,val,corn,MIE,34
3703071,frh03,val,corn,MIS,35
3703084,frh03,val,permanent meadows,PRL,35
3703093,frh03,val,permanent meadows,PRL,35
3703192,frh03,val,permanent meadows,PPH,35
3703258,frh03,val,temporary meadows,PTR,34
3703259,frh03,val,temporary meadows,PTR,34
3703275,frh03,val,temporary meadows,PTR,47
3703279,frh03,val,temporary meadows,PTR,22
3703313,frh03,val,corn,MIE,47
3703349,frh03,val,temporary meadows,RGA,22
3703431,frh03,val,wheat,BTH,35
3703453,frh03,val,corn,MIE,22
3703487,frh03,val,orchards,VRG,47
3703495,frh03,val,corn,MIE,47
3703496,frh03,val,temporary meadows,PTR,47
3703544,frh03,val,barley,ORH,35
3703654,frh03,val,corn,MIE,47
3703688,frh03,val,wheat,BTH,22
3703705,frh03,val,temporary meadows,PTR,35
3703827,frh03,val,corn,MIE,47
3703886,frh03,val,wheat,BTH,34
3703978,frh03,val,temporary meadows,PTR,22
3704004,frh03,val,temporary meadows,PTR,22
3704010,frh03,val,wheat,BTH,47
3704046,frh03,val,temporary meadows,PTR,34
3704059,frh03,val,wheat,BTH,34
3704096,frh03,val,corn,MIE,22
3704178,frh03,val,corn,MIE,34
3704259,frh03,val,temporary meadows,PTR,47
3704327,frh03,val,permanent meadows,PPH,34
3704403,frh03,val,wheat,BTH,50
3704405,frh03,val,temporary meadows,RGA,57
3704498,frh03,val,corn,MIE,34
3704531,frh03,val,corn,MIE,34
3704554,frh03,val,corn,MIS,34
3704563,frh03,val,corn,MIE,47
3704579,frh03,val,corn,MIE,35
3704594,frh03,val,corn,MIE,34
3704644,frh03,val,permanent meadows,PRL,50
3704670,frh03,val,temporary meadows,PTR,34
3704710,frh03,val,corn,MIE,34
3704769,frh03,val,permanent meadows,PRL,34
3704845,frh03,val,corn,MIE,34
3704957,frh03,val,temporary meadows,PTR,34
3704976,frh03,val,permanent meadows,PPH,34
3705069,frh03,val,permanent meadows,PPH,34
3705071,frh03,val,permanent meadows,PPH,34
3705077,frh03,val,permanent meadows,PPH,34
3705096,frh03,val,wheat,BTH,34
3705124,frh03,val,temporary meadows,RGA,35
3705203,frh03,val,permanent meadows,PPH,34
3705233,frh03,val,temporary meadows,RGA,35
3705266,frh03,val,corn,MIS,34
3705332,frh03,val,barley,ORH,22
3705533,frh03,val,temporary meadows,PTR,22
3705553,frh03,val,wheat,BTH,22
3705626,frh03,val,permanent meadows,PPH,34
3705704,frh03,val,corn,MIE,50
3705728,frh03,val,permanent meadows,PPH,22
3705768,frh03,val,temporary meadows,PTR,50
3705791,frh03,val,temporary meadows,RGA,34
3705825,frh03,val,temporary meadows,RGA,22
3705838,frh03,val,temporary meadows,PTR,50
3705950,frh03,val,corn,MIE,35
3705954,frh03,val,corn,MIE,50
3706001,frh03,val,corn,MIE,35
3706019,frh03,val,permanent meadows,PPH,47
3706090,frh03,val,permanent meadows,PPH,35
3706161,frh03,val,permanent meadows,PPH,47
3706167,frh03,val,temporary meadows,RGA,35
3706179,frh03,val,wheat,BTH,35
3706221,frh03,val,permanent meadows,PPH,34
3706292,frh03,val,corn,MIE,22
3706297,frh03,val,temporary meadows,PTR,22
3706367,frh03,val,corn,MIE,35
3706384,frh03,val,temporary meadows,RGA,47
3706439,frh03,val,temporary meadows,PTR,22
3706450,frh03,val,wheat,BTH,22
3706459,frh03,val,temporary meadows,PTR,22
3706557,frh03,val,corn,MIE,35
3706610,frh03,val,temporary meadows,PTR,34
3706631,frh03,val,permanent meadows,PRL,34
3706640,frh03,val,corn,MIE,34
3706699,frh03,val,wheat,BTH,34
3706742,frh03,val,temporary meadows,PTR,50
3706759,frh03,val,temporary meadows,PTR,22
3706764,frh03,val,permanent meadows,PPH,22
3706821,frh03,val,temporary meadows,PTR,50
3706892,frh03,val,temporary meadows,PTR,47
3706921,frh03,val,wheat,BTH,50
3706935,frh03,val,wheat,BTH,50
3706944,frh03,val,permanent meadows,PPH,34
3706963,frh03,val,temporary meadows,PTR,35
3707057,frh03,val,temporary meadows,PTR,35
3707091,frh03,val,temporary meadows,RGA,50
3707131,frh03,val,temporary meadows,PTR,34
3707178,frh03,val,wheat,BTH,34
3707189,frh03,val,temporary meadows,PTR,34
3707224,frh03,val,temporary meadows,PTR,34
3707232,frh03,val,temporary meadows,PTR,34
3707336,frh03,val,corn,MIE,47
3707338,frh03,val,permanent meadows,PPH,47
3707375,frh03,val,corn,MIS,34
3707509,frh03,val,wheat,BTH,22
3707555,frh03,val,temporary meadows,PTR,47
3707569,frh03,val,rapeseed,CZH,34
3707597,frh03,val,permanent meadows,PRL,50
3707627,frh03,val,wheat,BTH,47
3707719,frh03,val,wheat,BTH,22
3707769,frh03,val,temporary meadows,PTR,22
3707804,frh03,val,wheat,BTH,47
3707925,frh03,val,corn,MIE,34
3707956,frh03,val,temporary meadows,PTR,35
3707999,frh03,val,temporary meadows,PTR,47
3708067,frh03,val,corn,MIE,34
3708170,frh03,val,corn,MIE,34
3708232,frh03,val,barley,ORH,22
3708367,frh03,val,temporary meadows,PTR,34
3708408,frh03,val,barley,ORH,35
3708454,frh03,val,temporary meadows,PTR,34
3708461,frh03,val,temporary meadows,PTR,34
3708499,frh03,val,temporary meadows,PTR,34
3708551,frh03,val,wheat,BTH,34
3708568,frh03,val,corn,MIE,22
3708612,frh03,val,temporary meadows,PTR,34
3708725,frh03,val,corn,MIS,24
3708730,frh03,val,temporary meadows,PTR,27
3708757,frh03,val,wheat,BTH,34
3708900,frh03,val,corn,MIE,34
3709091,frh03,val,temporary meadows,PTR,47
3709109,frh03,val,permanent meadows,PPH,47
3709131,frh03,val,rapeseed,CZH,47
3709175,frh03,val,wheat,BTH,34
3709209,frh03,val,barley,ORP,22
3709347,frh03,val,orchards,VRG,34
3709398,frh03,val,corn,MIE,22
3709430,frh03,val,temporary meadows,PTR,34
3709529,frh03,val,temporary meadows,PTR,22
3709594,frh03,val,permanent meadows,PRL,47
3709595,frh03,val,permanent meadows,PPH,47
3709670,frh03,val,temporary meadows,PTR,34
3709679,frh03,val,corn,MIE,35
3709760,frh03,val,permanent meadows,PPH,35
3709782,frh03,val,corn,MIS,35
3709801,frh03,val,corn,MIS,47
3709804,frh03,val,wheat,BTH,47
3709816,frh03,val,temporary meadows,PTR,34
3709848,frh03,val,barley,ORH,34
3709850,frh03,val,permanent meadows,PPH,34
3709863,frh03,val,temporary meadows,PTR,34
3709868,frh03,val,corn,MIE,34
3709916,frh03,val,temporary meadows,PTR,27
3710038,frh03,val,temporary meadows,PTR,47
3710044,frh03,val,corn,MIE,47
3710119,frh03,val,temporary meadows,PTR,34
3710127,frh03,val,corn,MIE,34
3710205,frh03,val,wheat,BTH,47
3710220,frh03,val,permanent meadows,PPH,34
3710228,frh03,val,temporary meadows,PTR,34
3710234,frh03,val,permanent meadows,PRL,47
3710248,frh03,val,temporary meadows,PTR,34
3710316,frh03,val,temporary meadows,PTR,47
3710336,frh03,val,temporary meadows,PTR,47
3710361,frh03,val,temporary meadows,PTR,34
3710433,frh03,val,temporary meadows,PTR,22
3710453,frh03,val,corn,MIE,34
3710462,frh03,val,wheat,BTH,34
3710500,frh03,val,barley,ORH,34
3710584,frh03,val,temporary meadows,RGA,34
3710755,frh03,val,permanent meadows,PRL,22
3710814,frh03,val,corn,MIS,22
3710823,frh03,val,temporary meadows,PTR,22
3710834,frh03,val,temporary meadows,PTR,35
3710866,frh03,val,permanent meadows,PPH,22
3710923,frh03,val,barley,ORH,34
3710948,frh03,val,temporary meadows,PTR,34
3710962,frh03,val,temporary meadows,RGA,34
3711028,frh03,val,corn,MIE,34
3711119,frh03,val,corn,MIE,34
3711223,frh03,val,temporary meadows,PTR,22
3711299,frh03,val,corn,MIS,47
3711301,frh03,val,rapeseed,CZH,22
3711535,frh03,val,corn,MIE,34
3711547,frh03,val,temporary meadows,RGA,34
3711572,frh03,val,corn,MIE,34
3711585,frh03,val,corn,MIS,22
3711598,frh03,val,temporary meadows,PTR,47
3711667,frh03,val,permanent meadows,PRL,22
3711845,frh03,val,wheat,BTH,22
3711890,frh03,val,permanent meadows,PPH,47
3711929,frh03,val,corn,MIE,34
3712035,frh03,val,permanent meadows,PPH,34
3712069,frh03,val,corn,MIS,22
3712097,frh03,val,permanent meadows,PPH,47
3712277,frh03,val,permanent meadows,PPH,47
3712425,frh03,val,corn,MIS,47
3712477,frh03,val,wheat,BTH,47
3712478,frh03,val,temporary meadows,RGA,47
3712489,frh03,val,corn,MIS,35
3712546,frh03,val,permanent meadows,PPH,34
3712623,frh03,val,barley,ORH,34
3712652,frh03,val,corn,MIE,34
3712699,frh03,val,temporary meadows,PTR,22
3712708,frh03,val,temporary meadows,PTR,22
3712824,frh03,val,wheat,BTH,22
3712837,frh03,val,temporary meadows,PTR,22
3712897,frh03,val,corn,MIE,35
3712952,frh03,val,temporary meadows,RGA,35
3713017,frh03,val,corn,MIE,22
3713027,frh03,val,wheat,BTH,22
3713036,frh03,val,corn,MIE,35
3713121,frh03,val,temporary meadows,PTR,22
3713143,frh03,val,corn,MIE,35
3713213,frh03,val,wheat,BTH,22
3713308,frh03,val,temporary meadows,PTR,34
3713321,frh03,val,permanent meadows,PPH,34
3713323,frh03,val,temporary meadows,PTR,34
3713341,frh03,val,corn,MIS,47
3713344,frh03,val,wheat,BTH,47
3713369,frh03,val,corn,MIS,47
3713371,frh03,val,temporary meadows,PTR,47
3713412,frh03,val,wheat,BTH,34
3713420,frh03,val,temporary meadows,PTR,34
3713482,frh03,val,corn,MIE,34
3713551,frh03,val,corn,MIE,34
3713631,frh03,val,wheat,BTH,34
3713651,frh03,val,permanent meadows,PPH,34
3713791,frh03,val,barley,ORH,22
3713799,frh03,val,corn,MIE,34
3713857,frh03,val,corn,MIE,22
3714012,frh03,val,temporary meadows,PTR,35
3714105,frh03,val,permanent meadows,PPH,34
3714145,frh03,val,temporary meadows,PTR,34
3714146,frh03,val,temporary meadows,PTR,34
3714163,frh03,val,permanent meadows,PPH,47
3714252,frh03,val,corn,MIE,34
3714313,frh03,val,wheat,BTH,22
3714349,frh03,val,corn,MIS,47
3714379,frh03,val,corn,MIE,35
3714383,frh03,val,corn,MIE,35
3714413,frh03,val,corn,MIE,22
3714465,frh03,val,temporary meadows,RGA,35
3714495,frh03,val,orchards,VRG,22
3714508,frh03,val,permanent meadows,PPH,22
3714640,frh03,val,permanent meadows,PPH,47
3714646,frh03,val,permanent meadows,PPH,47
3714789,frh03,val,wheat,BTH,47
3714830,frh03,val,corn,MIE,34
3714851,frh03,val,corn,MIE,47
3714883,frh03,val,wheat,BTH,22
3714893,frh03,val,wheat,BTH,22
3715026,frh03,val,temporary meadows,PTR,34
3715036,frh03,val,corn,MIE,34
3715143,frh03,val,temporary meadows,RGA,22
3715176,frh03,val,corn,MIE,34
3715248,frh03,val,temporary meadows,PTR,22
3715283,frh03,val,temporary meadows,RGA,34
3715289,frh03,val,permanent meadows,PRL,34
3715306,frh03,val,corn,MIS,22
3715320,frh03,val,temporary meadows,PTR,34
3715466,frh03,val,temporary meadows,RGA,27
3715508,frh03,val,permanent meadows,PPH,50
3715538,frh03,val,corn,MIE,34
3715583,frh03,val,barley,ORH,35
3715740,frh03,val,permanent meadows,PPH,47
3715751,frh03,val,temporary meadows,PTR,22
3715801,frh03,val,temporary meadows,PTR,31
3715864,frh03,val,temporary meadows,PTR,34
3715878,frh03,val,temporary meadows,PTR,34
3715908,frh03,val,temporary meadows,RGA,34
3716019,frh03,val,temporary meadows,PTR,22
3716043,frh03,val,temporary meadows,PTR,34
3716124,frh03,val,temporary meadows,PTR,47
3716147,frh03,val,corn,MIE,35
3716175,frh03,val,permanent meadows,PPH,47
3716214,frh03,val,barley,ORH,47
3716315,frh03,val,barley,ORP,22
3716329,frh03,val,corn,MIE,47
3716343,frh03,val,corn,MIS,50
3716432,frh03,val,temporary meadows,PTR,50
3716562,frh03,val,permanent meadows,PPH,34
3716580,frh03,val,temporary meadows,RGA,34
3716702,frh03,val,wheat,BTH,35
3716825,frh03,val,permanent meadows,PPH,34
3716839,frh03,val,corn,MIE,24
3716846,frh03,val,wheat,BTH,35
3717055,frh03,val,temporary meadows,PTR,34
3717128,frh03,val,permanent meadows,PPH,22
3717159,frh03,val,barley,ORH,34
3717213,frh03,val,barley,ORH,22
3717254,frh03,val,temporary meadows,RGA,34
3717259,frh03,val,permanent meadows,PPH,34
3717292,frh03,val,wheat,BTH,50
3717314,frh03,val,permanent meadows,PPH,35
3717343,frh03,val,permanent meadows,PPH,35
3717486,frh03,val,barley,ORH,50
3717499,frh03,val,temporary meadows,PTR,34
3717633,frh03,val,wheat,BTH,35
3717655,frh03,val,temporary meadows,RGA,50
3717664,frh03,val,temporary meadows,RGA,50
3717668,frh03,val,corn,MIE,24
3717722,frh03,val,barley,ORH,47
3717851,frh03,val,corn,MIE,22
3717863,frh03,val,temporary meadows,PTR,34
3717900,frh03,val,wheat,BTH,34
3717978,frh03,val,temporary meadows,RGA,57
3718063,frh03,val,temporary meadows,PTR,34
3718118,frh03,val,corn,MIE,22
3718127,frh03,val,wheat,BTH,26
3718131,frh03,val,rapeseed,CZH,26
3718283,frh03,val,corn,MIS,22
3718319,frh03,val,temporary meadows,PTR,22
3718349,frh03,val,corn,MIE,34
3718388,frh03,val,permanent meadows,PPH,34
3718407,frh03,val,corn,MIE,22
3718483,frh03,val,temporary meadows,PTR,34
3718489,frh03,val,temporary meadows,PTR,34
3718516,frh03,val,permanent meadows,PPH,22
3718583,frh03,val,permanent meadows,PPH,22
3718584,frh03,val,permanent meadows,PPH,22
3718588,frh03,val,temporary meadows,PTR,22
3718604,frh03,val,barley,ORH,34
3718617,frh03,val,wheat,BTH,34
3718659,frh03,val,rapeseed,CZH,22
3718691,frh03,val,rapeseed,CZH,35
3718760,frh03,val,wheat,BTH,35
3718797,frh03,val,wheat,BTH,34
3718820,frh03,val,corn,MIS,34
3718867,frh03,val,corn,MIS,35
3718887,frh03,val,corn,MIE,22
3718941,frh03,val,temporary meadows,RGA,35
3718944,frh03,val,wheat,BTH,35
3718971,frh03,val,corn,MIE,22
3718982,frh03,val,corn,MIE,22
3719012,frh03,val,permanent meadows,PPH,34
3719028,frh03,val,permanent meadows,PPH,35
3719040,frh03,val,wheat,BTH,34
3719070,frh03,val,temporary meadows,PTR,22
3719100,frh03,val,corn,MIE,22
3719166,frh03,val,rapeseed,CZH,47
3719175,frh03,val,corn,MIE,22
3719219,frh03,val,corn,MIE,34
3719311,frh03,val,barley,ORH,22
3719324,frh03,val,temporary meadows,PTR,34
3719388,frh03,val,wheat,BTH,22
3719439,frh03,val,temporary meadows,PTR,47
3719491,frh03,val,corn,MIE,22
3719531,frh03,val,temporary meadows,PTR,47
3719545,frh03,val,temporary meadows,PTR,47
3719634,frh03,val,corn,MIE,47
3719635,frh03,val,rapeseed,CZH,34
3719651,frh03,val,temporary meadows,PTR,34
3719653,frh03,val,temporary meadows,PTR,34
3719675,frh03,val,permanent meadows,PPH,34
3719688,frh03,val,corn,MIE,34
3719730,frh03,val,permanent meadows,PPH,47
3719742,frh03,val,temporary meadows,PTR,34
3719770,frh03,val,temporary meadows,RGA,34
3719786,frh03,val,corn,MIS,47
3719813,frh03,val,corn,MIE,47
3719856,frh03,val,permanent meadows,PPH,34
3719905,frh03,val,temporary meadows,PTR,47
3719922,frh03,val,temporary meadows,RGA,47
3719932,frh03,val,barley,ORH,22
3719951,frh03,val,corn,MIS,22
3720004,frh03,val,temporary meadows,RGA,47
3720022,frh03,val,corn,MIS,35
3720085,frh03,val,corn,MIE,35
3720087,frh03,val,permanent meadows,PPH,35
3720189,frh03,val,corn,MIE,35
3720260,frh03,val,corn,MIE,34
3720262,frh03,val,permanent meadows,PRL,34
3720308,frh03,val,temporary meadows,PTR,22
3720633,frh03,val,temporary meadows,PTR,34
3720672,frh03,val,wheat,BTH,34
3720800,frh03,val,corn,MIE,34
3720839,frh03,val,corn,MIE,35
3720870,frh03,val,corn,MIS,47
3720939,frh03,val,wheat,BTH,34
3720952,frh03,val,corn,MIE,35
3721189,frh03,val,wheat,BTH,22
3721204,frh03,val,permanent meadows,PPH,22
3721240,frh03,val,temporary meadows,PTR,50
3721245,frh03,val,wheat,BTH,50
3721255,frh03,val,wheat,BTH,50
3721256,frh03,val,temporary meadows,PTR,50
3721291,frh03,val,temporary meadows,PTR,50
3721318,frh03,val,corn,MIS,35
3721344,frh03,val,wheat,BTH,22
3721372,frh03,val,temporary meadows,PTR,34
3721375,frh03,val,temporary meadows,PTR,34
3721388,frh03,val,temporary meadows,PTR,57
3721458,frh03,val,rapeseed,CZH,34
3721469,frh03,val,corn,MIE,34
3721482,frh03,val,corn,MIS,57
3721489,frh03,val,temporary meadows,RGA,34
3721519,frh03,val,orchards,VRG,47
3721520,frh03,val,orchards,VRG,47
3721552,frh03,val,temporary meadows,PTR,50
3721690,frh03,val,permanent meadows,PPH,34
3721712,frh03,val,corn,MIE,47
3721756,frh03,val,temporary meadows,PTR,35
3721818,frh03,val,rapeseed,CZH,47
3721879,frh03,val,corn,MIE,34
3722018,frh03,val,corn,MIE,35
3722061,frh03,val,permanent meadows,PPH,34
3722112,frh03,val,temporary meadows,PTR,35
3722214,frh03,val,barley,ORH,35
3722223,frh03,val,corn,MIE,35
3722289,frh03,val,permanent meadows,PRL,22
3722318,frh03,val,temporary meadows,PTR,35
3722323,frh03,val,temporary meadows,PTR,34
3722331,frh03,val,corn,MIE,34
3722398,frh03,val,permanent meadows,PPH,34
3722465,frh03,val,temporary meadows,PTR,35
3722476,frh03,val,temporary meadows,PTR,35
3722479,frh03,val,corn,MIE,35
3722498,frh03,val,temporary meadows,RGA,34
3722567,frh03,val,temporary meadows,PTR,34
3722631,frh03,val,corn,MIE,34
3722719,frh03,val,barley,ORH,34
3722751,frh03,val,corn,MIE,35
3722776,frh03,val,corn,MIE,22
3722817,frh03,val,wheat,BTH,34
3722844,frh03,val,temporary meadows,RGA,35
3722889,frh03,val,corn,MIE,22
3722947,frh03,val,temporary meadows,PTR,34
3723023,frh03,val,temporary meadows,PTR,22
3723051,frh03,val,corn,MIE,35
3723085,frh03,val,corn,MIS,35
3723132,frh03,val,permanent meadows,PPH,35
3723173,frh03,val,permanent meadows,PPH,34
3723185,frh03,val,permanent meadows,PPH,34
3723219,frh03,val,permanent meadows,PPH,22
3723289,frh03,val,temporary meadows,PTR,22
3723330,frh03,val,rapeseed,CZH,35
3723343,frh03,val,corn,MIE,22
3723371,frh03,val,permanent meadows,PPH,47
3723373,frh03,val,permanent meadows,PRL,47
3723379,frh03,val,corn,MIE,47
3723393,frh03,val,corn,MIE,47
3723498,frh03,val,temporary meadows,PTR,34
3723538,frh03,val,barley,ORH,34
3723610,frh03,val,rapeseed,CZH,34
3723642,frh03,val,temporary meadows,PTR,35
3723644,frh03,val,permanent meadows,PPH,35
3723661,frh03,val,temporary meadows,RGA,34
3723688,frh03,val,temporary meadows,PTR,34
3723741,frh03,val,permanent meadows,PPH,34
3723753,frh03,val,wheat,BTH,34
3723845,frh03,val,corn,MIE,47
3723858,frh03,val,temporary meadows,PTR,22
3723878,frh03,val,temporary meadows,RGA,22
3723884,frh03,val,temporary meadows,PTR,35
3723912,frh03,val,rapeseed,CZH,22
3724031,frh03,val,corn,MIE,35
3724054,frh03,val,permanent meadows,PPH,34
3724061,frh03,val,temporary meadows,RGA,34
3724116,frh03,val,permanent meadows,PPH,35
3724220,frh03,val,permanent meadows,PPH,34
3724282,frh03,val,permanent meadows,PRL,34
3724288,frh03,val,corn,MIE,34
3724343,frh03,val,wheat,BTH,34
3724358,frh03,val,wheat,BTH,22
3724363,frh03,val,permanent meadows,PPH,22
3724419,frh03,val,temporary meadows,PTR,34
3724456,frh03,val,corn,MIE,22
3724503,frh03,val,temporary meadows,PTR,34
3724505,frh03,val,permanent meadows,PPH,34
3724562,frh03,val,corn,MIE,22
3724733,frh03,val,temporary meadows,PTR,34
3724890,frh03,val,barley,ORH,34
3724908,frh03,val,corn,MIE,47
3724936,frh03,val,permanent meadows,PPH,34
3725020,frh03,val,rapeseed,CZH,47
3725109,frh03,val,wheat,BTH,29
3725129,frh03,val,temporary meadows,RGA,22
3725190,frh03,val,permanent meadows,PPH,22
3725246,frh03,val,temporary meadows,PTR,22
3725280,frh03,val,corn,MIS,22
3725347,frh03,val,permanent meadows,PPH,22
3725412,frh03,val,rapeseed,CZH,47
3725479,frh03,val,barley,ORH,35
3725573,frh03,val,temporary meadows,PTR,27
3725588,frh03,val,wheat,BTH,47
3725638,frh03,val,wheat,BTH,34
3725647,frh03,val,temporary meadows,PTR,27
3725692,frh03,val,permanent meadows,PRL,34
3725702,frh03,val,temporary meadows,PTR,34
3725764,frh03,val,corn,MIE,22
3725828,frh03,val,wheat,BTH,22
3725904,frh03,val,permanent meadows,PPH,34
3726018,frh03,val,corn,MIE,34
3726031,frh03,val,wheat,BTH,22
3726088,frh03,val,permanent meadows,PPH,34
3726136,frh03,val,temporary meadows,PTR,47
3726144,frh03,val,temporary meadows,PTR,24
3726147,frh03,val,temporary meadows,PTR,27
3726199,frh03,val,temporary meadows,PTR,34
3726201,frh03,val,corn,MIE,34
3726210,frh03,val,temporary meadows,PTR,34
3726229,frh03,val,corn,MIE,34
3726421,frh03,val,corn,MIS,34
3726443,frh03,val,permanent meadows,PPH,34
3726463,frh03,val,temporary meadows,RGA,22
3726485,frh03,val,temporary meadows,PTR,35
3726518,frh03,val,corn,MIE,34
3726528,frh03,val,temporary meadows,PTR,47
3726731,frh03,val,wheat,BTH,34
3726959,frh03,val,temporary meadows,PTR,22
3727045,frh03,val,barley,ORH,47
3727105,frh03,val,temporary meadows,PTR,50
3727118,frh03,val,corn,MIE,34
3727247,frh03,val,wheat,BTH,50
3727335,frh03,val,temporary meadows,PTR,50
3727347,frh03,val,corn,MIE,34
3727374,frh03,val,corn,MIE,34
3727422,frh03,val,permanent meadows,PRL,50
3727438,frh03,val,temporary meadows,RGA,34
3727544,frh03,val,temporary meadows,PTR,50
3727635,frh03,val,wheat,BTH,34
3727656,frh03,val,permanent meadows,PRL,23
3727665,frh03,val,wheat,BTH,34
3727700,frh03,val,permanent meadows,PPH,35
3727777,frh03,val,permanent meadows,PRL,47
3727852,frh03,val,rapeseed,CZH,34
3727892,frh03,val,temporary meadows,RGA,34
3727913,frh03,val,temporary meadows,RGA,22
3727948,frh03,val,permanent meadows,PRL,34
3727969,frh03,val,corn,MIE,34
3728002,frh03,val,temporary meadows,PTR,34
3728006,frh03,val,corn,MIE,34
3728176,frh03,val,corn,MIS,34
3728246,frh03,val,corn,MIE,27
3728284,frh03,val,corn,MIE,34
3728407,frh03,val,corn,MIE,34
3728458,frh03,val,wheat,BTH,47
3728508,frh03,val,wheat,BTH,34
3728719,frh03,val,permanent meadows,PRL,34
3728740,frh03,val,temporary meadows,PTR,35
3728785,frh03,val,rapeseed,CZH,22
3728788,frh03,val,permanent meadows,PPH,34
3728795,frh03,val,temporary meadows,PTR,34
3728823,frh03,val,barley,ORH,22
3728837,frh03,val,corn,MIE,47
3728900,frh03,val,temporary meadows,PTR,34
3728904,frh03,val,corn,MIE,34
3728963,frh03,val,corn,MIE,22
3728964,frh03,val,temporary meadows,PTR,22
3728989,frh03,val,wheat,BTH,34
3729041,frh03,val,wheat,BTH,22
3729088,frh03,val,corn,MIS,34
3729110,frh03,val,corn,MIE,34
3729148,frh03,val,permanent meadows,PPH,35
3729171,frh03,val,permanent meadows,PPH,34
3729204,frh03,val,wheat,BTH,22
3729205,frh03,val,barley,ORH,22
3729207,frh03,val,corn,MIS,22
3729243,frh03,val,corn,MIE,22
3729324,frh03,val,corn,MIE,34
3729423,frh03,val,corn,MIE,34
3729430,frh03,val,permanent meadows,PPH,34
3729434,frh03,val,corn,MIE,34
3729455,frh03,val,wheat,BTH,34
3729510,frh03,val,permanent meadows,PPH,34
3729577,frh03,val,permanent meadows,PPH,35
3729582,frh03,val,barley,ORH,22
3729591,frh03,val,temporary meadows,PTR,47
3729595,frh03,val,temporary meadows,PTR,47
3729638,frh03,val,corn,MIS,47
3729721,frh03,val,barley,ORH,35
3729731,frh03,val,corn,MIS,47
3729735,frh03,val,wheat,BTH,35
3729776,frh03,val,temporary meadows,PTR,34
3729783,frh03,val,corn,MIS,50
3729815,frh03,val,permanent meadows,PPH,35
3729858,frh03,val,permanent meadows,PPH,34
3729906,frh03,val,wheat,BTH,35
3729922,frh03,val,temporary meadows,PTR,22
3730002,frh03,val,temporary meadows,PTR,22
3730074,frh03,val,corn,MIE,34
3730147,frh03,val,corn,MIE,34
3730161,frh03,val,corn,MIE,34
3730176,frh03,val,corn,MIE,35
3730258,frh03,val,temporary meadows,PTR,34
3730280,frh03,val,corn,MIE,35
3730306,frh03,val,temporary meadows,PTR,47
3730338,frh03,val,temporary meadows,PTR,34
3730369,frh03,val,corn,MIE,57
3730494,frh03,val,corn,MIS,34
3730515,frh03,val,permanent meadows,PPH,34
3730533,frh03,val,permanent meadows,PPH,22
3730563,frh03,val,barley,ORH,22
3730591,frh03,val,rapeseed,CZH,35
3730607,frh03,val,temporary meadows,PTR,34
3730609,frh03,val,temporary meadows,PTR,34
3730791,frh03,val,corn,MIS,34
3730797,frh03,val,temporary meadows,PTR,34
3730871,frh03,val,permanent meadows,PRL,35
3730881,frh03,val,temporary meadows,RGA,34
3730976,frh03,val,corn,MIE,34
3730995,frh03,val,temporary meadows,PTR,34
3731031,frh03,val,barley,ORH,47
3731134,frh03,val,permanent meadows,PPH,47
3731202,frh03,val,permanent meadows,PPH,34
3731222,frh03,val,temporary meadows,PTR,50
3731271,frh03,val,corn,MIE,34
3731309,frh03,val,corn,MIE,35
3731340,frh03,val,temporary meadows,PTR,22
3731389,frh03,val,wheat,BTH,22
3731522,frh03,val,permanent meadows,PPH,34
3731656,frh03,val,permanent meadows,PPH,34
3731718,frh03,val,temporary meadows,PTR,50
3731729,frh03,val,wheat,BTH,47
3731764,frh03,val,rapeseed,CZH,34
3731790,frh03,val,permanent meadows,PRL,34
3731791,frh03,val,permanent meadows,PRL,34
3731802,frh03,val,temporary meadows,PTR,50
3731816,frh03,val,temporary meadows,PTR,34
3731822,frh03,val,temporary meadows,PTR,50
3731839,frh03,val,wheat,BTH,47
3731871,frh03,val,wheat,BTH,34
3731884,frh03,val,wheat,BTH,34
3731906,frh03,val,wheat,BTH,57
3732002,frh03,val,rapeseed,CZH,50
3732064,frh03,val,wheat,BTH,22
3732097,frh03,val,corn,MIE,34
3732105,frh03,val,temporary meadows,PTR,34
3732106,frh03,val,corn,MIE,34
3732127,frh03,val,wheat,BTH,22
3732128,frh03,val,wheat,BTH,22
3732154,frh03,val,corn,MIE,50
3732215,frh03,val,permanent meadows,PPH,34
3732276,frh03,val,temporary meadows,PTR,34
3732314,frh03,val,permanent meadows,PPH,34
3732326,frh03,val,temporary meadows,PTR,22
3732353,frh03,val,temporary meadows,PTR,34
3732403,frh03,val,permanent meadows,PRL,34
3732408,frh03,val,corn,MIE,34
3732480,frh03,val,temporary meadows,PTR,22
3732588,frh03,val,permanent meadows,PPH,34
3732687,frh03,val,temporary meadows,PTR,35
3732728,frh03,val,temporary meadows,RGA,47
3732813,frh03,val,rapeseed,CZH,47
3732853,frh03,val,temporary meadows,PTR,35
3732878,frh03,val,corn,MIE,22
3732885,frh03,val,corn,MIE,22
3732965,frh03,val,corn,MIE,35
3733019,frh03,val,rapeseed,CZH,35
3733035,frh03,val,permanent meadows,PPH,35
3733172,frh03,val,wheat,BTH,47
3733266,frh03,val,corn,MIS,27
3733270,frh03,val,permanent meadows,PPH,31
3733324,frh03,val,wheat,BTH,34
3733364,frh03,val,corn,MIS,35
3733475,frh03,val,barley,ORH,34
3733501,frh03,val,wheat,BTH,22
3733509,frh03,val,permanent meadows,PPH,22
3733599,frh03,val,wheat,BTH,22
3733612,frh03,val,permanent meadows,PRL,22
3733618,frh03,val,temporary meadows,PTR,34
3733621,frh03,val,corn,MIS,22
3733628,frh03,val,corn,MIE,22
3733711,frh03,val,corn,MIE,47
3733770,frh03,val,corn,MIE,22
3733825,frh03,val,temporary meadows,PTR,22
3733900,frh03,val,temporary meadows,PTR,34
3733916,frh03,val,temporary meadows,RGA,22
3733947,frh03,val,temporary meadows,PTR,22
3733950,frh03,val,temporary meadows,PTR,22
3733961,frh03,val,wheat,BTH,22
3733994,frh03,val,permanent meadows,PPH,34
3734124,frh03,val,corn,MIE,22
3734144,frh03,val,temporary meadows,PTR,22
3734283,frh03,val,temporary meadows,PTR,22
3734284,frh03,val,temporary meadows,PTR,22
3734311,frh03,val,temporary meadows,PTR,34
3734333,frh03,val,wheat,BTP,22
3734384,frh03,val,corn,MIE,34
3734443,frh03,val,temporary meadows,PTR,34
3734465,frh03,val,temporary meadows,PTR,22
3734468,frh03,val,permanent meadows,PRL,22
3734547,frh03,val,permanent meadows,PRL,22
3734706,frh03,val,corn,MIE,22
3734842,frh03,val,temporary meadows,PTR,35
3734948,frh03,val,wheat,BTH,22
3734973,frh03,val,corn,MIE,35
3734989,frh03,val,temporary meadows,PTR,34
3734995,frh03,val,corn,MIE,34
3735015,frh03,val,temporary meadows,PTR,22
3735085,frh03,val,temporary meadows,PTR,34
3735103,frh03,val,wheat,BTH,34
3735109,frh03,val,corn,MIE,34
3735126,frh03,val,temporary meadows,RGA,34
3735152,frh03,val,permanent meadows,PPH,34
3735221,frh03,val,wheat,BTH,27
3735222,frh03,val,temporary meadows,PTR,22
3735245,frh03,val,corn,MIE,35
3735303,frh03,val,permanent meadows,PPH,22
3735308,frh03,val,temporary meadows,PTR,22
3735319,frh03,val,corn,MIE,34
3735326,frh03,val,temporary meadows,PTR,35
3735341,frh03,val,wheat,BTH,22
3735402,frh03,val,permanent meadows,PRL,27
3735417,frh03,val,temporary meadows,PTR,34
3735576,frh03,val,temporary meadows,PTR,35
3735635,frh03,val,temporary meadows,PTR,34
3735705,frh03,val,permanent meadows,PRL,35
3735772,frh03,val,temporary meadows,PTR,35
3735830,frh03,val,barley,ORH,34
3735904,frh03,val,wheat,BTH,27
3735911,frh03,val,corn,MIE,22
3736026,frh03,val,temporary meadows,PTR,22
3736058,frh03,val,corn,MIE,34
3736114,frh03,val,wheat,BTH,22
3736350,frh03,val,wheat,BTH,34
3736353,frh03,val,permanent meadows,PRL,34
3736441,frh03,val,corn,MIE,34
3736456,frh03,val,permanent meadows,PPH,34
3736460,frh03,val,permanent meadows,PPH,34
3736477,frh03,val,wheat,BTH,35
3736504,frh03,val,permanent meadows,PPH,22
3736514,frh03,val,permanent meadows,PRL,35
3736581,frh03,val,wheat,BTH,22
3736619,frh03,val,wheat,BTH,34
3736701,frh03,val,barley,ORH,22
3736719,frh03,val,wheat,BTH,22
3736735,frh03,val,temporary meadows,PTR,34
3736747,frh03,val,permanent meadows,PPH,34
3736779,frh03,val,permanent meadows,PPH,22
3736896,frh03,val,temporary meadows,PTR,22
3736926,frh03,val,temporary meadows,PTR,22
3736949,frh03,val,wheat,BTH,35
3736964,frh03,val,corn,MIS,35
3737015,frh03,val,rapeseed,CZH,22
3737116,frh03,val,temporary meadows,PTR,22
3737154,frh03,val,corn,MIE,34
3737274,frh03,val,temporary meadows,PTR,35
3737349,frh03,val,corn,MIE,35
3737390,frh03,val,corn,MIE,50
3737428,frh03,val,corn,MIE,26
3737437,frh03,val,temporary meadows,PTR,22
3737450,frh03,val,corn,MIE,22
3737495,frh03,val,corn,MIE,34
3737560,frh03,val,corn,MIE,22
3737659,frh03,val,permanent meadows,PPH,22
3737686,frh03,val,temporary meadows,RGA,22
3737714,frh03,val,wheat,BTH,22
3737799,frh03,val,corn,MIS,22
3737800,frh03,val,wheat,BTH,22
3737810,frh03,val,temporary meadows,RGA,22
3737895,frh03,val,corn,MIS,22
3737933,frh03,val,wheat,BTH,34
3738122,frh03,val,corn,MIE,47
3738228,frh03,val,temporary meadows,RGA,34
3738300,frh03,val,wheat,BTH,22
3738465,frh03,val,wheat,BTH,22
3738507,frh03,val,corn,MIE,34
3738558,frh03,val,corn,MIE,38
3738594,frh03,val,corn,MIS,35
3738776,frh03,val,temporary meadows,RGA,34
3738865,frh03,val,temporary meadows,PTR,34
3738890,frh03,val,temporary meadows,PTR,22
3739012,frh03,val,permanent meadows,PPH,34
3739025,frh03,val,corn,MIE,34
3739037,frh03,val,permanent meadows,PPH,34
3739058,frh03,val,corn,MIE,22
3739101,frh03,val,permanent meadows,PRL,47
3739208,frh03,val,wheat,BTH,26
3739251,frh03,val,permanent meadows,PRL,35
3739417,frh03,val,corn,MIE,22
3739480,frh03,val,temporary meadows,RGA,44
3739588,frh03,val,corn,MIE,34
3739596,frh03,val,wheat,BTH,22
3739737,frh03,val,corn,MIE,35
3739788,frh03,val,corn,MIE,34
3739836,frh03,val,wheat,BTH,34
3739844,frh03,val,permanent meadows,PPH,35
3739854,frh03,val,temporary meadows,PTR,34
3739966,frh03,val,wheat,BTH,34
3740075,frh03,val,temporary meadows,PTR,22
3740134,frh03,val,temporary meadows,PTR,47
3740199,frh03,val,temporary meadows,PTR,34
3740324,frh03,val,temporary meadows,PTR,34
3740380,frh03,val,permanent meadows,PPH,34
3740397,frh03,val,temporary meadows,PTR,34
3740511,frh03,val,corn,MIE,22
3740514,frh03,val,wheat,BTH,22
3740672,frh03,val,permanent meadows,PPH,35
3740698,frh03,val,temporary meadows,PTR,34
3740749,frh03,val,corn,MIE,22
3740849,frh03,val,permanent meadows,PPH,22
3740865,frh03,val,permanent meadows,PPH,34
3740887,frh03,val,permanent meadows,PPH,34
3740919,frh03,val,temporary meadows,PTR,34
3741039,frh03,val,corn,MIE,34
3741042,frh03,val,permanent meadows,PPH,34
3741105,frh03,val,temporary meadows,PTR,34
3741108,frh03,val,wheat,BTH,34
3741134,frh03,val,temporary meadows,RGA,34
3741154,frh03,val,temporary meadows,RGA,34
3741259,frh03,val,permanent meadows,PPH,34
3741261,frh03,val,permanent meadows,PPH,34
3741269,frh03,val,temporary meadows,PTR,34
3741282,frh03,val,permanent meadows,PPH,34
3741300,frh03,val,wheat,BTH,22
3741391,frh03,val,temporary meadows,PTR,34
3741398,frh03,val,permanent meadows,PRL,34
3741473,frh03,val,permanent meadows,PPH,34
3741532,frh03,val,corn,MIS,26
3741564,frh03,val,corn,MIE,35
3741587,frh03,val,barley,ORH,34
3741665,frh03,val,barley,ORH,35
3741696,frh03,val,temporary meadows,PTR,24
3741734,frh03,val,corn,MIE,35
3741739,frh03,val,corn,MIE,57
3741815,frh03,val,corn,MIE,57
3741835,frh03,val,permanent meadows,PPH,35
3741855,frh03,val,barley,ORH,22
3741962,frh03,val,temporary meadows,PTR,34
3742016,frh03,val,wheat,BTH,34
3742019,frh03,val,permanent meadows,PPH,35
3742031,frh03,val,temporary meadows,PTR,35
3742173,frh03,val,permanent meadows,PPH,34
3742312,frh03,val,permanent meadows,PPH,34
3742471,frh03,val,temporary meadows,RGA,22
3742543,frh03,val,temporary meadows,PTR,22
3742585,frh03,val,temporary meadows,PTR,34
3742648,frh03,val,temporary meadows,PTR,35
3742713,frh03,val,wheat,BTH,47
3742726,frh03,val,corn,MIS,22
3742757,frh03,val,barley,ORH,34
3742997,frh03,val,wheat,BTH,47
3743008,frh03,val,corn,MIE,22
3743020,frh03,val,rapeseed,CZH,22
3743045,frh03,val,temporary meadows,PTR,34
3743087,frh03,val,permanent meadows,PPH,34
3743088,frh03,val,permanent meadows,PPH,34
3743137,frh03,val,corn,MIE,47
3743155,frh03,val,corn,MIE,47
3743160,frh03,val,corn,MIE,47
3743170,frh03,val,wheat,BTH,50
3743266,frh03,val,corn,MIE,22
3743362,frh03,val,temporary meadows,RGA,22
3743368,frh03,val,temporary meadows,PTR,35
3743401,frh03,val,barley,ORH,47
3743485,frh03,val,wheat,BTH,47
3743647,frh03,val,permanent meadows,PPH,34
3743692,frh03,val,temporary meadows,PTR,47
3743736,frh03,val,permanent meadows,PPH,34
3743872,frh03,val,permanent meadows,PPH,34
3743876,frh03,val,permanent meadows,PRL,47
3743926,frh03,val,permanent meadows,PPH,47
3743946,frh03,val,permanent meadows,PPH,34
3744137,frh03,val,temporary meadows,RGA,22
3744158,frh03,val,permanent meadows,PPH,34
3744180,frh03,val,permanent meadows,PPH,35
3744189,frh03,val,permanent meadows,PPH,34
3744215,frh03,val,temporary meadows,RGA,47
3744223,frh03,val,temporary meadows,RGA,47
3744254,frh03,val,permanent meadows,PRL,22
3744270,frh03,val,wheat,BTH,35
3744388,frh03,val,corn,MIE,34
3744463,frh03,val,corn,MIE,35
3744469,frh03,val,wheat,BTH,35
3744568,frh03,val,corn,MIE,35
3744627,frh03,val,corn,MIE,22
3744650,frh03,val,wheat,BTH,35
3744655,frh03,val,corn,MIE,35
3744709,frh03,val,temporary meadows,PTR,32
3744749,frh03,val,temporary meadows,PTR,35
3744752,frh03,val,corn,MIE,35
3744806,frh03,val,corn,MIE,35
3744825,frh03,val,corn,MIE,34
3744832,frh03,val,temporary meadows,PTR,34
3744868,frh03,val,temporary meadows,PTR,22
3744895,frh03,val,wheat,BTH,35
3744948,frh03,val,temporary meadows,PTR,34
3744958,frh03,val,temporary meadows,PTR,34
3745026,frh03,val,wheat,BTH,47
3745037,frh03,val,corn,MIE,47
3745318,frh03,val,wheat,BTH,47
3745407,frh03,val,temporary meadows,PTR,35
3745413,frh03,val,temporary meadows,PTR,35
3745623,frh03,val,permanent meadows,PRL,22
3745774,frh03,val,corn,MIS,26
3745836,frh03,val,corn,MIS,34
3745933,frh03,val,corn,MIE,34
3745943,frh03,val,wheat,BTH,47
3745982,frh03,val,corn,MIE,34
3745994,frh03,val,wheat,BTH,34
3746090,frh03,val,wheat,BTH,50
3746151,frh03,val,wheat,BTH,34
3746154,frh03,val,temporary meadows,PTR,34
3746169,frh03,val,permanent meadows,PPH,34
3746345,frh03,val,rapeseed,CZH,34
3746382,frh03,val,permanent meadows,PPH,34
3746506,frh03,val,corn,MIE,34
3746548,frh03,val,corn,MIE,34
3746563,frh03,val,barley,ORH,34
3746574,frh03,val,wheat,BTH,47
3746651,frh03,val,permanent meadows,PPH,34
3746672,frh03,val,temporary meadows,PTR,34
3746683,frh03,val,temporary meadows,PTR,34
3746792,frh03,val,barley,ORP,22
3746807,frh03,val,corn,MIE,47
3746821,frh03,val,corn,MIS,34
3746830,frh03,val,temporary meadows,PTR,34
3746854,frh03,val,corn,MIE,34
3746902,frh03,val,permanent meadows,PPH,47
3746903,frh03,val,permanent meadows,PRL,47
3746949,frh03,val,wheat,BTH,34
3747023,frh03,val,temporary meadows,PTR,22
3747089,frh03,val,temporary meadows,PTR,47
3747116,frh03,val,temporary meadows,PTR,47
3747149,frh03,val,corn,MIE,35
3747209,frh03,val,permanent meadows,PPH,34
3747362,frh03,val,wheat,BTH,41
3747398,frh03,val,corn,MIE,22
3747401,frh03,val,barley,ORH,22
3747411,frh03,val,rapeseed,CZH,22
3747413,frh03,val,wheat,BTH,22
3747414,frh03,val,wheat,BTH,22
3747429,frh03,val,nuts,CTG,22
3747440,frh03,val,temporary meadows,PTR,34
3747483,frh03,val,barley,ORH,22
3747494,frh03,val,corn,MIE,22
3747605,frh03,val,permanent meadows,PPH,34
3747744,frh03,val,wheat,BTH,22
3747783,frh03,val,wheat,BTH,22
3747799,frh03,val,permanent meadows,PRL,34
3747849,frh03,val,wheat,BTH,34
3747909,frh03,val,corn,MIS,34
3747977,frh03,val,temporary meadows,PTR,22
3748103,frh03,val,temporary meadows,PTR,34
3748104,frh03,val,temporary meadows,PTR,34
3748105,frh03,val,temporary meadows,PTR,34
3748209,frh03,val,temporary meadows,PTR,34
3748211,frh03,val,corn,MIE,34
3748307,frh03,val,permanent meadows,PPH,34
3748379,frh03,val,temporary meadows,PTR,47
3748421,frh03,val,temporary meadows,PTR,34
3748461,frh03,val,temporary meadows,PTR,34
3748518,frh03,val,temporary meadows,RGA,34
3748537,frh03,val,barley,ORH,22
3748558,frh03,val,temporary meadows,PTR,35
3748629,frh03,val,permanent meadows,PRL,34
3748665,frh03,val,temporary meadows,PTR,35
3748689,frh03,val,barley,ORH,50
3748727,frh03,val,corn,MIE,47
3748786,frh03,val,corn,MIE,35
3748804,frh03,val,temporary meadows,RGA,34
3748865,frh03,val,barley,ORH,22
3749000,frh03,val,permanent meadows,PPH,47
3749041,frh03,val,rapeseed,CZH,47
3749085,frh03,val,permanent meadows,PPH,22
3749123,frh03,val,corn,MIE,22
3749151,frh03,val,corn,MIE,22
3749159,frh03,val,corn,MIE,22
3749291,frh03,val,wheat,BTH,22
3749332,frh03,val,temporary meadows,RGA,34
3749366,frh03,val,permanent meadows,PPH,22
3749449,frh03,val,permanent meadows,PPH,34
3749452,frh03,val,permanent meadows,PRL,34
3749462,frh03,val,corn,MIE,34
3749478,frh03,val,permanent meadows,PPH,34
3749500,frh03,val,corn,MIS,22
3749513,frh03,val,permanent meadows,PPH,34
3749535,frh03,val,wheat,BTH,34
3749628,frh03,val,permanent meadows,PPH,34
3749678,frh03,val,temporary meadows,PTR,34
3749708,frh03,val,corn,MIE,47
3749718,frh03,val,wheat,BTH,47
3749749,frh03,val,wheat,BTH,46
3749760,frh03,val,temporary meadows,RGA,35
3749768,frh03,val,corn,MIE,22
3749834,frh03,val,corn,MIS,46
3749847,frh03,val,permanent meadows,PPH,34
3749930,frh03,val,wheat,BTH,34
3749975,frh03,val,temporary meadows,PTR,34
3749980,frh03,val,temporary meadows,PTR,34
3750054,frh03,val,corn,MIE,22
3750084,frh03,val,temporary meadows,PTR,47
3750156,frh03,val,temporary meadows,PTR,22
3750183,frh03,val,corn,MIE,35
3750202,frh03,val,permanent meadows,PPH,35
3750243,frh03,val,permanent meadows,PRL,34
3750255,frh03,val,barley,ORH,34
3750294,frh03,val,rapeseed,CZH,35
3750302,frh03,val,permanent meadows,PPH,35
3750305,frh03,val,barley,ORH,34
3750319,frh03,val,corn,MIE,22
3750324,frh03,val,corn,MIE,22
3750421,frh03,val,permanent meadows,PPH,22
3750454,frh03,val,barley,ORH,47
3750548,frh03,val,temporary meadows,PTR,47
3750573,frh03,val,wheat,BTH,34
3750603,frh03,val,corn,MIS,35
3750697,frh03,val,corn,MIE,34
3750742,frh03,val,corn,MIE,34
3750753,frh03,val,temporary meadows,PTR,34
3750796,frh03,val,permanent meadows,PPH,34
3750826,frh03,val,temporary meadows,RGA,47
3750872,frh03,val,corn,MIE,22
3750888,frh03,val,barley,ORH,34
3750901,frh03,val,temporary meadows,RGA,47
3750952,frh03,val,barley,ORH,35
3751024,frh03,val,temporary meadows,RGA,35
3751141,frh03,val,wheat,BTH,35
3751159,frh03,val,corn,MIE,22
3751164,frh03,val,temporary meadows,PTR,22
3751214,frh03,val,rapeseed,CZH,34
3751223,frh03,val,temporary meadows,RGA,34
3751272,frh03,val,temporary meadows,PTR,22
3751325,frh03,val,permanent meadows,PRL,47
3751335,frh03,val,temporary meadows,RGA,47
3751407,frh03,val,temporary meadows,RGA,34
3751493,frh03,val,permanent meadows,PPH,34
3751544,frh03,val,permanent meadows,PPH,22
3751568,frh03,val,corn,MIS,22
3751765,frh03,val,permanent meadows,PPH,34
3751770,frh03,val,temporary meadows,PTR,34
3751800,frh03,val,temporary meadows,RGA,22
3751882,frh03,val,corn,MIS,34
3751899,frh03,val,wheat,BTH,34
3751900,frh03,val,temporary meadows,RGA,34
3752003,frh03,val,corn,MIE,34
3752015,frh03,val,temporary meadows,PTR,34
3752075,frh03,val,permanent meadows,PPH,34
3752140,frh03,val,temporary meadows,PTR,47
3752155,frh03,val,wheat,BTH,34
3752212,frh03,val,corn,MIE,22
3752213,frh03,val,permanent meadows,PPH,22
3752275,frh03,val,permanent meadows,PPH,47
3752320,frh03,val,corn,MIE,47
3752340,frh03,val,corn,MIE,22
3752422,frh03,val,temporary meadows,PTR,47
3752515,frh03,val,wheat,BTH,35
3752556,frh03,val,temporary meadows,RGA,22
3752579,frh03,val,temporary meadows,PTR,47
3752627,frh03,val,corn,MIE,22
3752710,frh03,val,permanent meadows,PPH,34
3752782,frh03,val,barley,ORH,22
3752873,frh03,val,permanent meadows,PPH,47
3752938,frh03,val,permanent meadows,PPH,22
3752953,frh03,val,permanent meadows,PPH,47
3752967,frh03,val,corn,MIE,47
3752972,frh03,val,temporary meadows,PTR,47
3753015,frh03,val,permanent meadows,PRL,47
3753095,frh03,val,permanent meadows,PRL,47
3753163,frh03,val,corn,MIE,22
3753235,frh03,val,permanent meadows,PPH,34
3753245,frh03,val,temporary meadows,PTR,34
3753252,frh03,val,temporary meadows,PTR,35
3753346,frh03,val,temporary meadows,PTR,35
3753347,frh03,val,permanent meadows,PPH,22
3753353,frh03,val,wheat,BTH,35
3753382,frh03,val,barley,ORH,22
3753405,frh03,val,barley,ORP,22
3753445,frh03,val,corn,MIE,34
3753455,frh03,val,temporary meadows,PTR,34
3753568,frh03,val,permanent meadows,PRL,34
3753622,frh03,val,permanent meadows,PPH,34
3753626,frh03,val,permanent meadows,PRL,34
3753749,frh03,val,corn,MIE,34
3753761,frh03,val,corn,MIE,57
3753773,frh03,val,corn,MIE,22
3753829,frh03,val,permanent meadows,PPH,34
3753840,frh03,val,temporary meadows,PTR,57
3753966,frh03,val,permanent meadows,PPH,35
3753980,frh03,val,wheat,BTH,35
3753988,frh03,val,temporary meadows,PTR,22
3754164,frh03,val,corn,MIE,34
3754220,frh03,val,permanent meadows,PPH,22
3754356,frh03,val,wheat,BTH,26
3754470,frh03,val,temporary meadows,RGA,22
3754482,frh03,val,permanent meadows,PRL,34
3754518,frh03,val,temporary meadows,PTR,23
3754552,frh03,val,wheat,BTH,47
3754560,frh03,val,temporary meadows,RGA,47
3754604,frh03,val,corn,MIE,34
3754640,frh03,val,wheat,BTH,47
3754651,frh03,val,barley,ORH,22
3754687,frh03,val,permanent meadows,PRL,22
3754693,frh03,val,permanent meadows,PPH,22
3754741,frh03,val,temporary meadows,PTR,22
3754746,frh03,val,corn,MIS,22
3754780,frh03,val,temporary meadows,PTR,34
3754808,frh03,val,wheat,BTH,35
3754901,frh03,val,corn,MIE,34
3754915,frh03,val,corn,MIE,22
3754988,frh03,val,temporary meadows,PTR,34
3754994,frh03,val,temporary meadows,PTR,24
3755010,frh03,val,temporary meadows,PTR,34
3755018,frh03,val,wheat,BTH,22
3755027,frh03,val,corn,MIE,22
3755104,frh03,val,temporary meadows,PTR,34
3755123,frh03,val,corn,MIE,34
3755156,frh03,val,temporary meadows,PTR,34
3755220,frh03,val,corn,MIE,34
3755260,frh03,val,permanent meadows,PPH,35
3755279,frh03,val,wheat,BTH,35
3755358,frh03,val,permanent meadows,PPH,31
3755525,frh03,val,temporary meadows,PTR,40
3755598,frh03,val,wheat,BTH,23
3755659,frh03,val,wheat,BTH,35
3755692,frh03,val,permanent meadows,PPH,22
3755700,frh03,val,wheat,BTH,24
3755714,frh03,val,permanent meadows,PRL,22
3755875,frh03,val,permanent meadows,PPH,34
3755880,frh03,val,temporary meadows,PTR,35
3755892,frh03,val,temporary meadows,RGA,22
3755941,frh03,val,permanent meadows,PPH,34
3755955,frh03,val,temporary meadows,PTR,35
3755959,frh03,val,wheat,BTH,35
3756036,frh03,val,corn,MIE,35
3756055,frh03,val,permanent meadows,PPH,47
3756139,frh03,val,temporary meadows,PTR,47
3756147,frh03,val,temporary meadows,PTR,47
3756237,frh03,val,permanent meadows,PPH,47
3756258,frh03,val,wheat,BTH,34
3756261,frh03,val,corn,MIE,34
3756301,frh03,val,permanent meadows,PRL,22
3756491,frh03,val,temporary meadows,PTR,35
3756553,frh03,val,temporary meadows,PTR,34
3756581,frh03,val,permanent meadows,PPH,34
3756597,frh03,val,temporary meadows,PTR,22
3756647,frh03,val,corn,MIS,22
3756691,frh03,val,permanent meadows,PRL,22
3756793,frh03,val,permanent meadows,PRL,22
3756853,frh03,val,barley,ORH,22
3756931,frh03,val,temporary meadows,PTR,35
3756984,frh03,val,barley,ORH,34
3757095,frh03,val,corn,MIS,27
3757109,frh03,val,wheat,BTH,34
3757231,frh03,val,wheat,BTH,22
3757318,frh03,val,temporary meadows,RGA,22
3757344,frh03,val,wheat,BTH,22
3757355,frh03,val,temporary meadows,PTR,34
3757356,frh03,val,temporary meadows,RGA,34
3757364,frh03,val,temporary meadows,RGA,34
3757469,frh03,val,corn,MIE,34
3757500,frh03,val,wheat,BTH,22
3757504,frh03,val,corn,MIE,22
3757514,frh03,val,wheat,BTH,34
3757649,frh03,val,permanent meadows,PPH,22
3757673,frh03,val,corn,MIE,35
3757677,frh03,val,corn,MIE,35
3757767,frh03,val,temporary meadows,RGA,22
3758016,frh03,val,wheat,BTH,47
3758128,frh03,val,corn,MIE,47
3758249,frh03,val,wheat,BTH,22
3758271,frh03,val,permanent meadows,PPH,22
3758300,frh03,val,corn,MIE,35
3758374,frh03,val,temporary meadows,PTR,35
3758384,frh03,val,wheat,BTH,35
3758392,frh03,val,permanent meadows,PPH,22
3758440,frh03,val,temporary meadows,PTR,35
3758619,frh03,val,temporary meadows,RGA,34
3758697,frh03,val,rapeseed,CZH,57
3758853,frh03,val,wheat,BTH,34
3758880,frh03,val,barley,ORH,22
3758898,frh03,val,corn,MIE,47
3758899,frh03,val,temporary meadows,RGA,47
3758932,frh03,val,wheat,BTH,34
3758964,frh03,val,corn,MIE,22
3759010,frh03,val,permanent meadows,PPH,22
3759032,frh03,val,corn,MIE,22
3759068,frh03,val,barley,ORH,22
3759100,frh03,val,barley,ORH,35
3759115,frh03,val,temporary meadows,PTR,22
3759219,frh03,val,wheat,BTH,34
3759220,frh03,val,temporary meadows,RGA,34
3759263,frh03,val,temporary meadows,PTR,22
3759296,frh03,val,wheat,BTH,34
3759359,frh03,val,temporary meadows,RGA,34
3759443,frh03,val,temporary meadows,RGA,35
3759474,frh03,val,temporary meadows,PTR,34
3759514,frh03,val,temporary meadows,PTR,22
3759615,frh03,val,permanent meadows,PPH,47
3759813,frh03,val,permanent meadows,PPH,34
3759847,frh03,val,corn,MIE,34
3760008,frh03,val,permanent meadows,PPH,34
3760095,frh03,val,permanent meadows,PPH,34
3760255,frh03,val,temporary meadows,PTR,34
3760261,frh03,val,temporary meadows,PTR,34
3760323,frh03,val,corn,MIE,34
3760336,frh03,val,temporary meadows,PTR,34
3760411,frh03,val,corn,MIE,34
3760456,frh03,val,corn,MIE,35
3760481,frh03,val,temporary meadows,PTR,34
3760496,frh03,val,corn,MIE,34
3760501,frh03,val,corn,MIE,34
3760535,frh03,val,temporary meadows,PTR,34
3760679,frh03,val,corn,MIE,47
3760694,frh03,val,corn,MIE,47
3760817,frh03,val,corn,MIE,34
3760841,frh03,val,wheat,BTH,22
3760869,frh03,val,temporary meadows,PTR,47
3760949,frh03,val,corn,MIS,34
3761137,frh03,val,corn,MIE,34
3761181,frh03,val,temporary meadows,RGA,34
3761213,frh03,val,corn,MIE,35
3761264,frh03,val,orchards,VRG,34
3761315,frh03,val,temporary meadows,PTR,47
3761408,frh03,val,wheat,BTH,31
3761434,frh03,val,temporary meadows,RGA,57
3761500,frh03,val,temporary meadows,PTR,47
3761547,frh03,val,rapeseed,CZH,22
3761710,frh03,val,temporary meadows,PTR,34
3761773,frh03,val,wheat,BTH,35
3761784,frh03,val,temporary meadows,RGA,35
3761785,frh03,val,temporary meadows,PTR,47
3761834,frh03,val,corn,MIE,50
3761865,frh03,val,corn,MIE,34
3761887,frh03,val,corn,MIE,34
3761941,frh03,val,temporary meadows,RGA,47
3762091,frh03,val,temporary meadows,PTR,34
3762252,frh03,val,temporary meadows,PTR,47
3762370,frh03,val,temporary meadows,PTR,22
3762389,frh03,val,permanent meadows,PPH,34
3762394,frh03,val,permanent meadows,PPH,34
3762398,frh03,val,permanent meadows,PPH,34
3762422,frh03,val,permanent meadows,PPH,22
3762635,frh03,val,temporary meadows,PTR,35
3762637,frh03,val,wheat,BTH,35
3762640,frh03,val,corn,MIE,50
3762648,frh03,val,wheat,BTH,50
3762677,frh03,val,permanent meadows,PPH,35
3762721,frh03,val,wheat,BTH,34
3762797,frh03,val,temporary meadows,RGA,47
3762806,frh03,val,temporary meadows,RGA,47
3762982,frh03,val,rapeseed,CZH,35
3763067,frh03,val,temporary meadows,PTR,22
3763075,frh03,val,temporary meadows,PTR,22
3763090,frh03,val,temporary meadows,PTR,22
3763148,frh03,val,temporary meadows,PTR,47
3763174,frh03,val,temporary meadows,PTR,22
3763227,frh03,val,corn,MIE,47
3763295,frh03,val,barley,ORH,34
3763400,frh03,val,temporary meadows,PTR,50
3763407,frh03,val,corn,MIE,50
3763413,frh03,val,wheat,BTH,47
3763573,frh03,val,temporary meadows,PTR,34
3763607,frh03,val,wheat,BTH,27
3763639,frh03,val,permanent meadows,PPH,34
3763722,frh03,val,corn,MIE,34
3763756,frh03,val,corn,MIE,34
3763769,frh03,val,rapeseed,CZH,34
3763779,frh03,val,temporary meadows,PTR,22
3763799,frh03,val,permanent meadows,PPH,34
3763856,frh03,val,corn,MIS,34
3763940,frh03,val,corn,MIS,34
3764030,frh03,val,permanent meadows,PPH,47
3764090,frh03,val,barley,ORH,22
3764143,frh03,val,barley,ORH,47
3764145,frh03,val,wheat,BTH,47
3764169,frh03,val,corn,MIE,34
3764179,frh03,val,rapeseed,CZH,22
3764214,frh03,val,temporary meadows,PTR,34
3764254,frh03,val,corn,MIE,34
3764301,frh03,val,rapeseed,CZH,50
3764374,frh03,val,temporary meadows,RGA,27
3764379,frh03,val,permanent meadows,PPH,22
3764419,frh03,val,wheat,BTH,35
3764470,frh03,val,wheat,BTH,22
3764498,frh03,val,temporary meadows,PTR,34
3764500,frh03,val,permanent meadows,PPH,34
3764549,frh03,val,temporary meadows,PTR,50
3764611,frh03,val,temporary meadows,PTR,34
3764615,frh03,val,wheat,BTH,34
3764715,frh03,val,temporary meadows,PTR,34
3764734,frh03,val,corn,MIE,50
3764786,frh03,val,corn,MIE,47
3764794,frh03,val,corn,MIS,34
3764815,frh03,val,wheat,BTH,22
3764917,frh03,val,corn,MIS,22
3764956,frh03,val,permanent meadows,PRL,34
3765072,frh03,val,barley,ORH,22
3765156,frh03,val,rapeseed,CZH,22
3765175,frh03,val,barley,ORH,22
3765181,frh03,val,wheat,BTH,22
3765316,frh03,val,permanent meadows,PPH,47
3765334,frh03,val,orchards,VRG,22
3765351,frh03,val,barley,ORH,26
3765362,frh03,val,wheat,BTH,22
3765424,frh03,val,permanent meadows,PPH,34
3765440,frh03,val,corn,MIE,26
3765460,frh03,val,corn,MIE,34
3765463,frh03,val,temporary meadows,RGA,34
3765473,frh03,val,wheat,BTH,34
3765569,frh03,val,temporary meadows,RGA,47
3765615,frh03,val,temporary meadows,PTR,47
3765700,frh03,val,corn,MIE,47
3765744,frh03,val,temporary meadows,PTR,24
3765755,frh03,val,temporary meadows,PTR,24
3765780,frh03,val,temporary meadows,PTR,22
3765816,frh03,val,corn,MIE,34
3765828,frh03,val,wheat,BTH,34
3765894,frh03,val,wheat,BTH,27
3765959,frh03,val,temporary meadows,PTR,34
3765983,frh03,val,temporary meadows,RGA,34
3766091,frh03,val,corn,MIE,22
3766117,frh03,val,corn,MIE,35
3766187,frh03,val,corn,MIE,22
3766195,frh03,val,corn,MIE,22
3766198,frh03,val,permanent meadows,PPH,22
3766352,frh03,val,permanent meadows,PRL,34
3766489,frh03,val,corn,MIE,22
3766567,frh03,val,temporary meadows,PTR,22
3766660,frh03,val,temporary meadows,PTR,22
3766679,frh03,val,permanent meadows,PRL,47
3766700,frh03,val,temporary meadows,PTR,35
3766773,frh03,val,temporary meadows,PTR,35
3766806,frh03,val,permanent meadows,PRL,22
3766933,frh03,val,corn,MIE,34
3766974,frh03,val,corn,MIE,34
3766995,frh03,val,rapeseed,CZH,22
3767135,frh03,val,wheat,BTH,34
3767174,frh03,val,permanent meadows,PPH,34
3767303,frh03,val,permanent meadows,PPH,34
3767352,frh03,val,temporary meadows,RGA,22
3767535,frh03,val,wheat,BTH,22
3767581,frh03,val,permanent meadows,PRL,50
3767603,frh03,val,temporary meadows,PTR,47
3767669,frh03,val,temporary meadows,PTR,34
3767685,frh03,val,wheat,BTH,47
3767736,frh03,val,temporary meadows,PTR,22
3767790,frh03,val,wheat,BTH,35
3767905,frh03,val,corn,MIE,22
3767907,frh03,val,temporary meadows,PTR,35
3767951,frh03,val,corn,MIE,49
3767995,frh03,val,temporary meadows,PTR,47
3768040,frh03,val,permanent meadows,PPH,34
3768080,frh03,val,corn,MIE,35
3768115,frh03,val,permanent meadows,PPH,22
3768121,frh03,val,corn,MIE,34
3768133,frh03,val,permanent meadows,PPH,34
3768223,frh03,val,corn,MIE,35
3768254,frh03,val,permanent meadows,PPH,35
3768255,frh03,val,permanent meadows,PPH,35
3768256,frh03,val,temporary meadows,PTR,47
3768295,frh03,val,permanent meadows,PRL,34
3768347,frh03,val,corn,MIE,34
3768386,frh03,val,wheat,BTH,34
3768455,frh03,val,corn,MIS,34
3768469,frh03,val,permanent meadows,PPH,34
3768567,frh03,val,corn,MIE,34
3768591,frh03,val,permanent meadows,PPH,22
3768601,frh03,val,barley,ORH,22
3768688,frh03,val,wheat,BTH,22
3768746,frh03,val,wheat,BTH,22
3768784,frh03,val,corn,MIE,34
3768913,frh03,val,temporary meadows,PTR,34
3768921,frh03,val,temporary meadows,PTR,34
3769077,frh03,val,corn,MIS,22
3769089,frh03,val,corn,MIE,22
3769095,frh03,val,wheat,BTH,34
3769128,frh03,val,corn,MIS,34
3769157,frh03,val,permanent meadows,PPH,22
3769222,frh03,val,temporary meadows,PTR,34
3769252,frh03,val,temporary meadows,RGA,34
3769342,frh03,val,temporary meadows,RGA,34
3769400,frh03,val,temporary meadows,PTR,34
3769449,frh03,val,corn,MIE,22
3769589,frh03,val,wheat,BTH,34
3769601,frh03,val,temporary meadows,PTR,34
3769619,frh03,val,temporary meadows,RGA,35
3769630,frh03,val,wheat,BTH,34
3769851,frh03,val,barley,ORH,34
3769859,frh03,val,wheat,BTH,22
3769922,frh03,val,corn,MIE,34
3769929,frh03,val,rapeseed,CZH,34
3769960,frh03,val,corn,MIE,22
3769979,frh03,val,temporary meadows,PTR,34
3769996,frh03,val,permanent meadows,PPH,34
3770009,frh03,val,permanent meadows,PPH,34
3770012,frh03,val,corn,MIE,34
3770053,frh03,val,corn,MIS,22
3770072,frh03,val,corn,MIE,34
3770108,frh03,val,temporary meadows,PTR,35
3770112,frh03,val,temporary meadows,PTR,34
3770128,frh03,val,barley,ORH,34
3770152,frh03,val,wheat,BTH,22
3770177,frh03,val,temporary meadows,PTR,34
3770199,frh03,val,corn,MIE,34
3770233,frh03,val,permanent meadows,PPH,34
3770258,frh03,val,permanent meadows,PPH,34
3770408,frh03,val,rapeseed,CZH,35
3770423,frh03,val,wheat,BTH,34
3770443,frh03,val,permanent meadows,PPH,34
3770451,frh03,val,permanent meadows,PPH,34
3770452,frh03,val,temporary meadows,RGA,34
3770455,frh03,val,temporary meadows,RGA,34
3770532,frh03,val,permanent meadows,PPH,34
3770589,frh03,val,temporary meadows,RGA,35
3770785,frh03,val,corn,MIE,34
3770796,frh03,val,temporary meadows,PTR,34
3770813,frh03,val,temporary meadows,RGA,22
3770820,frh03,val,temporary meadows,RGA,22
3770882,frh03,val,temporary meadows,PTR,47
3770993,frh03,val,corn,MIE,57
3771016,frh03,val,temporary meadows,PTR,47
3771022,frh03,val,corn,MIE,22
3771053,frh03,val,corn,MIE,34
3771096,frh03,val,corn,MIS,47
3771212,frh03,val,temporary meadows,PTR,47
3771221,frh03,val,permanent meadows,PPH,47
3771231,frh03,val,corn,MIE,34
3771235,frh03,val,corn,MIE,34
3771261,frh03,val,temporary meadows,PTR,22
3771324,frh03,val,temporary meadows,PTR,34
3771333,frh03,val,temporary meadows,PTR,34
3771336,frh03,val,temporary meadows,PTR,34
3771393,frh03,val,corn,MIE,34
3771396,frh03,val,temporary meadows,PTR,27
3771400,frh03,val,barley,ORH,30
3771426,frh03,val,temporary meadows,PTR,50
3771428,frh03,val,corn,MIE,50
3771467,frh03,val,temporary meadows,PTR,47
3771471,frh03,val,permanent meadows,PPH,47
3771473,frh03,val,permanent meadows,PPH,47
3771497,frh03,val,temporary meadows,PTR,34
3771516,frh03,val,temporary meadows,PTR,27
3771522,frh03,val,corn,MIE,27
3771613,frh03,val,temporary meadows,PTR,35
3771835,frh03,val,orchards,VRG,57
3771878,frh03,val,corn,MIE,47
3771879,frh03,val,permanent meadows,PPH,47
3771906,frh03,val,temporary meadows,RGA,34
3771911,frh03,val,permanent meadows,PPH,34
3771925,frh03,val,temporary meadows,PTR,50
3771929,frh03,val,wheat,BTH,50
3771945,frh03,val,corn,MIS,57
3772020,frh03,val,temporary meadows,PTR,34
3772088,frh03,val,wheat,BTH,34
3772122,frh03,val,permanent meadows,PRL,34
3772136,frh03,val,permanent meadows,PPH,22
3772149,frh03,val,rapeseed,CZH,34
3772185,frh03,val,temporary meadows,PTR,34
3772192,frh03,val,temporary meadows,PTR,35
3772257,frh03,val,wheat,BTH,22
3772270,frh03,val,temporary meadows,PTR,34
3772302,frh03,val,temporary meadows,PTR,35
3772390,frh03,val,wheat,BTH,34
3772523,frh03,val,temporary meadows,PTR,34
3772531,frh03,val,temporary meadows,PTR,34
3772548,frh03,val,permanent meadows,PPH,34
3772757,frh03,val,corn,MIE,22
3772789,frh03,val,temporary meadows,PTR,35
3772795,frh03,val,wheat,BTH,34
3772813,frh03,val,corn,MIE,34
3772855,frh03,val,wheat,BTH,34
3772943,frh03,val,wheat,BTH,47
3772946,frh03,val,temporary meadows,PTR,47
3773029,frh03,val,permanent meadows,PRL,47
3773112,frh03,val,temporary meadows,PTR,34
3773154,frh03,val,permanent meadows,PPH,22
3773254,frh03,val,corn,MIE,47
3773270,frh03,val,corn,MIE,34
3773288,frh03,val,permanent meadows,PPH,34
3773305,frh03,val,temporary meadows,PTR,34
3773407,frh03,val,permanent meadows,PPH,34
3773432,frh03,val,temporary meadows,PTR,47
3773507,frh03,val,temporary meadows,RGA,35
3773536,frh03,val,wheat,BTH,50
3773605,frh03,val,rapeseed,CZH,35
3773672,frh03,val,corn,MIE,22
3773755,frh03,val,corn,MIE,22
3773948,frh03,val,wheat,BTH,34
3774024,frh03,val,permanent meadows,PPH,35
3774030,frh03,val,corn,MIE,35
3774157,frh03,val,permanent meadows,PPH,34
3774217,frh03,val,corn,MIE,47
3774251,frh03,val,corn,MIE,34
3774252,frh03,val,corn,MIE,34
3774290,frh03,val,temporary meadows,PTR,50
3774295,frh03,val,corn,MIE,50
3774391,frh03,val,temporary meadows,PTR,50
3774396,frh03,val,temporary meadows,PTR,47
3774420,frh03,val,temporary meadows,PTR,24
3774458,frh03,val,wheat,BTH,47
3774543,frh03,val,wheat,BTH,35
3774681,frh03,val,temporary meadows,PTR,47
3774693,frh03,val,temporary meadows,PTR,34
3774712,frh03,val,permanent meadows,PPH,50
3774720,frh03,val,temporary meadows,PTR,50
3774769,frh03,val,wheat,BTH,47
3774805,frh03,val,temporary meadows,PTR,26
3774819,frh03,val,corn,MIE,57
3774822,frh03,val,temporary meadows,PTR,50
3774897,frh03,val,temporary meadows,PTR,47
3774903,frh03,val,corn,MIE,47
3774915,frh03,val,corn,MIE,50
3775018,frh03,val,temporary meadows,PTR,50
3775061,frh03,val,wheat,BTH,50
3775121,frh03,val,permanent meadows,PPH,24
3775314,frh03,val,temporary meadows,PTR,24
3775435,frh03,val,wheat,BTH,35
3775436,frh03,val,rapeseed,CZH,35
3775466,frh03,val,permanent meadows,PPH,22
3775473,frh03,val,temporary meadows,PTR,22
3775514,frh03,val,corn,MIE,47
3775566,frh03,val,wheat,BTH,47
3775626,frh03,val,permanent meadows,PPH,35
3775628,frh03,val,permanent meadows,PPH,47
3775684,frh03,val,corn,MIE,50
3775745,frh03,val,permanent meadows,PRL,47
3775758,frh03,val,permanent meadows,PPH,47
3775791,frh03,val,corn,MIE,50
3775796,frh03,val,corn,MIE,35
3775875,frh03,val,corn,MIE,22
3775953,frh03,val,temporary meadows,PTR,22
3775958,frh03,val,temporary meadows,PTR,22
3775987,frh03,val,permanent meadows,PPH,35
3776038,frh03,val,temporary meadows,PTR,24
3776048,frh03,val,temporary meadows,PTR,24
3776073,frh03,val,temporary meadows,RGA,35
3776131,frh03,val,temporary meadows,RGA,34
3776166,frh03,val,temporary meadows,RGA,22
3776167,frh03,val,rapeseed,CZH,22
3776227,frh03,val,corn,MIE,47
3776234,frh03,val,permanent meadows,PRL,47
3776269,frh03,val,permanent meadows,PPH,22
3776356,frh03,val,wheat,BTH,50
3776357,frh03,val,corn,MIE,50
3776377,frh03,val,temporary meadows,PTR,22
3776378,frh03,val,temporary meadows,PTR,22
3776409,frh03,val,corn,MIE,34
3776462,frh03,val,wheat,BTH,34
3776541,frh03,val,rapeseed,CZH,22
3776664,frh03,val,permanent meadows,PPH,34
3776743,frh03,val,wheat,BTH,22
3776766,frh03,val,wheat,BTH,35
3776867,frh03,val,barley,ORP,47
3776872,frh03,val,permanent meadows,PRL,47
3776880,frh03,val,temporary meadows,PTR,35
3777020,frh03,val,temporary meadows,PTR,47
3777119,frh03,val,permanent meadows,PPH,47
3777149,frh03,val,permanent meadows,PPH,34
3777189,frh03,val,wheat,BTH,50
3777206,frh03,val,barley,ORH,35
3777213,frh03,val,corn,MIE,35
3777257,frh03,val,temporary meadows,RGA,47
3777359,frh03,val,rapeseed,CZH,34
3777368,frh03,val,temporary meadows,RGA,22
3777375,frh03,val,corn,MIE,22
3777391,frh03,val,corn,MIE,22
3777428,frh03,val,temporary meadows,RGA,22
3777572,frh03,val,wheat,BTH,22
3777592,frh03,val,corn,MIS,35
3777740,frh03,val,temporary meadows,PTR,34
3777766,frh03,val,temporary meadows,PTR,22
3777786,frh03,val,temporary meadows,PTR,34
3777821,frh03,val,temporary meadows,PTR,26
3777982,frh03,val,permanent meadows,PPH,22
3778099,frh03,val,corn,MIE,34
3778111,frh03,val,permanent meadows,PPH,34
3778132,frh03,val,temporary meadows,PTR,22
3778145,frh03,val,barley,ORH,22
3778177,frh03,val,temporary meadows,RGA,34
3778194,frh03,val,permanent meadows,PPH,34
3778245,frh03,val,permanent meadows,PPH,22
3778247,frh03,val,corn,MIE,22
3778248,frh03,val,wheat,BTH,22
3778327,frh03,val,wheat,BTH,22
3778431,frh03,val,wheat,BTH,22
3778451,frh03,val,permanent meadows,PPH,34
3778458,frh03,val,temporary meadows,PTR,22
3778510,frh03,val,permanent meadows,PPH,22
3778518,frh03,val,rapeseed,CZH,22
3778560,frh03,val,temporary meadows,PTR,22
3778655,frh03,val,temporary meadows,PTR,22
3778793,frh03,val,corn,MIE,34
3778857,frh03,val,corn,MIE,22
3778867,frh03,val,wheat,BTH,34
3779013,frh03,val,temporary meadows,PTR,34
3779153,frh03,val,corn,MIE,22
3779225,frh03,val,wheat,BTH,24
3779238,frh03,val,permanent meadows,PPH,35
3779241,frh03,val,wheat,BTH,35
3779315,frh03,val,corn,MIE,22
3779444,frh03,val,temporary meadows,RGA,57
3779497,frh03,val,temporary meadows,PTR,22
3779506,frh03,val,corn,MIE,22
3779535,frh03,val,wheat,BTH,22
3779602,frh03,val,permanent meadows,PPH,34
3779611,frh03,val,rapeseed,CZH,22
3779692,frh03,val,temporary meadows,PTR,47
3779814,frh03,val,temporary meadows,PTR,34
3779955,frh03,val,temporary meadows,PTR,34
3779973,frh03,val,corn,MIE,34
3780016,frh03,val,temporary meadows,PTR,34
3780131,frh03,val,temporary meadows,RGA,22
3780152,frh03,val,corn,MIE,50
3780171,frh03,val,corn,MIE,35
3780181,frh03,val,permanent meadows,PPH,47
3780192,frh03,val,temporary meadows,PTR,22
3780298,frh03,val,barley,ORH,57
3780308,frh03,val,permanent meadows,PPH,35
3780328,frh03,val,temporary meadows,PTR,35
3780365,frh03,val,wheat,BTH,22
3780403,frh03,val,permanent meadows,PRL,34
3780440,frh03,val,wheat,BTH,34
3780458,frh03,val,corn,MIE,22
3780499,frh03,val,wheat,BTH,34
3780511,frh03,val,permanent meadows,PRL,22
3780571,frh03,val,temporary meadows,PTR,34
3780615,frh03,val,permanent meadows,PPH,47
3780706,frh03,val,temporary meadows,PTR,34
3780717,frh03,val,corn,MIE,34
3780746,frh03,val,corn,MIE,22
3780755,frh03,val,corn,MIE,34
3780762,frh03,val,permanent meadows,PPH,34
3780799,frh03,val,permanent meadows,PRL,47
3780847,frh03,val,temporary meadows,RGA,22
3780888,frh03,val,permanent meadows,PPH,35
3780889,frh03,val,corn,MIS,35
3780971,frh03,val,corn,MIE,34
3781000,frh03,val,barley,ORH,34
3781039,frh03,val,permanent meadows,PPH,47
3781119,frh03,val,permanent meadows,PPH,34
3781147,frh03,val,wheat,BTH,34
3781213,frh03,val,temporary meadows,PTR,22
3781261,frh03,val,temporary meadows,RGA,35
3781284,frh03,val,corn,MIE,47
3781358,frh03,val,temporary meadows,PTR,35
3781434,frh03,val,permanent meadows,PPH,34
3781444,frh03,val,corn,MIE,34
3781456,frh03,val,corn,MIE,26
3781484,frh03,val,temporary meadows,PTR,22
3781494,frh03,val,corn,MIE,22
3781559,frh03,val,permanent meadows,PRL,26
3781609,frh03,val,permanent meadows,PPH,22
3781616,frh03,val,permanent meadows,PPH,22
3781708,frh03,val,temporary meadows,PTR,34
3781759,frh03,val,orchards,VRG,35
3781892,frh03,val,rapeseed,CZH,34
3782035,frh03,val,wheat,BTH,34
3782045,frh03,val,corn,MIE,34
3782048,frh03,val,temporary meadows,PTR,34
3782071,frh03,val,corn,MIE,47
3782083,frh03,val,wheat,BTH,34
3782152,frh03,val,permanent meadows,PPH,47
3782201,frh03,val,corn,MIE,34
3782292,frh03,val,permanent meadows,PRL,50
3782302,frh03,val,temporary meadows,RGA,34
3782398,frh03,val,temporary meadows,PTR,34
3782487,frh03,val,corn,MIE,50
3782524,frh03,val,corn,MIE,47
3782535,frh03,val,wheat,BTH,34
3782602,frh03,val,temporary meadows,PTR,34
3782676,frh03,val,permanent meadows,PPH,34
3782700,frh03,val,temporary meadows,PTR,22
3782728,frh03,val,wheat,BTH,22
3782757,frh03,val,permanent meadows,PPH,34
3782838,frh03,val,temporary meadows,RGA,22
3782875,frh03,val,corn,MIE,34
3782960,frh03,val,temporary meadows,PTR,34
3782968,frh03,val,corn,MIE,34
3783103,frh03,val,wheat,BTH,47
3783157,frh03,val,permanent meadows,PRL,47
3783160,frh03,val,permanent meadows,PRL,47
3783259,frh03,val,corn,MIE,47
3783379,frh03,val,temporary meadows,PTR,34
3783383,frh03,val,temporary meadows,PTR,34
3783455,frh03,val,orchards,VRG,50
3783468,frh03,val,temporary meadows,PTR,34
3783550,frh03,val,temporary meadows,PTR,34
3783576,frh03,val,corn,MIE,22
3783621,frh03,val,temporary meadows,RGA,22
3783628,frh03,val,permanent meadows,PPH,34
3783682,frh03,val,temporary meadows,PTR,34
3783694,frh03,val,temporary meadows,PTR,47
3783757,frh03,val,permanent meadows,PPH,24
3783841,frh03,val,corn,MIE,34
3783860,frh03,val,permanent meadows,PPH,34
3783898,frh03,val,corn,MIE,34
3784031,frh03,val,corn,MIE,35
3784055,frh03,val,temporary meadows,PTR,47
3784072,frh03,val,permanent meadows,PPH,26
3784092,frh03,val,temporary meadows,PTR,47
3784106,frh03,val,corn,MIE,34
3784150,frh03,val,permanent meadows,PPH,26
3784208,frh03,val,wheat,BTH,22
3784306,frh03,val,wheat,BTH,22
3784334,frh03,val,wheat,BTH,47
3784358,frh03,val,corn,MIE,26
3784386,frh03,val,temporary meadows,PTR,34
3784388,frh03,val,corn,MIE,34
3784412,frh03,val,temporary meadows,PTR,34
3784475,frh03,val,permanent meadows,PPH,34
3784483,frh03,val,wheat,BTH,34
3784565,frh03,val,temporary meadows,RGA,26
3784619,frh03,val,temporary meadows,RGA,34
3784733,frh03,val,temporary meadows,PTR,47
3784747,frh03,val,rapeseed,CZH,22
3784780,frh03,val,corn,MIE,22
3784842,frh03,val,wheat,BTH,22
3784911,frh03,val,wheat,BTH,35
3784934,frh03,val,permanent meadows,PPH,24
3785116,frh03,val,corn,MIE,47
3785138,frh03,val,permanent meadows,PPH,22
3785191,frh03,val,permanent meadows,PRL,34
3785287,frh03,val,temporary meadows,PTR,22
3785356,frh03,val,temporary meadows,PTR,34
3785418,frh03,val,temporary meadows,RGA,34
3785433,frh03,val,corn,MIE,35
3785435,frh03,val,temporary meadows,PTR,35
3785446,frh03,val,temporary meadows,PTR,22
3785476,frh03,val,wheat,BTH,22
3785487,frh03,val,corn,MIE,34
3785719,frh03,val,temporary meadows,PTR,22
3785743,frh03,val,temporary meadows,PTR,22
3785886,frh03,val,permanent meadows,PRL,42
3785905,frh03,val,corn,MIE,34
3785932,frh03,val,temporary meadows,PTR,22
3785935,frh03,val,corn,MIS,34
3785957,frh03,val,permanent meadows,PRL,34
3785961,frh03,val,permanent meadows,PRL,34
3786027,frh03,val,corn,MIE,22
3786030,frh03,val,permanent meadows,PPH,22
3786088,frh03,val,temporary meadows,PTR,34
3786218,frh03,val,corn,MIE,35
3786265,frh03,val,wheat,BTH,35
3786298,frh03,val,orchards,VRG,24
3786327,frh03,val,temporary meadows,PTR,35
3786341,frh03,val,corn,MIE,22
3786461,frh03,val,permanent meadows,PPH,27
3786505,frh03,val,permanent meadows,PRL,47
3786511,frh03,val,corn,MIE,47
3786553,frh03,val,wheat,BTH,22
3786562,frh03,val,corn,MIE,47
3786599,frh03,val,rapeseed,CZH,34
3786611,frh03,val,corn,MIE,47
3786637,frh03,val,wheat,BTH,35
3786744,frh03,val,temporary meadows,RGA,34
3786826,frh03,val,temporary meadows,RGA,47
3786838,frh03,val,wheat,BTH,47
3786866,frh03,val,temporary meadows,PTR,35
3786905,frh03,val,temporary meadows,RGA,35
3786938,frh03,val,corn,MIE,47
3786942,frh03,val,wheat,BTH,34
3787017,frh03,val,wheat,BTH,34
3787109,frh03,val,corn,MIE,34
3787351,frh03,val,permanent meadows,PPH,47
3787352,frh03,val,temporary meadows,PTR,47
3787413,frh03,val,temporary meadows,PTR,22
3787491,frh03,val,temporary meadows,PTR,34
3787567,frh03,val,temporary meadows,PTR,34
3787576,frh03,val,barley,ORH,34
3787642,frh03,val,permanent meadows,PRL,34
3787774,frh03,val,corn,MIE,27
3787802,frh03,val,corn,MIE,22
3787839,frh03,val,wheat,BTH,47
3787879,frh03,val,permanent meadows,PPH,35
3787885,frh03,val,corn,MIE,35
3787905,frh03,val,permanent meadows,PPH,34
3787952,frh03,val,permanent meadows,PRL,47
3788014,frh03,val,permanent meadows,PPH,34
3788019,frh03,val,permanent meadows,PPH,34
3788081,frh03,val,barley,ORH,22
3788098,frh03,val,temporary meadows,RGA,34
3788142,frh03,val,temporary meadows,PTR,34
3788157,frh03,val,wheat,BTH,22
3788199,frh03,val,temporary meadows,RGA,34
3788207,frh03,val,wheat,BTH,34
3788213,frh03,val,temporary meadows,RGA,34
3788290,frh03,val,corn,MIE,34
3788327,frh03,val,permanent meadows,PPH,22
3788330,frh03,val,temporary meadows,RGA,22
3788431,frh03,val,temporary meadows,RGA,22
3788531,frh03,val,temporary meadows,PTR,34
3788651,frh03,val,permanent meadows,PPH,22
3788748,frh03,val,temporary meadows,PTR,22
3788784,frh03,val,wheat,BTH,47
3788798,frh03,val,permanent meadows,PPH,22
3788806,frh03,val,wheat,BTH,22
3788862,frh03,val,permanent meadows,PRL,47
3788916,frh03,val,temporary meadows,PTR,22
3788971,frh03,val,corn,MIE,47
3788991,frh03,val,permanent meadows,PRL,34
3789002,frh03,val,corn,MIE,22
3789019,frh03,val,corn,MIE,22
3789074,frh03,val,permanent meadows,PRL,22
3789103,frh03,val,corn,MIE,35
3789111,frh03,val,corn,MIE,35
3789155,frh03,val,permanent meadows,PPH,35
3789167,frh03,val,temporary meadows,RGA,34
3789195,frh03,val,wheat,BTH,22
3789242,frh03,val,permanent meadows,PPH,34
3789302,frh03,val,corn,MIE,34
3789321,frh03,val,temporary meadows,RGA,34
3789346,frh03,val,wheat,BTH,22
3789370,frh03,val,wheat,BTH,35
3789459,frh03,val,temporary meadows,RGA,22
3789510,frh03,val,wheat,BTH,22
3789587,frh03,val,permanent meadows,PPH,34
3789638,frh03,val,temporary meadows,PTR,50
3789647,frh03,val,temporary meadows,PTR,34
3789652,frh03,val,corn,MIS,34
3789670,frh03,val,temporary meadows,PTR,34
3789684,frh03,val,permanent meadows,PPH,34
3789686,frh03,val,corn,MIS,34
3789791,frh03,val,wheat,BTH,22
3789862,frh03,val,wheat,BTH,34
3789871,frh03,val,permanent meadows,PPH,34
3789989,frh03,val,corn,MIE,34
3790053,frh03,val,wheat,BTH,47
3790071,frh03,val,temporary meadows,RGA,34
3790222,frh03,val,corn,MIS,22
3790261,frh03,val,corn,MIE,22
3790288,frh03,val,rapeseed,CZH,47
3790309,frh03,val,permanent meadows,PPH,47
3790355,frh03,val,permanent meadows,PPH,34
3790367,frh03,val,wheat,BTH,57
3790395,frh03,val,wheat,BTH,34
3790399,frh03,val,wheat,BTH,34
3790444,frh03,val,temporary meadows,RGA,35
3790460,frh03,val,corn,MIE,47
3790488,frh03,val,permanent meadows,PPH,34
3790508,frh03,val,permanent meadows,PPH,47
3790699,frh03,val,temporary meadows,PTR,34
3790763,frh03,val,corn,MIE,47
3790784,frh03,val,temporary meadows,PTR,34
3790840,frh03,val,temporary meadows,PTR,34
3790935,frh03,val,wheat,BTH,24
3790945,frh03,val,temporary meadows,PTR,24
3791000,frh03,val,permanent meadows,PPH,34
3791051,frh03,val,permanent meadows,PPH,24
3791118,frh03,val,corn,MIE,24
3791160,frh03,val,corn,MIE,47
3791201,frh03,val,temporary meadows,PTR,47
3791217,frh03,val,permanent meadows,PPH,24
3791223,frh03,val,corn,MIS,24
3791245,frh03,val,temporary meadows,PTR,47
3791250,frh03,val,corn,MIE,47
3791317,frh03,val,corn,MIE,23
3791374,frh03,val,wheat,BTH,47
3791392,frh03,val,wheat,BTH,47
3791426,frh03,val,corn,MIE,35
3791447,frh03,val,permanent meadows,PPH,35
3791512,frh03,val,temporary meadows,RGA,34
3791520,frh03,val,temporary meadows,PTR,34
3791530,frh03,val,temporary meadows,PTR,34
3791538,frh03,val,temporary meadows,PTR,35
3791632,frh03,val,temporary meadows,PTR,34
3791651,frh03,val,permanent meadows,PPH,35
3791696,frh03,val,temporary meadows,PTR,47
3791767,frh03,val,barley,ORH,35
3791935,frh03,val,rapeseed,CZH,22
3791958,frh03,val,temporary meadows,PTR,24
3792010,frh03,val,wheat,BTH,26
3792065,frh03,val,temporary meadows,PTR,34
3792076,frh03,val,permanent meadows,PRL,34
3792092,frh03,val,wheat,BTH,35
3792107,frh03,val,wheat,BTH,35
3792123,frh03,val,corn,MIE,34
3792156,frh03,val,temporary meadows,PTR,22
3792191,frh03,val,wheat,BTH,35
3792200,frh03,val,temporary meadows,PTR,35
3792287,frh03,val,corn,MIE,34
3792376,frh03,val,permanent meadows,PPH,34
3792384,frh03,val,temporary meadows,PTR,57
3792502,frh03,val,temporary meadows,PTR,34
3792552,frh03,val,corn,MIE,47
3792634,frh03,val,permanent meadows,PPH,47
3792641,frh03,val,wheat,BTH,34
3792679,frh03,val,corn,MIE,34
3792708,frh03,val,corn,MIE,47
3792747,frh03,val,permanent meadows,PPH,34
3792757,frh03,val,corn,MIE,34
3792781,frh03,val,corn,MIE,22
3792805,frh03,val,corn,MIE,47
3792929,frh03,val,temporary meadows,PTR,34
3792945,frh03,val,temporary meadows,RGA,34
3793163,frh03,val,corn,MIE,47
3793207,frh03,val,wheat,BTH,34
3793258,frh03,val,permanent meadows,PPH,35
3793275,frh03,val,barley,ORP,22
3793285,frh03,val,corn,MIE,34
3793380,frh03,val,corn,MIE,32
3793405,frh03,val,permanent meadows,PRL,47
3793482,frh03,val,temporary meadows,RGA,35
3793567,frh03,val,temporary meadows,RGA,35
3793607,frh03,val,temporary meadows,PTR,34
3793711,frh03,val,permanent meadows,PPH,34
3793815,frh03,val,corn,MIE,34
3793823,frh03,val,permanent meadows,PPH,34
3793930,frh03,val,corn,MIE,35
3793962,frh03,val,permanent meadows,PPH,35
3793970,frh03,val,permanent meadows,PPH,47
3794029,frh03,val,permanent meadows,PRL,35
3794080,frh03,val,temporary meadows,PTR,34
3794120,frh03,val,permanent meadows,PPH,35
3794228,frh03,val,temporary meadows,PTR,22
3794317,frh03,val,temporary meadows,PTR,22
3794320,frh03,val,corn,MIE,22
3794327,frh03,val,corn,MIE,22
3794335,frh03,val,temporary meadows,PTR,22
3794414,frh03,val,corn,MIE,22
3794427,frh03,val,barley,ORH,22
3794472,frh03,val,rapeseed,CZH,47
3794524,frh03,val,corn,MIE,34
3794581,frh03,val,temporary meadows,PTR,22
3794623,frh03,val,permanent meadows,PPH,34
3794643,frh03,val,permanent meadows,PPH,34
3794658,frh03,val,corn,MIE,22
3794687,frh03,val,corn,MIS,22
3794715,frh03,val,temporary meadows,PTR,34
3794885,frh03,val,temporary meadows,PTR,34
3795035,frh03,val,temporary meadows,RGA,35
3795083,frh03,val,temporary meadows,PTR,35
3795130,frh03,val,permanent meadows,PPH,35
3795147,frh03,val,temporary meadows,PTR,34
3795152,frh03,val,corn,MIE,34
3795224,frh03,val,temporary meadows,PTR,34
3795372,frh03,val,temporary meadows,RGA,34
3795388,frh03,val,temporary meadows,PTR,34
3795416,frh03,val,wheat,BTH,34
3795434,frh03,val,permanent meadows,PPH,34
3795551,frh03,val,corn,MIE,34
3795575,frh03,val,temporary meadows,PTR,50
3795579,frh03,val,wheat,BTH,47
3795645,frh03,val,temporary meadows,PTR,22
3795668,frh03,val,permanent meadows,PPH,34
3795741,frh03,val,corn,MIE,22
3795774,frh03,val,wheat,BTH,28
3795779,frh03,val,wheat,BTH,26
3795882,frh03,val,corn,MIE,34
3795904,frh03,val,corn,MIE,22
3795914,frh03,val,corn,MIE,22
3795935,frh03,val,temporary meadows,PTR,22
3795970,frh03,val,wheat,BTH,47
3796149,frh03,val,temporary meadows,RGA,47
3796290,frh03,val,corn,MIE,22
3796333,frh03,val,temporary meadows,PTR,22
3796402,frh03,val,temporary meadows,PTR,57
3796451,frh03,val,wheat,BTH,34
3796460,frh03,val,temporary meadows,PTR,34
3796528,frh03,val,corn,MIE,22
3796565,frh03,val,corn,MIE,34
3796621,frh03,val,temporary meadows,PTR,26
3796626,frh03,val,corn,MIE,26
3796631,frh03,val,corn,MIE,22
3796663,frh03,val,corn,MIE,22
3796678,frh03,val,corn,MIE,34
3796728,frh03,val,corn,MIE,50
3796751,frh03,val,permanent meadows,PPH,34
3796791,frh03,val,permanent meadows,PPH,22
3796840,frh03,val,corn,MIE,47
3796922,frh03,val,temporary meadows,PTR,34
3797039,frh03,val,permanent meadows,PRL,47
3797063,frh03,val,temporary meadows,PTR,34
3797077,frh03,val,temporary meadows,PTR,34
3797311,frh03,val,temporary meadows,PTR,22
3797335,frh03,val,wheat,BTH,47
3797347,frh03,val,wheat,BTH,34
3797355,frh03,val,temporary meadows,PTR,34
3797414,frh03,val,temporary meadows,PTR,34
3797432,frh03,val,permanent meadows,PPH,34
3797495,frh03,val,wheat,BTH,34
3797519,frh03,val,corn,MIS,22
3797558,frh03,val,temporary meadows,PTR,47
3797577,frh03,val,corn,MIE,34
3797590,frh03,val,corn,MIE,22
3797676,frh03,val,permanent meadows,PRL,34
3797802,frh03,val,permanent meadows,PPH,34
3797809,frh03,val,temporary meadows,PTR,22
3797813,frh03,val,barley,ORH,34
3797904,frh03,val,permanent meadows,PRL,34
3797912,frh03,val,temporary meadows,PTR,34
3797917,frh03,val,temporary meadows,PTR,34
3797922,frh03,val,temporary meadows,PTR,34
3798015,frh03,val,wheat,BTH,34
3798016,frh03,val,corn,MIS,34
3798018,frh03,val,wheat,BTH,34
3798040,frh03,val,temporary meadows,PTR,47
3798134,frh03,val,wheat,BTH,47
3798285,frh03,val,temporary meadows,PTR,34
3798303,frh03,val,corn,MIS,22
3798385,frh03,val,temporary meadows,PTR,34
3798493,frh03,val,corn,MIE,35
3798505,frh03,val,wheat,BTH,22
3798514,frh03,val,temporary meadows,PTR,22
3798556,frh03,val,corn,MIS,34
3798579,frh03,val,corn,MIS,22
3798584,frh03,val,permanent meadows,PRL,22
3798598,frh03,val,corn,MIE,47
3798637,frh03,val,permanent meadows,PPH,22
3798655,frh03,val,barley,ORH,22
3798669,frh03,val,permanent meadows,PRL,22
3798766,frh03,val,temporary meadows,PTR,34
3798771,frh03,val,temporary meadows,PTR,34
3798793,frh03,val,wheat,BTH,35
3798815,frh03,val,corn,MIE,34
3798830,frh03,val,temporary meadows,PTR,34
3798832,frh03,val,temporary meadows,PTR,34
3798890,frh03,val,orchards,VRG,22
3798932,frh03,val,barley,ORH,26
3798992,frh03,val,permanent meadows,PPH,35
3799031,frh03,val,corn,MIS,50
3799052,frh03,val,corn,MIE,47
3799088,frh03,val,temporary meadows,PTR,22
3799114,frh03,val,permanent meadows,PPH,34
3799140,frh03,val,permanent meadows,PPH,34
3799245,frh03,val,permanent meadows,PPH,34
3799268,frh03,val,permanent meadows,PRL,34
3799269,frh03,val,permanent meadows,PRL,34
3799270,frh03,val,permanent meadows,PRL,34
3799308,frh03,val,corn,MIE,34
3799323,frh03,val,corn,MIE,35
3799417,frh03,val,corn,MIE,33
3799421,frh03,val,temporary meadows,RGA,35
3799483,frh03,val,temporary meadows,PTR,22
3799486,frh03,val,corn,MIE,22
3799489,frh03,val,temporary meadows,PTR,22
3799562,frh03,val,corn,MIE,34
3799568,frh03,val,temporary meadows,PTR,34
3799790,frh03,val,temporary meadows,PTR,35
3799836,frh03,val,corn,MIE,34
3799932,frh03,val,permanent meadows,PPH,34
3799956,frh03,val,rapeseed,CZH,34
3799965,frh03,val,temporary meadows,PTR,34
3800026,frh03,val,wheat,BTH,47
3800053,frh03,val,temporary meadows,PTR,50
3800091,frh03,val,wheat,BTH,22
3800092,frh03,val,corn,MIS,22
3800106,frh03,val,corn,MIS,22
3800114,frh03,val,rapeseed,CZH,22
3800326,frh03,val,permanent meadows,PRL,22
3800336,frh03,val,temporary meadows,PTR,35
3800349,frh03,val,temporary meadows,PTR,50
3800392,frh03,val,wheat,BTH,35
3800430,frh03,val,temporary meadows,RGA,47
3800466,frh03,val,corn,MIE,22
3800525,frh03,val,temporary meadows,PTR,35
3800569,frh03,val,corn,MIS,35
3800610,frh03,val,permanent meadows,PPH,34
3800781,frh03,val,temporary meadows,PTR,34
3800784,frh03,val,temporary meadows,PTR,47
3800803,frh03,val,corn,MIE,50
3800866,frh03,val,temporary meadows,PTR,47
3800878,frh03,val,temporary meadows,PTR,35
3800968,frh03,val,temporary meadows,PTR,35
3801029,frh03,val,temporary meadows,RGA,50
3801114,frh03,val,corn,MIE,22
3801132,frh03,val,temporary meadows,RGA,34
3801223,frh03,val,corn,MIE,34
3801257,frh03,val,temporary meadows,RGA,22
3801379,frh03,val,temporary meadows,PTR,34
3801432,frh03,val,temporary meadows,PTR,27
3801464,frh03,val,permanent meadows,PPH,34
3801466,frh03,val,corn,MIE,34
3801473,frh03,val,corn,MIE,34
3801489,frh03,val,corn,MIE,22
3801524,frh03,val,corn,MIE,34
4669646,frh03,val,barley,ORH,35
4689847,frh03,val,corn,MIE,47
4697961,frh03,val,permanent meadows,PPH,47
4720166,frh03,val,permanent meadows,PPH,47
4735257,frh03,val,wheat,BTH,24
4742794,frh03,val,permanent meadows,PRL,50
4745494,frh03,val,wheat,BTH,34
4746466,frh03,val,temporary meadows,RGA,50
4748851,frh03,val,permanent meadows,PPH,47
4762008,frh03,val,wheat,BTH,47
4764322,frh03,val,permanent meadows,PRL,34
4766551,frh03,val,wheat,BTH,47
4767399,frh03,val,wheat,BTH,47
5430513,frh03,val,temporary meadows,PTR,34
5435449,frh03,val,temporary meadows,PTR,34
5436854,frh03,val,wheat,BTH,34
5436948,frh03,val,corn,MIE,34
5440070,frh03,val,temporary meadows,PTR,34
5449452,frh03,val,permanent meadows,PPH,34
5450137,frh03,val,corn,MIE,34
5481274,frh03,val,permanent meadows,PPH,34
5496576,frh03,val,temporary meadows,PTR,34
5499083,frh03,val,permanent meadows,PPH,34
5499090,frh03,val,permanent meadows,PPH,34
5503802,frh03,val,corn,MIE,34
5508337,frh03,val,permanent meadows,PPH,47
5508588,frh03,val,wheat,BTH,34
5510549,frh03,val,permanent meadows,PRL,34
5512073,frh03,val,permanent meadows,PRL,34
5513772,frh03,val,wheat,BTH,47
5519558,frh03,val,barley,ORH,47
5522789,frh03,val,corn,MIS,47
5522868,frh03,val,wheat,BTH,47
5525941,frh03,val,corn,MIE,34
5532120,frh03,val,wheat,BTH,34
5538748,frh03,val,corn,MIE,34
5545846,frh03,val,temporary meadows,PTR,34
5548464,frh03,val,wheat,BTH,47
5548658,frh03,val,corn,MIS,47
5549227,frh03,val,temporary meadows,PTR,34
5551097,frh03,val,temporary meadows,PTR,34
5553407,frh03,val,corn,MIE,34
5562072,frh03,val,permanent meadows,PPH,34
5566468,frh03,val,corn,MIE,47
5574939,frh03,val,corn,MIS,34
5574941,frh03,val,temporary meadows,PTR,34
5576573,frh03,val,corn,MIE,34
5577171,frh03,val,permanent meadows,PPH,34
5581631,frh03,val,corn,MIE,47
5755257,frh03,val,permanent meadows,PPH,34
5769650,frh03,val,temporary meadows,PTR,34
5769667,frh03,val,temporary meadows,PTR,34
5769767,frh03,val,wheat,BTH,34
5771941,frh03,val,corn,MIE,34
5774592,frh03,val,permanent meadows,PPH,34
5785024,frh03,val,corn,MIE,34
5792482,frh03,val,corn,MIE,34
5799572,frh03,val,temporary meadows,RGA,34
5804751,frh03,val,permanent meadows,PPH,34
5828557,frh03,val,corn,MIE,34
5833661,frh03,val,rapeseed,CZH,34
5838298,frh03,val,temporary meadows,PTR,34
5838374,frh03,val,temporary meadows,PTR,34
5838376,frh03,val,temporary meadows,PTR,34
5838385,frh03,val,temporary meadows,PTR,34
5838933,frh03,val,permanent meadows,PRL,34
5840280,frh03,val,temporary meadows,RGA,34
5845898,frh03,val,corn,MIE,34
5846206,frh03,val,permanent meadows,PPH,34
5850353,frh03,val,corn,MIE,34
5851822,frh03,val,corn,MIE,34
5852547,frh03,val,barley,ORH,34
5855547,frh03,val,corn,MIS,34
5875586,frh03,val,permanent meadows,PPH,34
5880496,frh03,val,corn,MIE,34
6028874,frh03,val,temporary meadows,PTR,24
6031279,frh03,val,corn,MIE,22
6042805,frh03,val,rapeseed,CZH,22
6055899,frh03,val,temporary meadows,PTR,24
6056077,frh03,val,temporary meadows,PTR,24
6086030,frh03,val,temporary meadows,RGA,22
6093064,frh03,val,permanent meadows,PPH,22
6093175,frh03,val,temporary meadows,RGA,22
6093234,frh03,val,permanent meadows,PPH,22
6093266,frh03,val,wheat,BTH,22
6093337,frh03,val,corn,MIE,22
6093350,frh03,val,temporary meadows,RGA,22
6099303,frh03,val,temporary meadows,RGA,22
6109303,frh03,val,wheat,BTH,24
6117953,frh03,val,corn,MIE,22
6119325,frh03,val,wheat,BTH,22
6124863,frh03,val,corn,MIE,22
6130472,frh03,val,corn,MIS,34
6150451,frh03,val,wheat,BTH,26
